timestamp,cpu_percent,memory_percent
0.00,0.0,3.2
0.26,0.0,3.2
0.51,0.0,3.2
0.77,0.0,3.2
1.03,0.0,3.2
1.29,0.0,3.2
1.55,0.0,3.2
1.81,0.0,3.2
2.07,0.0,3.2
2.33,0.0,3.2
2.59,0.0,3.2
2.85,0.0,3.2
3.12,0.0,3.2
3.41,0.0,3.2
3.67,0.0,3.2
3.93,0.0,3.2
4.20,0.0,3.2
4.46,6.7,3.2
4.72,0.0,3.2
4.98,6.7,3.2
5.24,0.0,3.2
5.50,0.0,3.2
5.75,0.0,3.2
6.01,0.0,3.2
6.27,0.0,3.2
6.57,0.0,3.2
6.83,0.0,3.2
7.08,0.0,3.2
7.35,0.0,3.2
7.61,6.7,3.2
7.87,0.0,3.2
8.12,0.0,3.2
8.39,6.2,3.2
8.65,6.7,3.2
8.91,0.0,3.2
9.18,6.7,3.2
9.44,0.0,3.2
9.70,0.0,3.2
9.97,0.0,3.2
10.24,0.0,3.2
10.50,6.7,3.2
10.76,0.0,3.2
11.03,0.0,3.2
11.30,0.0,3.2
11.58,0.0,3.2
11.84,6.7,3.2
12.10,6.2,3.2
12.36,6.7,3.2
12.62,6.7,3.2
12.88,0.0,3.2
13.14,0.0,3.2
13.40,0.0,3.2
13.66,6.7,3.2
13.94,0.0,3.2
14.20,6.7,3.2
14.46,0.0,3.2
14.72,6.7,3.2
14.98,0.0,3.2
15.27,6.7,3.2
15.52,6.7,3.2
15.78,0.0,3.2
16.04,0.0,3.2
16.30,6.7,3.2
16.56,0.0,3.2
16.82,13.3,3.2
17.08,0.0,3.2
17.34,0.0,3.2
17.71,0.0,3.2
17.98,0.0,3.2
18.25,0.0,3.2
18.54,0.0,3.2
18.80,6.7,3.2
19.06,0.0,3.2
19.32,6.7,3.2
19.58,0.0,3.2
19.84,6.7,3.2
20.10,6.7,3.2
20.36,0.0,3.2
20.62,0.0,3.2
20.88,6.7,3.2
21.14,0.0,3.2
21.40,0.0,3.2
21.66,0.0,3.2
21.92,0.0,3.2
22.18,0.0,3.2
22.44,6.7,3.2
22.70,6.7,3.2
22.96,0.0,3.2
23.22,0.0,3.2
23.47,0.0,3.2
23.73,0.0,3.2
23.99,0.0,3.2
24.25,0.0,3.2
24.51,0.0,3.2
24.79,0.0,3.2
25.06,0.0,3.2
25.32,0.0,3.2
25.58,0.0,3.2
25.83,0.0,3.2
26.11,0.0,3.2
26.36,0.0,3.2
26.62,6.7,3.2
26.88,0.0,3.2
27.14,0.0,3.2
27.41,6.7,3.2
27.67,0.0,3.2
27.93,6.2,3.2
28.19,0.0,3.2
28.45,0.0,3.2
28.70,0.0,3.2
28.96,20.0,3.2
29.22,6.2,3.2
29.48,0.0,3.2
29.74,6.2,3.2
30.00,13.3,3.2
30.25,0.0,3.2
30.51,0.0,3.2
30.77,6.7,3.2
31.03,6.7,3.2
31.29,0.0,3.2
31.54,6.7,3.2
31.81,6.7,3.2
32.08,0.0,3.2
32.35,0.0,3.2
32.61,0.0,3.2
32.92,0.0,3.2
33.18,0.0,3.2
33.43,0.0,3.2
33.71,0.0,3.2
33.97,13.3,3.2
34.23,0.0,3.2
34.49,6.7,3.2
34.75,0.0,3.2
35.01,0.0,3.2
35.27,6.7,3.2
35.53,0.0,3.2
35.79,0.0,3.2
36.05,6.7,3.2
36.31,6.2,3.2
36.57,6.7,3.2
36.82,0.0,3.2
37.08,0.0,3.2
37.34,6.7,3.2
37.60,0.0,3.2
37.86,6.2,3.2
38.12,0.0,3.2
38.38,0.0,3.2
38.63,0.0,3.2
38.89,0.0,3.2
39.15,0.0,3.2
39.41,0.0,3.2
39.67,0.0,3.2
39.93,0.0,3.2
40.18,0.0,3.2
40.46,0.0,3.2
40.73,6.7,3.2
40.99,0.0,3.2
41.25,0.0,3.2
41.51,0.0,3.2
41.77,0.0,3.2
42.03,6.7,3.2
42.29,0.0,3.2
42.55,0.0,3.2
42.82,0.0,3.2
43.08,0.0,3.2
43.35,0.0,3.2
43.61,0.0,3.2
43.87,6.7,3.2
44.13,0.0,3.2
44.39,0.0,3.2
44.65,0.0,3.2
44.91,0.0,3.2
45.17,0.0,3.2
45.42,0.0,3.2
45.68,0.0,3.2
45.95,0.0,3.2
46.24,0.0,3.2
46.50,0.0,3.2
46.77,0.0,3.2
47.03,0.0,3.2
47.29,6.7,3.2
47.55,0.0,3.2
47.81,0.0,3.2
48.07,0.0,3.2
48.34,0.0,3.2
48.61,0.0,3.2
48.89,0.0,3.2
49.15,0.0,3.2
49.41,0.0,3.2
49.69,0.0,3.2
49.96,0.0,3.2
50.21,0.0,3.2
50.47,0.0,3.2
50.74,0.0,3.2
51.00,0.0,3.2
51.27,0.0,3.2
51.54,0.0,3.2
51.80,0.0,3.2
52.06,0.0,3.2
52.32,0.0,3.2
52.62,0.0,3.2
52.88,0.0,3.2
53.14,0.0,3.2
53.40,0.0,3.2
53.66,0.0,3.2
53.92,6.7,3.2
54.18,0.0,3.2
54.44,0.0,3.2
54.70,0.0,3.2
54.96,0.0,3.2
55.22,0.0,3.2
55.50,0.0,3.2
55.76,0.0,3.2
56.02,0.0,3.2
56.28,0.0,3.2
56.54,0.0,3.2
56.80,0.0,3.2
57.06,0.0,3.2
57.32,0.0,3.2
57.59,0.0,3.2
57.85,6.7,3.2
58.10,0.0,3.2
58.37,0.0,3.2
58.63,0.0,3.2
58.90,0.0,3.2
59.15,0.0,3.2
59.41,0.0,3.2
59.68,6.2,3.2
59.95,0.0,3.2
60.21,0.0,3.2
60.47,0.0,3.2
60.72,0.0,3.2
60.99,6.7,3.2
61.24,0.0,3.2
61.52,0.0,3.2
61.77,0.0,3.2
62.05,0.0,3.2
62.31,0.0,3.2
62.57,0.0,3.2
62.83,6.7,3.2
63.09,0.0,3.2
63.35,0.0,3.2
63.61,0.0,3.2
63.87,0.0,3.2
64.13,6.7,3.2
64.39,0.0,3.2
64.65,0.0,3.2
64.91,0.0,3.2
65.17,0.0,3.2
65.43,0.0,3.2
65.69,0.0,3.2
65.95,0.0,3.2
66.22,6.7,3.2
66.48,0.0,3.2
66.74,0.0,3.2
67.00,0.0,3.2
67.26,0.0,3.2
67.52,0.0,3.2
67.78,0.0,3.2
68.04,6.2,3.2
68.30,0.0,3.2
68.57,0.0,3.2
68.82,0.0,3.2
69.08,6.7,3.2
69.34,0.0,3.2
69.60,0.0,3.2
69.86,0.0,3.2
70.12,0.0,3.2
70.38,0.0,3.2
70.65,0.0,3.2
70.92,6.7,3.2
71.17,0.0,3.2
71.44,0.0,3.2
71.70,0.0,3.2
71.95,0.0,3.2
72.21,0.0,3.2
72.47,0.0,3.2
72.73,0.0,3.2
72.99,0.0,3.2
73.25,0.0,3.2
73.51,0.0,3.2
73.76,0.0,3.2
74.02,0.0,3.2
74.28,6.7,3.2
74.54,0.0,3.2
74.80,0.0,3.2
75.06,0.0,3.2
75.32,0.0,3.2
75.57,0.0,3.2
75.83,6.7,3.2
76.09,0.0,3.2
76.35,0.0,3.2
76.61,0.0,3.2
76.87,6.7,3.2
77.13,0.0,3.2
77.39,0.0,3.2
77.65,0.0,3.2
77.90,0.0,3.2
78.16,0.0,3.2
78.42,0.0,3.2
