cenario,qos,modo,cliente_id,t_connect_ms,t_register_ms,t_publish_ms,t_puback_ms,t_pubrec_ms,t_relcomp_ms,t_disconnect_ms,t_total_ms,sucesso
mqttsn_puro,0,serial,1,0.0,0.44048900053894613,0.024376000510528684,,,,,3.011288999914541,1
mqttsn_puro,0,serial,2,0.0,0.5465499998535961,0.026920000891550444,,,,,1.642653000089922,1
mqttsn_puro,0,serial,3,0.0,0.5147479987499537,0.024155999199138023,,,,,1.3679650000995025,1
mqttsn_puro,0,serial,4,0.0,0.4306110004108632,0.021630001356243156,,,,,1.2475389994506259,1
mqttsn_puro,0,serial,5,0.0,0.44630000047618523,0.025387998903170228,,,,,1.3349830005608965,1
mqttsn_puro,0,serial,6,0.0,0.3694240003824234,0.040545999581809156,,,,,1.25432099957834,1
mqttsn_puro,0,serial,7,0.0,0.3805479991569882,0.025688999812700786,,,,,1.1647150004137075,1
mqttsn_puro,0,serial,8,0.0,0.4374529999040533,0.023254000552697107,,,,,1.2913600003230385,1
mqttsn_puro,0,serial,9,0.0,0.36249000004318077,0.02866400063794572,,,,,1.2889059998997254,1
mqttsn_puro,0,serial,10,0.0,0.501140999404015,0.021611000192933716,,,,,1.3667929997609463,1
mqttsn_puro,0,serial,11,0.0,0.5702739999833284,0.023083999622031115,,,,,1.3167270008125342,1
mqttsn_puro,0,serial,12,0.0,0.38786500044807326,0.03499599915812723,,,,,1.088017999791191,1
mqttsn_puro,0,serial,13,0.0,0.40793399966787547,0.039634000131627545,,,,,1.2566609984787647,1
mqttsn_puro,0,serial,14,0.0,0.4128069995203987,0.02485699951648712,,,,,1.118639998821891,1
mqttsn_puro,0,serial,15,0.0,0.40375999924435746,0.023244001567945816,,,,,1.171826001154841,1
mqttsn_puro,0,serial,16,0.0,0.2988539999932982,0.018844999431166798,,,,,1.0856840017368086,1
mqttsn_puro,0,serial,17,0.0,0.41159499960485846,0.02362400118727237,,,,,1.0021369998867158,1
mqttsn_puro,0,serial,18,0.0,0.45191100070951506,0.02431599932606332,,,,,1.2033450002491008,1
mqttsn_puro,0,serial,19,0.0,0.3721709999808809,0.02074899930448737,,,,,1.0728300003393088,1
mqttsn_puro,0,serial,20,0.0,0.42322700028307736,0.02244200004497543,,,,,1.3327400010894053,1
mqttsn_puro,0,serial,21,0.0,0.3686639993247809,0.023434999093296938,,,,,1.0314210012438707,1
mqttsn_puro,0,serial,22,0.0,0.3270759989391081,0.023163998775999062,,,,,1.0729200002970174,1
mqttsn_puro,0,serial,23,0.0,0.36504699892248027,0.023334001525654458,,,,,1.0484639988135314,1
mqttsn_puro,0,serial,24,0.0,0.3464919991529314,0.04379299934953451,,,,,1.100081000913633,1
mqttsn_puro,0,serial,25,0.0,0.468882000859594,0.02399500044703018,,,,,1.1920839988306398,1
mqttsn_puro,0,serial,26,0.0,0.38793000021541957,0.024345999918296002,,,,,1.1114619992440566,1
mqttsn_puro,0,serial,27,0.0,0.36325300061434973,0.023824999516364187,,,,,1.0527320009714458,1
mqttsn_puro,0,serial,28,0.0,0.40625000110594556,0.02459700044710189,,,,,1.1198989996046294,1
mqttsn_puro,0,serial,29,0.0,0.3940419992431998,0.02283300091221463,,,,,1.1512769997352734,1
mqttsn_puro,0,serial,30,0.0,0.396416000512545,0.02227200093329884,,,,,1.187345000289497,1
mqttsn_puro,0,serial,31,0.0,0.3816680000454653,0.02420599957986269,,,,,1.0757250001915963,1
mqttsn_puro,0,serial,32,0.0,0.43587999971350655,0.022652000552625395,,,,,1.1110310006188229,1
mqttsn_puro,0,serial,33,0.0,0.2850639993994264,0.022803000319981948,,,,,1.2031969999952707,1
mqttsn_puro,0,serial,34,0.0,0.3711440003826283,0.024617000235593878,,,,,1.1086100003012689,1
mqttsn_puro,0,serial,35,0.0,0.408388999858289,0.025207000362570398,,,,,1.1358430001564557,1
mqttsn_puro,0,serial,36,0.0,0.43532900053833146,0.024105998818413354,,,,,1.1686190009640995,1
mqttsn_puro,0,serial,37,0.0,0.2879719995689811,0.021900999854551628,,,,,1.059795000401209,1
mqttsn_puro,0,serial,38,0.0,0.3568819993233774,0.0232639995374484,,,,,1.0368719995312858,1
mqttsn_puro,0,serial,39,0.0,0.41814699943643063,0.024245999156846665,,,,,1.0918050011241576,1
mqttsn_puro,0,serial,40,0.0,0.40054000055533834,0.023254000552697107,,,,,1.1826710015157005,1
mqttsn_puro,0,serial,41,0.0,0.3687839998747222,0.02442599907226395,,,,,1.0734950010373723,1
mqttsn_puro,0,serial,42,0.0,0.2730430005613016,0.019297000108053908,,,,,1.040088000081596,1
mqttsn_puro,0,serial,43,0.0,0.4276249983377056,0.023193000743049197,,,,,1.1876749995280989,1
mqttsn_puro,0,serial,44,0.0,0.3674420004244894,0.02343400046811439,,,,,1.083458999346476,1
mqttsn_puro,0,serial,45,0.0,0.39782900057616644,0.024206001398852095,,,,,1.0918560001300648,1
mqttsn_puro,0,serial,46,0.0,0.29466500018315855,0.021400001060101204,,,,,1.260472001376911,1
mqttsn_puro,0,serial,47,0.0,0.3768699989450397,0.023905000489321537,,,,,1.0558670001046266,1
mqttsn_puro,0,serial,48,0.0,0.41124400013359264,0.023054000848787837,,,,,1.1770210003305692,1
mqttsn_puro,0,serial,49,0.0,0.5812689996673726,0.024035000024014153,,,,,1.318411999818636,1
mqttsn_puro,0,serial,50,0.0,0.4017769988422515,0.023053000404615887,,,,,1.246541000000434,1
mqttsn_puro,0,serial,51,0.0,0.3882510009134421,0.0200080012291437,,,,,1.1392349988454953,1
mqttsn_puro,0,serial,52,0.0,0.38223000046855304,0.022992999220150523,,,,,1.4405219990294427,1
mqttsn_puro,0,serial,53,0.0,0.44464699931268115,0.023824999516364187,,,,,1.5304819989978569,1
mqttsn_puro,0,serial,54,0.0,0.38515400046890136,0.01839499964262359,,,,,1.506716000221786,1
mqttsn_puro,0,serial,55,0.0,0.43326599916326813,0.022172000171849504,,,,,1.2686789996223524,1
mqttsn_puro,0,serial,56,0.0,0.3871690005325945,0.023823999072192237,,,,,1.0943500001303619,1
mqttsn_puro,0,serial,57,0.0,0.39228800051205326,0.023734999558655545,,,,,1.0586730004433775,1
mqttsn_puro,0,serial,58,0.0,0.44241800060262904,0.023984999643289484,,,,,1.0994849999406142,1
mqttsn_puro,0,serial,59,0.0,0.3690350004035281,0.023784999939380214,,,,,1.2492469995777356,1
mqttsn_puro,0,serial,60,0.0,0.3954339990741573,0.023173999579739757,,,,,1.1184760005562566,1
mqttsn_puro,0,serial,61,0.0,0.3914059998351149,0.024405999283771962,,,,,1.1575999997148756,1
mqttsn_puro,0,serial,62,0.0,0.39545500112581067,0.012504000551416539,,,,,1.1630299995886162,1
mqttsn_puro,0,serial,63,0.0,0.3229489993827883,0.02244200004497543,,,,,1.1608849999902304,1
mqttsn_puro,0,serial,64,0.0,0.41231599971069954,0.022873000489198603,,,,,1.0692680007196032,1
mqttsn_puro,0,serial,65,0.0,0.3844439997919835,0.023623999368282966,,,,,1.0727339995355578,1
mqttsn_puro,0,serial,66,0.0,0.36456599991652183,0.023775000954628922,,,,,1.1080050007876707,1
mqttsn_puro,0,serial,67,0.0,0.3424099995754659,0.02026799847953953,,,,,1.1088279989053262,1
mqttsn_puro,0,serial,68,0.0,0.3953039995394647,0.02397599928372074,,,,,1.0374619996582624,1
mqttsn_puro,0,serial,69,0.0,0.4191700008959742,0.023865000912337564,,,,,1.1334750015521422,1
mqttsn_puro,0,serial,70,0.0,0.3702060002979124,0.01997800063691102,,,,,1.2088929997844389,1
mqttsn_puro,0,serial,71,0.0,0.31081499946594704,0.0214810006582411,,,,,1.0335949991713278,1
mqttsn_puro,0,serial,72,0.0,0.27623099958873354,0.021641000785166398,,,,,0.9380060000694357,1
mqttsn_puro,0,serial,73,0.0,0.4299789998185588,0.023504999262513593,,,,,1.0578100009297486,1
mqttsn_puro,0,serial,74,0.0,0.356151000232785,0.022831998649053276,,,,,1.0254110002279049,1
mqttsn_puro,0,serial,75,0.0,0.37658899964299053,0.02043899985437747,,,,,1.0524609988351585,1
mqttsn_puro,0,serial,76,0.0,0.5176350005058339,0.024015000235522166,,,,,1.253420001376071,1
mqttsn_puro,0,serial,77,0.0,0.3666909997264156,0.020037001377204433,,,,,1.0678199996618787,1
mqttsn_puro,0,serial,78,0.0,0.43261400060146116,0.02374500036239624,,,,,1.1718559999280842,1
mqttsn_puro,0,serial,79,0.0,0.41051299922401085,0.02315399979124777,,,,,1.2102479995519388,1
mqttsn_puro,0,serial,80,0.0,0.382270000045537,0.022853000700706616,,,,,1.096885000151815,1
mqttsn_puro,0,serial,81,0.0,0.27894599952560384,0.02091899841616396,,,,,1.0370519994467031,1
mqttsn_puro,0,serial,82,0.0,0.3684430012071971,0.021410000044852495,,,,,0.9891009995044442,1
mqttsn_puro,0,serial,83,0.0,0.39859100070316344,0.02340399987588171,,,,,1.1201689994777553,1
mqttsn_puro,0,serial,84,0.0,0.4120049998164177,0.023975000658538193,,,,,1.2028340006509097,1
mqttsn_puro,0,serial,85,0.0,0.28208100047777407,0.023643999156774953,,,,,1.133413999923505,1
mqttsn_puro,0,serial,86,0.0,0.3633439991972409,0.03475499943306204,,,,,1.081435999367386,1
mqttsn_puro,0,serial,87,0.0,0.4096310003660619,0.021980999008519575,,,,,1.18795699927432,1
mqttsn_puro,0,serial,88,0.0,0.37051700019219425,0.022362000891007483,,,,,1.1050899993279018,1
mqttsn_puro,0,serial,89,0.0,0.41100300040852744,0.020819999917875975,,,,,1.145416001236299,1
mqttsn_puro,0,serial,90,0.0,0.35246399966126774,0.019766999685089104,,,,,1.1403169992263429,1
mqttsn_puro,0,serial,91,0.0,0.3960960002586944,0.02348400084883906,,,,,1.1621379999269266,1
mqttsn_puro,0,serial,92,0.0,0.4067350000696024,0.020539000615826808,,,,,1.1657339982775738,1
mqttsn_puro,0,serial,93,0.0,0.447741998868878,0.029274999178596772,,,,,1.1894890012627002,1
mqttsn_puro,0,serial,94,0.0,0.3057100002479274,0.021701000150642358,,,,,1.7122429999290034,1
mqttsn_puro,0,serial,95,0.0,0.3423199996177573,0.023593998776050285,,,,,0.9303360002377303,1
mqttsn_puro,0,serial,96,0.0,0.3496879999147495,0.01957600034074858,,,,,1.082929000403965,1
mqttsn_puro,0,serial,97,0.0,0.4621050011337502,0.021550000383285806,,,,,1.1816539990832098,1
mqttsn_puro,0,serial,98,0.0,0.31232299988914747,0.0194670010387199,,,,,1.1251019986957544,1
mqttsn_puro,0,serial,99,0.0,0.38294499972835183,0.02447600127197802,,,,,0.9912650002661394,1
mqttsn_puro,0,serial,100,0.0,0.37711999902967364,0.023394000891130418,,,,,1.2620249999599764,1
mqttsn_puro,1,serial,1,0.0,0.4121940000914037,0.27138099903822877,0.27138099903822877,,,,2.185133000239148,1
mqttsn_puro,1,serial,2,0.0,0.44938600149180274,0.40631499905430246,0.40631499905430246,,,,1.5679210009693634,1
mqttsn_puro,1,serial,3,0.0,0.4060340015712427,0.45789199975843076,0.45789199975843076,,,,1.5987000006134622,1
mqttsn_puro,1,serial,4,0.0,0.4610579999280162,0.3446489990892587,0.3446489990892587,,,,1.7111810011556372,1
mqttsn_puro,1,serial,5,0.0,0.3650880007626256,0.3937799992854707,0.3937799992854707,,,,1.3765910007350612,1
mqttsn_puro,1,serial,6,0.0,0.3829710003628861,0.3841840007225983,0.3841840007225983,,,,1.449829998819041,1
mqttsn_puro,1,serial,7,0.0,0.3651079987321282,0.36301799991633743,0.36301799991633743,,,,1.4255080004659249,1
mqttsn_puro,1,serial,8,0.0,0.39054499939084053,0.4536739998002304,0.4536739998002304,,,,1.5018430003692629,1
mqttsn_puro,1,serial,9,0.0,0.43431800077087246,0.42897700041066855,0.42897700041066855,,,,1.589822000823915,1
mqttsn_puro,1,serial,10,0.0,0.39378099972964264,0.4124160004721489,0.4124160004721489,,,,1.6144889996212441,1
mqttsn_puro,1,serial,11,0.0,0.3981589998147683,0.2744670000538463,0.2744670000538463,,,,1.4585049993911525,1
mqttsn_puro,1,serial,12,0.0,0.3962460014008684,0.40526300108467694,0.40526300108467694,,,,1.4585860008082818,1
mqttsn_puro,1,serial,13,0.0,0.40184700083045755,0.4339060014899587,0.4339060014899587,,,,1.5348389988503186,1
mqttsn_puro,1,serial,14,0.0,0.4394169991428498,0.4080380003870232,0.4080380003870232,,,,1.5778100005263695,1
mqttsn_puro,1,serial,15,0.0,0.3513510000630049,0.39201800063892733,0.39201800063892733,,,,1.4389490006578853,1
mqttsn_puro,1,serial,16,0.0,0.3912470001523616,0.4164239999226993,0.4164239999226993,,,,1.5253220008162316,1
mqttsn_puro,1,serial,17,0.0,0.3365639986441238,0.3764480006793747,0.3764480006793747,,,,1.4578930004063295,1
mqttsn_puro,1,serial,18,0.0,0.3423039997869637,0.45144900104787666,0.45144900104787666,,,,1.5479529993172036,1
mqttsn_puro,1,serial,19,0.0,0.3808569999819156,0.534597000296344,0.534597000296344,,,,1.6963529997156002,1
mqttsn_puro,1,serial,20,0.0,0.37548699947365094,0.42385699998703785,0.42385699998703785,,,,1.5203419989120448,1
mqttsn_puro,1,serial,21,0.0,0.3523979994497495,0.16951500037976075,0.16951500037976075,,,,1.2265300010767533,1
mqttsn_puro,1,serial,22,0.0,0.3743249999388354,0.4412560010678135,0.4412560010678135,,,,1.4790090008318657,1
mqttsn_puro,1,serial,23,0.0,0.3776909998123301,0.3733430003194371,0.3733430003194371,,,,1.4182240010995883,1
mqttsn_puro,1,serial,24,0.0,0.3671809990919428,0.41292799869552255,0.41292799869552255,,,,1.4765699997951742,1
mqttsn_puro,1,serial,25,0.0,0.36777199966309126,0.41938899994420353,0.41938899994420353,,,,1.4980699997977354,1
mqttsn_puro,1,serial,26,0.0,0.40927100053522736,0.46237999958975706,0.46237999958975706,,,,1.5508289998251712,1
mqttsn_puro,1,serial,27,0.0,0.390985998819815,0.46735999967495445,0.46735999967495445,,,,1.5598059999319958,1
mqttsn_puro,1,serial,28,0.0,0.3340240000397898,0.29734999952779617,0.29734999952779617,,,,1.3748780002060812,1
mqttsn_puro,1,serial,29,0.0,0.4094910000276286,0.42012099947896786,0.42012099947896786,,,,1.5067970016389154,1
mqttsn_puro,1,serial,30,0.0,0.42826600110856816,0.39740800093568396,0.39740800093568396,,,,1.5344780003943015,1
mqttsn_puro,1,serial,31,0.0,0.33339400033582933,0.27387500085751526,0.27387500085751526,,,,1.378926001052605,1
mqttsn_puro,1,serial,32,0.0,0.4042309992655646,0.45415399836201686,0.45415399836201686,,,,1.643113000682206,1
mqttsn_puro,1,serial,33,0.0,0.42749400017783046,0.37179999890213367,0.37179999890213367,,,,1.5010040006018244,1
mqttsn_puro,1,serial,34,0.0,0.39165199996205047,0.3924189986719284,0.3924189986719284,,,,1.4805169994360767,1
mqttsn_puro,1,serial,35,0.0,0.398800999391824,0.2736149999691406,0.2736149999691406,,,,1.6257900006166892,1
mqttsn_puro,1,serial,36,0.0,0.39011400076560676,0.4248389996064361,0.4248389996064361,,,,1.4742260009370511,1
mqttsn_puro,1,serial,37,0.0,0.3452300006756559,0.4140699984418461,0.4140699984418461,,,,1.4400509990082355,1
mqttsn_puro,1,serial,38,0.0,0.4528030003712047,0.40814800013322383,0.40814800013322383,,,,1.911108000058448,1
mqttsn_puro,1,serial,39,0.0,0.38476499867101666,0.43075000030512456,0.43075000030512456,,,,1.4379570002347464,1
mqttsn_puro,1,serial,40,0.0,0.41807199886534363,0.4581579996738583,0.4581579996738583,,,,1.6062539998529246,1
mqttsn_puro,1,serial,41,0.0,0.427664999733679,0.39999299951887224,0.39999299951887224,,,,1.6102999998111045,1
mqttsn_puro,1,serial,42,0.0,0.4179269999440294,0.456394000138971,0.456394000138971,,,,1.537628999358276,1
mqttsn_puro,1,serial,43,0.0,0.4133279999223305,0.37296700065780897,0.37296700065780897,,,,1.6464849995827535,1
mqttsn_puro,1,serial,44,0.0,0.2992839999933494,0.2603189986984944,0.2603189986984944,,,,1.4164760013954947,1
mqttsn_puro,1,serial,45,0.0,0.40974100011226255,0.4308809984649997,0.4308809984649997,,,,1.5108450006664498,1
mqttsn_puro,1,serial,46,0.0,0.36560800072038546,0.4170850006630644,0.4170850006630644,,,,1.495465001426055,1
mqttsn_puro,1,serial,47,0.0,0.2743559998634737,0.26490900017961394,0.26490900017961394,,,,1.2964100005774526,1
mqttsn_puro,1,serial,48,0.0,0.41812699964793865,0.4350889994384488,0.4350889994384488,,,,1.506846001575468,1
mqttsn_puro,1,serial,49,0.0,0.42258499888703227,0.412966999647324,0.412966999647324,,,,1.5298390007956186,1
mqttsn_puro,1,serial,50,0.0,0.4092899998795474,0.3819439989456441,0.3819439989456441,,,,1.4800809985899832,1
mqttsn_puro,1,serial,51,0.0,0.41123400114884134,0.42071800089615863,0.42071800089615863,,,,1.748882999891066,1
mqttsn_puro,1,serial,52,0.0,0.3851450001093326,0.4641740015358664,0.4641740015358664,,,,1.559680998980184,1
mqttsn_puro,1,serial,53,0.0,0.4843419992539566,0.4054080000059912,0.4054080000059912,,,,1.66251500013459,1
mqttsn_puro,1,serial,54,0.0,0.44187300045450684,0.43009900036850013,0.43009900036850013,,,,1.5739489990664879,1
mqttsn_puro,1,serial,55,0.0,0.4103619994566543,0.423186998887104,0.423186998887104,,,,1.5275059995474294,1
mqttsn_puro,1,serial,56,0.0,0.4014049991383217,0.4348189995653229,0.4348189995653229,,,,1.6850119991431711,1
mqttsn_puro,1,serial,57,0.0,0.3882709988829447,0.4091750015504658,0.4091750015504658,,,,1.6972489993349882,1
mqttsn_puro,1,serial,58,0.0,0.4155119986535283,0.41525199958414305,0.41525199958414305,,,,1.6127510007208912,1
mqttsn_puro,1,serial,59,0.0,0.3587850005715154,0.37638899993908126,0.37638899993908126,,,,1.398693000737694,1
mqttsn_puro,1,serial,60,0.0,0.4118060005566804,0.2641970004333416,0.2641970004333416,,,,1.3754699994024122,1
mqttsn_puro,1,serial,61,0.0,0.3964869993069442,0.3687940006784629,0.3687940006784629,,,,1.477400999647216,1
mqttsn_puro,1,serial,62,0.0,0.3826610009127762,0.4206909998174524,0.4206909998174524,,,,1.4920480007276637,1
mqttsn_puro,1,serial,63,0.0,0.3927790003217524,0.3986709998571314,0.3986709998571314,,,,1.5587950001645368,1
mqttsn_puro,1,serial,64,0.0,0.2836840012605535,0.2673230010259431,0.2673230010259431,,,,1.2964199995622039,1
mqttsn_puro,1,serial,65,0.0,0.4031789994769497,0.4321729993534973,0.4321729993534973,,,,1.4733830012119142,1
mqttsn_puro,1,serial,66,0.0,0.40198699934990145,0.41231600152968895,0.41231600152968895,,,,1.5333270002884092,1
mqttsn_puro,1,serial,67,0.0,0.3760879990295507,0.45955499990668613,0.45955499990668613,,,,1.4601689999835799,1
mqttsn_puro,1,serial,68,0.0,0.29312100014067255,0.2633359999890672,0.2633359999890672,,,,1.3274689990794286,1
mqttsn_puro,1,serial,69,0.0,0.3875090005749371,0.3523239993228344,0.3523239993228344,,,,1.5420630006701685,1
mqttsn_puro,1,serial,70,0.0,0.4000129993073642,0.4234770003677113,0.4234770003677113,,,,1.5368130007118452,1
mqttsn_puro,1,serial,71,0.0,0.31638499967812095,0.28956499954801984,0.28956499954801984,,,,1.4233800011425046,1
mqttsn_puro,1,serial,72,0.0,0.3884010002366267,0.43525999899429735,0.43525999899429735,,,,1.4805470000283094,1
mqttsn_puro,1,serial,73,0.0,0.39029999970807694,0.4220949995215051,0.4220949995215051,,,,1.5116949998628115,1
mqttsn_puro,1,serial,74,0.0,0.45126000077289063,0.4207720012345817,0.4207720012345817,,,,1.5649760007363511,1
mqttsn_puro,1,serial,75,0.0,0.39269900116778444,0.4054930013808189,0.4054930013808189,,,,1.5871770010562614,1
mqttsn_puro,1,serial,76,0.0,0.4252399994584266,0.4343169985077111,0.4343169985077111,,,,1.5905130003375234,1
mqttsn_puro,1,serial,77,0.0,0.41542199869581964,0.4515900000114925,0.4515900000114925,,,,1.633235000554123,1
mqttsn_puro,1,serial,78,0.0,0.5040989999542944,0.3470529991318472,0.3470529991318472,,,,1.5915359999780776,1
mqttsn_puro,1,serial,79,0.0,0.43750300028477795,0.41835700176307,0.41835700176307,,,,1.5518019990850007,1
mqttsn_puro,1,serial,80,0.0,0.40718599848332815,0.43300499964971095,0.43300499964971095,,,,1.5312830000766553,1
mqttsn_puro,1,serial,81,0.0,0.3629429993452504,0.44939599865756463,0.44939599865756463,,,,1.559735999762779,1
mqttsn_puro,1,serial,82,0.0,0.35739200029638596,0.42632300028344616,0.42632300028344616,,,,1.5690839991293615,1
mqttsn_puro,1,serial,83,0.0,0.4075069991813507,0.43596099931164645,0.43596099931164645,,,,1.6452859999844804,1
mqttsn_puro,1,serial,84,0.0,0.3896139987773495,0.44691199946100824,0.44691199946100824,,,,1.5347280004789354,1
mqttsn_puro,1,serial,85,0.0,0.39235899930645246,0.3439920001255814,0.3439920001255814,,,,1.4506759998766938,1
mqttsn_puro,1,serial,86,0.0,0.4210320003039669,0.4395180003484711,0.4395180003484711,,,,1.5712840013293317,1
mqttsn_puro,1,serial,87,0.0,0.37428400173666887,0.44206199891050346,0.44206199891050346,,,,1.5674210008000955,1
mqttsn_puro,1,serial,88,0.0,0.3484959997877013,0.43836599979840685,0.43836599979840685,,,,1.5061459998833016,1
mqttsn_puro,1,serial,89,0.0,0.42283599941583816,0.2765499993984122,0.2765499993984122,,,,1.5252610010065837,1
mqttsn_puro,1,serial,90,0.0,0.4168539999227505,0.43339600051695015,0.43339600051695015,,,,1.5874379987508291,1
mqttsn_puro,1,serial,91,0.0,0.3769190007005818,0.3998829997726716,0.3998829997726716,,,,1.5478119985345984,1
mqttsn_puro,1,serial,92,0.0,0.18671100042411126,0.13335100084077567,0.13335100084077567,,,,1.2450630001694662,1
mqttsn_puro,1,serial,93,0.0,0.41011199937202036,0.39618600021640304,0.39618600021640304,,,,1.4540379997924902,1
mqttsn_puro,1,serial,94,0.0,0.38318199949571863,0.42007000047306065,0.42007000047306065,,,,1.456431999031338,1
mqttsn_puro,1,serial,95,0.0,0.4126469993934734,0.4552770005830098,0.4552770005830098,,,,1.5781300007802201,1
mqttsn_puro,1,serial,96,0.0,0.30509499993058853,0.25124300009338185,0.25124300009338185,,,,1.3071610010229051,1
mqttsn_puro,1,serial,97,0.0,0.5330130006768741,0.4113140003028093,0.4113140003028093,,,,1.6240469994954765,1
mqttsn_puro,1,serial,98,0.0,0.40689599882171024,0.39124599970818963,0.39124599970818963,,,,1.4806270010012668,1
mqttsn_puro,1,serial,99,0.0,0.40665499909664504,0.41438100015511736,0.41438100015511736,,,,1.5053229999466566,1
mqttsn_puro,1,serial,100,0.0,0.34642200080270413,0.38093700095487293,0.38093700095487293,,,,1.5003139997133985,1
mqttsn_puro,2,serial,1,0.0,0.37033700027677696,0.6071919997339137,,0.3448690004006494,0.2623229993332643,,2.5110259994107764,1
mqttsn_puro,2,serial,2,0.0,0.400593999074772,0.9821789990382968,,0.5284849994495744,0.45369399958872236,,2.1102629998495104,1
mqttsn_puro,2,serial,3,0.0,0.6755010017513996,0.8573790000809822,,0.7167889998527244,0.14059000022825785,,2.2529550005856436,1
mqttsn_puro,2,serial,4,0.0,0.3695759987749625,0.7886740004323656,,0.44186100058141164,0.34681299985095393,,1.8246590007038321,1
mqttsn_puro,2,serial,5,0.0,0.3882000000885455,0.8489080009894678,,0.44749200060323346,0.4014160003862344,,1.9613820004451554,1
mqttsn_puro,2,serial,6,0.0,0.270950000412995,0.5391260001488263,,0.2676349995454075,0.2714910006034188,,1.764782000464038,1
mqttsn_puro,2,serial,7,0.0,0.37548699947365094,0.83778699990944,,0.4476220001379261,0.390164999771514,,1.8564849997346755,1
mqttsn_puro,2,serial,8,0.0,0.3866680017381441,0.9403200001543155,,0.485814998683054,0.4545050014712615,,2.0232280003256164,1
mqttsn_puro,2,serial,9,0.0,0.39871100125310477,0.7881530000304338,,0.41651399988040794,0.3716390001500258,,1.891108999188873,1
mqttsn_puro,2,serial,10,0.0,0.35886500154447276,0.8595380004408071,,0.44428600085666403,0.41525199958414305,,1.9156950002070516,1
mqttsn_puro,2,serial,11,0.0,0.35421700158622116,0.694057000146131,,0.49226699957216624,0.2017900005739648,,1.8696089991863118,1
mqttsn_puro,2,serial,12,0.0,0.43226300113019533,0.8265460000984604,,0.42179399861197453,0.4047520014864858,,1.9602200009103399,1
mqttsn_puro,2,serial,13,0.0,0.38339099955919664,0.8338900006492622,,0.42011100049421657,0.41377900015504565,,1.9192029994883342,1
mqttsn_puro,2,serial,14,0.0,0.3302019995317096,0.8252729985542828,,0.4359399990789825,0.3893329994753003,,1.9659310000861296,1
mqttsn_puro,2,serial,15,0.0,0.3953140003432054,0.7717720000073314,,0.4290169999876525,0.34275500001967885,,1.9638260000647279,1
mqttsn_puro,2,serial,16,0.0,0.33626299955358263,0.8437070009676972,,0.43805400127894245,0.4056529996887548,,1.8264469999849098,1
mqttsn_puro,2,serial,17,0.0,0.35751299947150983,0.823680999019416,,0.4261819995008409,0.39749899951857515,,2.007360000789049,1
mqttsn_puro,2,serial,18,0.0,0.3840729987132363,0.7781749991409015,,0.4149709984631045,0.363204000677797,,1.8847480005206307,1
mqttsn_puro,2,serial,19,0.0,0.561139999263105,0.3161810000165133,,0.21662399922206532,0.09955700079444796,,1.6255089994956506,1
mqttsn_puro,2,serial,20,0.0,0.34746400160656776,0.852754999868921,,0.45626900100614876,0.39648599886277225,,1.810157000363688,1
mqttsn_puro,2,serial,21,0.0,0.4812059996766038,0.8909570005926071,,0.43914600064454135,0.45181099994806573,,2.078853000057279,1
mqttsn_puro,2,serial,22,0.0,0.3761280004255241,0.78208199920482,,0.43481799912115093,0.3472640000836691,,1.8664519993762951,1
mqttsn_puro,2,serial,23,0.0,0.3995930001110537,0.8738249998714309,,0.43383600132074207,0.43998899855068885,,1.964338000107091,1
mqttsn_puro,2,serial,24,0.0,0.383892998797819,0.7609969998156885,,0.40127600004780106,0.3597209997678874,,1.8492859999241773,1
mqttsn_puro,2,serial,25,0.0,0.48333999984606635,0.755160999688087,,0.4099509988009231,0.3452100008871639,,1.8839310014300281,1
mqttsn_puro,2,serial,26,0.0,0.390965999031323,0.7701300000917399,,0.4209420003462583,0.34918799974548165,,1.8358460001763888,1
mqttsn_puro,2,serial,27,0.0,0.29736999931628816,0.5046309997851495,,0.27329499971529003,0.23133600006985944,,1.5937399984977674,1
mqttsn_puro,2,serial,28,0.0,0.37506599983316846,0.8237549991463311,,0.4388859997561667,0.3848689993901644,,1.8488639998395229,1
mqttsn_puro,2,serial,29,0.0,0.4038110000692541,0.9047129988175584,,0.47884199921099935,0.42587099960655905,,2.1097959997860016,1
mqttsn_puro,2,serial,30,0.0,0.25724400074977893,0.5370510007196572,,0.2798570003506029,0.25719400036905427,,1.4982510001573246,1
mqttsn_puro,2,serial,31,0.0,0.3907160007656785,0.8651580010337057,,0.43608099986158777,0.4290770011721179,,1.9054069998674095,1
mqttsn_puro,2,serial,32,0.0,0.3979190005338751,0.6488609997177264,,0.46384300003410317,0.1850179996836232,,1.8841559995053103,1
mqttsn_puro,2,serial,33,0.0,0.38887199843884446,0.8742859990888974,,0.444195999079966,0.4300900000089314,,1.945841999258846,1
mqttsn_puro,2,serial,34,0.0,0.36915499913448,0.8218659986596322,,0.42332599878136534,0.3985399998782668,,1.9336390014359495,1
mqttsn_puro,2,serial,35,0.0,0.3630440005508717,0.6367369987856364,,0.4655349985114299,0.1712020002742065,,1.7150070016214158,1
mqttsn_puro,2,serial,36,0.0,0.38434300040535163,0.7477030012523755,,0.3942970015486935,0.35340599970368203,,1.8341929990128847,1
mqttsn_puro,2,serial,37,0.0,0.3725810001924401,0.9225269986927742,,0.43062599979748484,0.4919009988952894,,2.0725519989355234,1
mqttsn_puro,2,serial,38,0.0,0.4609179995895829,0.5487729995365953,,0.3758570001082262,0.1729159994283691,,1.7441129984945292,1
mqttsn_puro,2,serial,39,0.0,0.3778509999392554,0.8030019998841453,,0.4116550007893238,0.3913469990948215,,1.818261000153143,1
mqttsn_puro,2,serial,40,0.0,0.3421339988562977,0.86920600006124,,0.46938800005591474,0.3998180000053253,,1.9714400004886556,1
mqttsn_puro,2,serial,41,0.0,0.41251699985878076,0.8277229990198975,,0.4171349992247997,0.41058799979509786,,2.117992000421509,1
mqttsn_puro,2,serial,42,0.0,0.42307700095989276,0.8257240006059874,,0.44073900062358007,0.3849849999824073,,2.0312979995651403,1
mqttsn_puro,2,serial,43,0.0,0.38732400025764946,0.8352370005013654,,0.4179420011496404,0.417294999351725,,1.9141230004606768,1
mqttsn_puro,2,serial,44,0.0,0.471989000288886,0.7478070001525339,,0.42325699905632064,0.32455000109621324,,2.1155619997443864,1
mqttsn_puro,2,serial,45,0.0,0.3705469989654375,0.7668729995202739,,0.4120760004298063,0.3547969990904676,,1.996748000237858,1
mqttsn_puro,2,serial,46,0.0,0.35710799966182094,0.51730400082306,,0.2863289992092177,0.23097500161384232,,1.534728999104118,1
mqttsn_puro,2,serial,47,0.0,0.3700969991768943,0.8183709996956168,,0.4025429989269469,0.4158280007686699,,1.8332799991185311,1
mqttsn_puro,2,serial,48,0.0,0.38359199970727786,0.854583000545972,,0.577782000618754,0.27680099992721807,,2.0311629996285774,1
mqttsn_puro,2,serial,49,0.0,0.38179900002432987,0.7831740003894083,,0.3956040000048233,0.387570000384585,,1.814314999137423,1
mqttsn_puro,2,serial,50,0.0,0.3895740010193549,0.8014679988264106,,0.3897139995387988,0.4117539992876118,,1.92159599828301,1
mqttsn_puro,2,serial,51,0.0,0.3931700011889916,0.7774429996061372,,0.4098509998584632,0.367591999747674,,1.9125990002066828,1
mqttsn_puro,2,serial,52,0.0,0.3932999989046948,0.9785109996300889,,0.4371819995867554,0.5413290000433335,,2.0374849991640076,1
mqttsn_puro,2,serial,53,0.0,0.39235900112544186,0.7584880004287697,,0.412907000281848,0.3455810001469217,,1.9237620017520385,1
mqttsn_puro,2,serial,54,0.0,0.4160030002822168,0.7000980003795121,,0.48841100033314433,0.21168700004636776,,1.774199999999837,1
mqttsn_puro,2,serial,55,0.0,0.4045409987156745,0.8626639992144192,,0.42716399912023917,0.43550000009418,,1.9309250001242617,1
mqttsn_puro,2,serial,56,0.0,0.42094299897144083,1.0078579998662462,,0.397447000068496,0.6104109997977503,,2.2308500010694843,1
mqttsn_puro,2,serial,57,0.0,0.3650269991339883,0.8005870004126336,,0.4230270005791681,0.37755999983346555,,1.9264439997641603,1
mqttsn_puro,2,serial,58,0.0,0.35275399932288565,0.7826680011930875,,0.4127690008317586,0.36989900036132894,,1.8632219998835353,1
mqttsn_puro,2,serial,59,0.0,0.4095519998372765,0.7118039993656566,,0.38045499968575314,0.3313489996799035,,1.863978999608662,1
mqttsn_puro,2,serial,60,0.0,0.37328300095396116,0.8250579994637519,,0.40263300070364494,0.422424998760107,,1.8896370002039475,1
mqttsn_puro,2,serial,61,0.0,0.4722890007542446,0.8291699996334501,,0.4446359998837579,0.38453399974969216,,2.1324179997463943,1
mqttsn_puro,2,serial,62,0.0,0.3758969996852102,0.8598180011176737,,0.38849100019433536,0.47132700092333835,,2.0985800001653843,1
mqttsn_puro,2,serial,63,0.0,0.42542100163700525,0.8042729987209896,,0.4228549987601582,0.38141799996083137,,1.9292609995318344,1
mqttsn_puro,2,serial,64,0.0,0.3866679999191547,0.8914629997889278,,0.39127699892560486,0.500186000863323,,1.96042499919713,1
mqttsn_puro,2,serial,65,0.0,0.3786870001931675,0.7975770004122751,,0.4319479994592257,0.3656290009530494,,1.8163000004278729,1
mqttsn_puro,2,serial,66,0.0,0.3826200008916203,0.7487639995815698,,0.4107080003450392,0.3380559992365306,,1.7756979996192968,1
mqttsn_puro,2,serial,67,0.0,0.28848300098616164,0.534902001163573,,0.2898250004363945,0.24507700072717853,,1.7116469989559846,1
mqttsn_puro,2,serial,68,0.0,0.40848900061973836,0.8866239986673463,,0.4326389989728341,0.4539849996945122,,1.954438999746344,1
mqttsn_puro,2,serial,69,0.0,0.38640800084976945,0.782974000685499,,0.4357409998192452,0.34723300086625386,,1.9808939996437402,1
mqttsn_puro,2,serial,70,0.0,0.3727869989234023,0.5072050007584039,,0.2693370006454643,0.23786800011293963,,1.6257909992418718,1
mqttsn_puro,2,serial,71,0.0,0.5060120001871837,0.810946999990847,,0.44205199992575217,0.3688950000650948,,1.928374000272015,1
mqttsn_puro,2,serial,72,0.0,0.35412599936535116,0.8653439999761758,,0.45492199933505617,0.41042200064111967,,1.9535470000846544,1
mqttsn_puro,2,serial,73,0.0,0.34254599995620083,0.5302379995555384,,0.29631799952767324,0.23392000002786517,,1.5717429996584542,1
mqttsn_puro,2,serial,74,0.0,0.3552880007191561,0.8100649993139086,,0.42194399975414854,0.3881209995597601,,1.8473269992682617,1
mqttsn_puro,2,serial,75,0.0,0.34853600118367467,0.7779689985909499,,0.41472100019745994,0.36324799839349,,1.8891199997597141,1
mqttsn_puro,2,serial,76,0.0,0.38072699862823356,0.8413489995291457,,0.43225899935350753,0.4090900001756381,,1.8979630003741477,1
mqttsn_puro,2,serial,77,0.0,0.38576599945372436,0.8851759994286112,,0.4318880000937497,0.4532879993348615,,1.94786700012628,1
mqttsn_puro,2,serial,78,0.0,0.38200900053197984,0.7626759997947374,,0.5436030005512293,0.2190729992435081,,1.8569299991213484,1
mqttsn_puro,2,serial,79,0.0,0.3989200013165828,0.8550090005883249,,0.43054100024164654,0.4244680003466783,,1.8916999997600215,1
mqttsn_puro,2,serial,80,0.0,0.38184900040505454,0.8129199995892122,,0.4424129983817693,0.37050700120744295,,1.8824630005838117,1
mqttsn_puro,2,serial,81,0.0,0.3645760007202625,0.5557209988182876,,0.30092599990894087,0.25479499890934676,,1.6969989992503542,1
mqttsn_puro,2,serial,82,0.0,0.4496770015975926,0.8856170006765751,,0.4853630016441457,0.4002539990324294,,2.0719449985335814,1
mqttsn_puro,2,serial,83,0.0,0.42554100036795717,0.6358970003930153,,0.4421129997354001,0.19378400065761525,,1.7437729984521866,1
mqttsn_puro,2,serial,84,0.0,0.36383500082592946,0.777904000642593,,0.41013200097950175,0.36777199966309126,,1.8321989991818555,1
mqttsn_puro,2,serial,85,0.0,0.3934110009140568,0.762215000577271,,0.40413100032310467,0.3580840002541663,,1.7933649996848544,1
mqttsn_puro,2,serial,86,0.0,0.39997899875743315,0.6515560016850941,,0.46589100020355545,0.18566500148153864,,1.7604839995328803,1
mqttsn_puro,2,serial,87,0.0,0.37069700010761153,0.7803490007063374,,0.3815590007434366,0.39878999996290077,,1.855110998803866,1
mqttsn_puro,2,serial,88,0.0,0.4185779998806538,0.7872930000303313,,0.40655599877936766,0.38073700125096366,,1.9134220001433278,1
mqttsn_puro,2,serial,89,0.0,0.295030999041046,0.48615000014251564,,0.26842000079341233,0.2177299993491033,,1.4751970011275262,1
mqttsn_puro,2,serial,90,0.0,0.3204929998901207,0.8339899995917222,,0.39294000089284964,0.4410499986988725,,1.8870969997806242,1
mqttsn_puro,2,serial,91,0.0,0.3953439991164487,0.9626819992263336,,0.40254799932881724,0.5601339998975163,,2.033942999332794,1
mqttsn_puro,2,serial,92,0.0,0.3563560003385646,0.8666760004416574,,0.45095400128047913,0.41572199916117825,,1.910304999910295,1
mqttsn_puro,2,serial,93,0.0,0.34940700061270036,0.741169998946134,,0.39366599958157167,0.34750399936456233,,1.8255869999848073,1
mqttsn_puro,2,serial,94,0.0,0.40882900066208094,0.9760119992279215,,0.5139679997228086,0.4620439995051129,,2.0963610004400834,1
mqttsn_puro,2,serial,95,0.0,0.38484400101879146,0.8523999986209674,,0.44270400030654855,0.40969599831441883,,1.8893059987021843,1
mqttsn_puro,2,serial,96,0.0,0.4306560003897175,0.8598439999332186,,0.4443420002644416,0.415501999668777,,2.045884999461123,1
mqttsn_puro,2,serial,97,0.0,0.3747850005311193,0.856261000080849,,0.42031100019812584,0.4359499998827232,,1.9299119994684588,1
mqttsn_puro,2,serial,98,0.0,0.40512700070394203,0.773290999859455,,0.39653099884162657,0.37676000101782847,,1.998120998905506,1
mqttsn_puro,2,serial,99,0.0,0.395503999243374,0.829230999443098,,0.3937919991585659,0.4354390002845321,,1.9020100007764995,1
mqttsn_puro,2,serial,100,0.0,0.4025779999210499,0.8361639993381687,,0.4601660002663266,0.37599799907184206,,1.9797169989033137,1
mqttsn_puro,3,serial,1,,,11.26695099992503,,,,,11.267210998994415,1
mqttsn_puro,3,serial,2,,,10.483019999810494,,,,,10.483320000275853,1
mqttsn_puro,3,serial,3,,,10.607489000904025,,,,,10.607750000417582,1
mqttsn_puro,3,serial,4,,,10.124585000085062,,,,,10.124845000973437,1
mqttsn_puro,3,serial,5,,,10.121124001670978,,,,,10.121375000380795,1
mqttsn_puro,3,serial,6,,,10.121219000211568,,,,,10.121469000296202,1
mqttsn_puro,3,serial,7,,,11.640511000223341,,,,,11.640811999313883,1
mqttsn_puro,3,serial,8,,,10.637491001034505,,,,,10.637792000125046,1
mqttsn_puro,3,serial,9,,,10.606281999571365,,,,,10.606533000100171,1
mqttsn_puro,3,serial,10,,,10.621469999023248,,,,,10.621739998896373,1
mqttsn_puro,3,serial,11,,,10.617003001243575,,,,,10.617284000545624,1
mqttsn_puro,3,serial,12,,,11.624238000877085,,,,,11.624508000750211,1
mqttsn_puro,3,serial,13,,,10.121228999196319,,,,,10.121489000084694,1
mqttsn_puro,3,serial,14,,,10.113735999766504,,,,,10.114007000083802,1
mqttsn_puro,3,serial,15,,,10.117702000570716,,,,,10.117972999069025,1
mqttsn_puro,3,serial,16,,,10.622062000038568,,,,,10.622331999911694,1
mqttsn_puro,3,serial,17,,,12.145187998612528,,,,,12.145448999945074,1
mqttsn_puro,3,serial,18,,,11.64320600037172,,,,,11.643457000900526,1
mqttsn_puro,3,serial,19,,,11.631061001025955,,,,,11.631281000518356,1
mqttsn_puro,3,serial,20,,,10.124024000106147,,,,,10.124264999831212,1
mqttsn_puro,3,serial,21,,,10.128814999916358,,,,,10.129065000000992,1
mqttsn_puro,3,serial,22,,,10.11523699889949,,,,,10.115487999428296,1
mqttsn_puro,3,serial,23,,,10.121183999217465,,,,,10.121403998709866,1
mqttsn_puro,3,serial,24,,,12.157671999375452,,,,,12.157932000263827,1
mqttsn_puro,3,serial,25,,,10.098329001266393,,,,,10.09861900092801,1
mqttsn_puro,3,serial,26,,,10.625537999658263,,,,,10.625798000546638,1
mqttsn_puro,3,serial,27,,,10.115197999766679,,,,,10.115447999851312,1
mqttsn_puro,3,serial,28,,,10.620920998917427,,,,,10.621211000398034,1
mqttsn_puro,3,serial,29,,,10.651366999809397,,,,,10.651636999682523,1
mqttsn_puro,3,serial,30,,,10.603996999634546,,,,,10.604248000163352,1
mqttsn_puro,3,serial,31,,,12.65398599934997,,,,,12.654255999223096,1
mqttsn_puro,3,serial,32,,,10.102546000780421,,,,,10.102796000865055,1
mqttsn_puro,3,serial,33,,,10.120868000740302,,,,,10.121138000613428,1
mqttsn_puro,3,serial,34,,,10.636028000590159,,,,,10.636298000463285,1
mqttsn_puro,3,serial,35,,,10.104019000209519,,,,,10.104299000886385,1
mqttsn_puro,3,serial,36,,,11.127162999400753,,,,,11.127462999866111,1
mqttsn_puro,3,serial,37,,,10.122371999386814,,,,,10.122541998498491,1
mqttsn_puro,3,serial,38,,,10.64066599974467,,,,,10.64095699985046,1
mqttsn_puro,3,serial,39,,,10.113506001289352,,,,,10.11377699978766,1
mqttsn_puro,3,serial,40,,,14.196808999258792,,,,,14.197058999343426,1
mqttsn_puro,3,serial,41,,,11.116292000224348,,,,,11.116583000330138,1
mqttsn_puro,3,serial,42,,,11.668273000395857,,,,,11.668532999465242,1
mqttsn_puro,3,serial,43,,,10.094879999087425,,,,,10.095159999764292,1
mqttsn_puro,3,serial,44,,,10.122260999196442,,,,,10.122540999873308,1
mqttsn_puro,3,serial,45,,,11.626762001469615,,,,,11.627033001786913,1
mqttsn_puro,3,serial,46,,,13.169564999770955,,,,,13.169816000299761,1
mqttsn_puro,3,serial,47,,,10.10967799993523,,,,,10.109968001415837,1
mqttsn_puro,3,serial,48,,,10.626679999404587,,,,,10.626939998473972,1
mqttsn_puro,3,serial,49,,,10.114216998772463,,,,,10.114447999512777,1
mqttsn_puro,3,serial,50,,,10.612123000100837,,,,,10.612403999402886,1
mqttsn_puro,3,serial,51,,,10.120618000655668,,,,,10.120917999302037,1
mqttsn_puro,3,serial,52,,,10.616650999509147,,,,,10.616911000397522,1
mqttsn_puro,3,serial,53,,,10.124405000169645,,,,,10.124665999683202,1
mqttsn_puro,3,serial,54,,,10.615399000016623,,,,,10.615669998514932,1
mqttsn_puro,3,serial,55,,,10.166363999815076,,,,,10.166645000936114,1
mqttsn_puro,3,serial,56,,,10.526029000175186,,,,,10.52628899924457,1
mqttsn_puro,3,serial,57,,,10.131998998986091,,,,,10.132209999937913,1
mqttsn_puro,3,serial,58,,,10.60744400092517,,,,,10.607734000586788,1
mqttsn_puro,3,serial,59,,,10.104697999850032,,,,,10.104967999723158,1
mqttsn_puro,3,serial,60,,,10.613644999466487,,,,,10.613906000799034,1
mqttsn_puro,3,serial,61,,,11.651144001007196,,,,,11.651353999695857,1
mqttsn_puro,3,serial,62,,,10.109546999956365,,,,,10.10969699927955,1
mqttsn_puro,3,serial,63,,,10.582358001556713,,,,,10.582579001493286,1
mqttsn_puro,3,serial,64,,,10.593248000077438,,,,,10.593507999146823,1
mqttsn_puro,3,serial,65,,,10.11874399955559,,,,,10.119045000465121,1
mqttsn_puro,3,serial,66,,,10.104728000442265,,,,,10.104988999955822,1
mqttsn_puro,3,serial,67,,,10.119257000042126,,,,,10.119508000570931,1
mqttsn_puro,3,serial,68,,,10.099679000632023,,,,,10.09995900130889,1
mqttsn_puro,3,serial,69,,,10.121569001057651,,,,,10.121819999767467,1
mqttsn_puro,3,serial,70,,,10.1113010005065,,,,,10.111560999575886,1
mqttsn_puro,3,serial,71,,,10.113075999470311,,,,,10.113356000147178,1
mqttsn_puro,3,serial,72,,,10.636578999765334,,,,,10.63683000029414,1
mqttsn_puro,3,serial,73,,,12.136352001107298,,,,,12.136602001191932,1
mqttsn_puro,3,serial,74,,,10.116050001670374,,,,,10.11631100118393,1
mqttsn_puro,3,serial,75,,,10.155255000427132,,,,,10.155514999496518,1
mqttsn_puro,3,serial,76,,,10.07265299995197,,,,,10.072903000036604,1
mqttsn_puro,3,serial,77,,,10.129653999683796,,,,,10.129864998816629,1
mqttsn_puro,3,serial,78,,,10.131500001079985,,,,,10.13175100160879,1
mqttsn_puro,3,serial,79,,,10.59889799944358,,,,,10.599118999380153,1
mqttsn_puro,3,serial,80,,,10.115688999576378,,,,,10.115938999661012,1
mqttsn_puro,3,serial,81,,,10.125405999133363,,,,,10.12565699966217,1
mqttsn_puro,3,serial,82,,,10.627774001477519,,,,,10.62799400096992,1
mqttsn_puro,3,serial,83,,,11.124978000225383,,,,,11.125229000754189,1
mqttsn_puro,3,serial,84,,,10.114496000824147,,,,,10.114777000126196,1
mqttsn_puro,3,serial,85,,,11.14399499965657,,,,,11.144255999170127,1
mqttsn_puro,3,serial,86,,,10.09946299927833,,,,,10.099744000399369,1
mqttsn_puro,3,serial,87,,,10.117265999724623,,,,,10.117547000845661,1
mqttsn_puro,3,serial,88,,,10.121966000951943,,,,,10.122216001036577,1
mqttsn_puro,3,serial,89,,,10.606879000988556,,,,,10.607158999846433,1
mqttsn_puro,3,serial,90,,,10.178175998589722,,,,,10.17836599930888,1
mqttsn_puro,3,serial,91,,,10.071184999105753,,,,,10.071444999994128,1
mqttsn_puro,3,serial,92,,,10.102533999088337,,,,,10.102774998813402,1
mqttsn_puro,3,serial,93,,,10.110298999279621,,,,,10.110568999152747,1
mqttsn_puro,3,serial,94,,,10.116614999787998,,,,,10.116904999449616,1
mqttsn_puro,3,serial,95,,,10.092836999319843,,,,,10.09311699999671,1
mqttsn_puro,3,serial,96,,,10.106965999511885,,,,,10.107195999808027,1
mqttsn_puro,3,serial,97,,,10.152097000172944,,,,,10.152257000299869,1
mqttsn_puro,3,serial,98,,,11.121411000203807,,,,,11.121661998913623,1
mqttsn_puro,3,serial,99,,,11.116752000816632,,,,,11.117002999526449,1
mqttsn_puro,3,serial,100,,,10.21326299996872,,,,,10.213523000857094,1