cenario,qos,retain,t_publish_ms,t_total_ms
mqttsn,3,0,0.0871,0.0898
mqttsn,3,0,0.0705,0.0726
mqttsn,3,0,0.0793,0.0815
mqttsn,3,0,0.0739,0.0763
mqttsn,3,0,0.076,0.0784
mqttsn,3,0,0.0751,0.0772
mqttsn,3,0,0.0782,0.0809
mqttsn,3,0,0.0742,0.0768
mqttsn,3,0,0.0784,0.0808
mqttsn,3,0,0.0789,0.0814
mqttsn,3,0,0.0781,0.0803
mqttsn,3,0,0.0955,0.1227
mqttsn,3,0,0.0725,0.0749
mqttsn,3,0,0.0745,0.0769
mqttsn,3,0,0.0751,0.0778
mqttsn,3,0,0.0788,0.0813
mqttsn,3,0,0.0976,0.1001
mqttsn,3,0,0.0771,0.0794
mqttsn,3,0,0.0769,0.0801
mqttsn,3,0,0.0741,0.0768
mqttsn,3,0,0.0774,0.0798
mqttsn,3,0,0.0789,0.081
mqttsn,3,0,0.0788,0.0811
mqttsn,3,0,0.0972,0.0998
mqttsn,3,0,0.0796,0.0824
mqttsn,3,0,0.0695,0.0715
mqttsn,3,0,0.0794,0.0816
mqttsn,3,0,0.0809,0.0833
mqttsn,3,0,0.0961,0.0991
mqttsn,3,0,0.0814,0.0839
mqttsn,3,0,0.0775,0.0797
mqttsn,3,0,0.0797,0.0821
mqttsn,3,0,0.0768,0.0789
mqttsn,3,0,0.0792,0.0821
mqttsn,3,0,0.0691,0.0714
mqttsn,3,0,0.0796,0.0822
mqttsn,3,0,0.1089,0.112
mqttsn,3,0,0.0752,0.0769
mqttsn,3,0,0.0789,0.0814
mqttsn,3,0,0.0755,0.0779
mqttsn,3,0,0.0809,0.1083
mqttsn,3,0,0.0793,0.0816
mqttsn,3,0,0.1496,0.1522
mqttsn,3,0,0.0785,0.0812
mqttsn,3,0,0.0777,0.0805
mqttsn,3,0,0.0817,0.0844
mqttsn,3,0,0.0862,0.0889
mqttsn,3,0,0.0786,0.081
mqttsn,3,0,0.079,0.0818
mqttsn,3,0,0.0765,0.0789
mqttsn,3,0,0.0674,0.0698
mqttsn,3,0,0.076,0.0785
mqttsn,3,0,0.0869,0.089
mqttsn,3,0,0.0786,0.0811
mqttsn,3,0,0.0887,0.0907
mqttsn,3,0,0.0779,0.0802
mqttsn,3,0,0.0785,0.0808
mqttsn,3,0,0.0759,0.0784
mqttsn,3,0,0.0752,0.0777
mqttsn,3,0,0.0769,0.0794
mqttsn,3,0,0.0634,0.0652
mqttsn,3,0,0.1137,0.116
mqttsn,3,0,0.0768,0.0791
mqttsn,3,0,0.0932,0.0957
mqttsn,3,0,0.0749,0.0773
mqttsn,3,0,0.0745,0.0773
mqttsn,3,0,0.0745,0.0768
mqttsn,3,0,0.0777,0.0801
mqttsn,3,0,0.0763,0.0787
mqttsn,3,0,0.0887,0.0912
mqttsn,3,0,0.0768,0.0792
mqttsn,3,0,0.0765,0.0792
mqttsn,3,0,0.0996,0.1022
mqttsn,3,0,0.0756,0.0785
mqttsn,3,0,0.0679,0.0704
mqttsn,3,0,0.0763,0.0786
mqttsn,3,0,0.0774,0.0797
mqttsn,3,0,0.0696,0.072
mqttsn,3,0,0.0762,0.0785
mqttsn,3,0,0.0617,0.0635
mqttsn,3,0,0.1048,0.1077
mqttsn,3,0,0.2164,0.2196
mqttsn,3,0,0.076,0.0783
mqttsn,3,0,0.0787,0.0816
mqttsn,3,0,0.0744,0.0768
mqttsn,3,0,0.077,0.0797
mqttsn,3,0,0.0771,0.0793
mqttsn,3,0,0.0624,0.0646
mqttsn,3,0,0.0789,0.0811
mqttsn,3,0,0.0734,0.0762
mqttsn,3,0,0.0743,0.0766
mqttsn,3,0,0.0787,0.0817
mqttsn,3,0,0.0629,0.0649
mqttsn,3,0,0.0804,0.0826
mqttsn,3,0,0.0804,0.0827
mqttsn,3,0,0.0784,0.0808
mqttsn,3,0,0.0795,0.0821
mqttsn,3,0,0.0601,0.062
mqttsn,3,0,0.0686,0.071
mqttsn,3,0,0.0753,0.0775
mqttsn,0,0,0.0754,1.4278
mqttsn,0,0,0.0321,1.6513
mqttsn,0,0,0.0769,1.7943
mqttsn,0,0,0.0812,1.5523
mqttsn,0,0,0.0302,1.5663
mqttsn,0,0,0.0916,1.4708
mqttsn,0,0,0.0301,1.3605
mqttsn,0,0,0.0839,1.2981
mqttsn,0,0,0.0432,1.4802
mqttsn,0,0,0.0862,1.5749
mqttsn,0,0,0.0325,1.6393
mqttsn,0,0,0.0259,1.5825
mqttsn,0,0,0.0309,1.5304
mqttsn,0,0,0.0966,1.5248
mqttsn,0,0,0.0299,1.3937
mqttsn,0,0,0.0844,1.5144
mqttsn,0,0,0.0817,1.5797
mqttsn,0,0,0.0833,1.5191
mqttsn,0,0,0.0349,1.5858
mqttsn,0,0,0.028,1.2786
mqttsn,0,0,0.0306,1.3357
mqttsn,0,0,0.0944,1.6535
mqttsn,0,0,0.0412,1.4384
mqttsn,0,0,0.0539,1.385
mqttsn,0,0,0.0305,1.3951
mqttsn,0,0,0.0299,1.3677
mqttsn,0,0,0.0274,1.3187
mqttsn,0,0,0.0341,1.5588
mqttsn,0,0,0.0325,1.3087
mqttsn,0,0,0.0412,1.4151
mqttsn,0,0,0.032,1.3767
mqttsn,0,0,0.0774,1.5506
mqttsn,0,0,0.0417,1.414
mqttsn,0,0,0.0295,1.3635
mqttsn,0,0,0.039,1.608
mqttsn,0,0,0.032,1.426
mqttsn,0,0,0.0327,1.6348
mqttsn,0,0,0.0314,1.445
mqttsn,0,0,0.0304,1.5337
mqttsn,0,0,0.0247,1.7252
mqttsn,0,0,0.0292,1.3981
mqttsn,0,0,0.0308,1.291
mqttsn,0,0,0.0299,1.5795
mqttsn,0,0,0.1768,1.6194
mqttsn,0,0,0.0308,1.4715
mqttsn,0,0,0.0447,1.8614
mqttsn,0,0,0.0339,1.4828
mqttsn,0,0,0.0322,1.5383
mqttsn,0,0,0.0302,1.1891
mqttsn,0,0,0.0848,1.5116
mqttsn,0,0,0.095,1.6375
mqttsn,0,0,0.0286,1.375
mqttsn,0,0,0.0299,1.3022
mqttsn,0,0,0.0276,1.3016
mqttsn,0,0,0.0436,1.4217
mqttsn,0,0,0.0282,1.2436
mqttsn,0,0,0.0286,1.3379
mqttsn,0,0,0.0307,1.715
mqttsn,0,0,0.0305,1.6096
mqttsn,0,0,0.0753,1.3077
mqttsn,0,0,0.0814,1.4115
mqttsn,0,0,0.0443,1.3962
mqttsn,0,0,0.0295,1.3493
mqttsn,0,0,0.0329,1.5337
mqttsn,0,0,0.0415,1.4838
mqttsn,0,0,0.0227,1.3717
mqttsn,0,0,0.0542,1.4642
mqttsn,0,0,0.0328,1.6103
mqttsn,0,0,0.0317,1.416
mqttsn,0,0,0.0364,1.7999
mqttsn,0,0,0.032,1.6366
mqttsn,0,0,0.039,1.8117
mqttsn,0,0,0.0294,1.5233
mqttsn,0,0,0.0269,1.5264
mqttsn,0,0,0.0452,1.6091
mqttsn,0,0,0.0309,1.5216
mqttsn,0,0,0.0441,1.4786
mqttsn,0,0,0.1024,1.6104
mqttsn,0,0,0.076,1.5623
mqttsn,0,0,0.0347,1.5411
mqttsn,0,0,0.0289,1.2844
mqttsn,0,0,0.041,1.4239
mqttsn,0,0,0.0401,1.4671
mqttsn,0,0,0.0353,1.4684
mqttsn,0,0,0.0285,1.545
mqttsn,0,0,0.0347,1.5241
mqttsn,0,0,0.0263,1.5116
mqttsn,0,0,0.0286,1.5785
mqttsn,0,0,0.1084,1.4234
mqttsn,0,0,0.0412,1.4102
mqttsn,0,0,0.0424,1.6537
mqttsn,0,0,0.0308,1.3985
mqttsn,0,0,0.1062,1.729
mqttsn,0,0,0.0776,1.3875
mqttsn,0,0,0.034,1.5664
mqttsn,0,0,0.0278,1.6142
mqttsn,0,0,0.0855,1.3521
mqttsn,0,0,0.0318,1.2864
mqttsn,0,0,0.0447,1.4035
mqttsn,0,0,0.0314,1.6334
mqttsn,0,1,0.0213,1.7933
mqttsn,0,1,0.035,1.9494
mqttsn,0,1,0.0248,1.7778
mqttsn,0,1,0.0247,1.9112
mqttsn,0,1,0.0354,1.8414
mqttsn,0,1,0.0254,1.7203
mqttsn,0,1,0.0206,1.8189
mqttsn,0,1,0.0241,1.7618
mqttsn,0,1,0.0246,1.6579
mqttsn,0,1,0.0243,1.812
mqttsn,0,1,0.025,1.7473
mqttsn,0,1,0.0341,1.9327
mqttsn,0,1,0.0231,2.0167
mqttsn,0,1,0.0249,1.846
mqttsn,0,1,0.0272,1.8624
mqttsn,0,1,0.0349,1.9219
mqttsn,0,1,0.0247,1.833
mqttsn,0,1,0.038,1.7705
mqttsn,0,1,0.0246,1.7517
mqttsn,0,1,0.0245,1.7881
mqttsn,0,1,0.0232,1.7811
mqttsn,0,1,0.0249,1.9522
mqttsn,0,1,0.0245,1.736
mqttsn,0,1,0.0239,1.8188
mqttsn,0,1,0.0254,1.8289
mqttsn,0,1,0.0224,1.8128
mqttsn,0,1,0.0249,1.8809
mqttsn,0,1,0.0236,1.8063
mqttsn,0,1,0.0256,1.5761
mqttsn,0,1,0.0247,1.8167
mqttsn,0,1,0.0248,1.8529
mqttsn,0,1,0.0236,2.0035
mqttsn,0,1,0.0253,2.0026
mqttsn,0,1,0.0256,1.844
mqttsn,0,1,0.0252,1.9261
mqttsn,0,1,0.0251,1.8093
mqttsn,0,1,0.0339,1.9345
mqttsn,0,1,0.0254,1.8566
mqttsn,0,1,0.0252,1.8272
mqttsn,0,1,0.026,1.8118
mqttsn,0,1,0.0258,1.7068
mqttsn,0,1,0.0233,1.7984
mqttsn,0,1,0.0253,1.7973
mqttsn,0,1,0.0266,2.0597
mqttsn,0,1,0.0236,1.7411
mqttsn,0,1,0.0241,1.7209
mqttsn,0,1,0.0246,1.6709
mqttsn,0,1,0.0244,1.7286
mqttsn,0,1,0.0255,2.3222
mqttsn,0,1,0.0241,2.0959
mqttsn,0,1,0.0253,1.8437
mqttsn,0,1,0.0271,1.9915
mqttsn,0,1,0.0483,1.9258
mqttsn,0,1,0.0237,2.0324
mqttsn,0,1,0.0251,2.0542
mqttsn,0,1,0.0248,1.6431
mqttsn,0,1,0.0226,1.8437
mqttsn,0,1,0.0232,1.7306
mqttsn,0,1,0.0234,1.8883
mqttsn,0,1,0.0253,1.6907
mqttsn,0,1,0.0236,1.8868
mqttsn,0,1,0.0244,1.8521
mqttsn,0,1,0.0267,2.0367
mqttsn,0,1,0.0249,2.0305
mqttsn,0,1,0.0255,1.813
mqttsn,0,1,0.0248,1.7626
mqttsn,0,1,0.0276,2.0451
mqttsn,0,1,0.0268,1.8776
mqttsn,0,1,0.0258,1.7949
mqttsn,0,1,0.025,2.2122
mqttsn,0,1,0.0255,1.8985
mqttsn,0,1,0.0263,1.9977
mqttsn,0,1,0.0238,1.8849
mqttsn,0,1,0.0249,1.8414
mqttsn,0,1,0.0247,1.9253
mqttsn,0,1,0.0393,1.7606
mqttsn,0,1,0.0257,1.9547
mqttsn,0,1,0.0259,1.6692
mqttsn,0,1,0.0243,1.8917
mqttsn,0,1,0.0241,2.4014
mqttsn,0,1,0.0253,1.7447
mqttsn,0,1,0.0256,2.1953
mqttsn,0,1,0.0232,1.7383
mqttsn,0,1,0.0235,1.8642
mqttsn,0,1,0.0251,1.8529
mqttsn,0,1,0.0324,1.9319
mqttsn,0,1,0.0273,2.1504
mqttsn,0,1,0.0258,1.731
mqttsn,0,1,0.0254,1.7182
mqttsn,0,1,0.0245,1.7938
mqttsn,0,1,0.0247,1.8149
mqttsn,0,1,0.0237,1.8681
mqttsn,0,1,0.0259,1.8238
mqttsn,0,1,0.0252,1.9635
mqttsn,0,1,0.0248,1.956
mqttsn,0,1,0.0254,1.9971
mqttsn,0,1,0.0257,1.9557
mqttsn,0,1,0.0264,2.1008
mqttsn,0,1,0.0255,1.6983
mqttsn,0,1,0.0251,2.022
mqttsn,1,0,0.027,2.218
mqttsn,1,0,0.0266,2.2407
mqttsn,1,0,0.0252,2.1042
mqttsn,1,0,0.0253,2.0688
mqttsn,1,0,0.0259,2.1821
mqttsn,1,0,0.0366,2.2784
mqttsn,1,0,0.0255,2.1163
mqttsn,1,0,0.0255,1.9079
mqttsn,1,0,0.025,2.3051
mqttsn,1,0,0.0249,2.3025
mqttsn,1,0,0.0254,2.1872
mqttsn,1,0,0.024,2.1435
mqttsn,1,0,0.0267,2.0601
mqttsn,1,0,0.0256,2.2572
mqttsn,1,0,0.0257,1.9036
mqttsn,1,0,0.0258,2.136
mqttsn,1,0,0.0263,2.2202
mqttsn,1,0,0.0262,2.0499
mqttsn,1,0,0.0342,2.3244
mqttsn,1,0,0.0251,2.1035
mqttsn,1,0,0.0355,2.2483
mqttsn,1,0,0.0255,2.3757
mqttsn,1,0,0.0256,2.3906
mqttsn,1,0,0.0373,2.2619
mqttsn,1,0,0.0271,2.1018
mqttsn,1,0,0.0251,2.3933
mqttsn,1,0,0.0265,2.1382
mqttsn,1,0,0.0228,2.1102
mqttsn,1,0,0.0267,2.2898
mqttsn,1,0,0.0257,2.0512
mqttsn,1,0,0.0255,2.1761
mqttsn,1,0,0.0258,2.3822
mqttsn,1,0,0.0249,2.2288
mqttsn,1,0,0.0251,2.0891
mqttsn,1,0,0.0253,2.1527
mqttsn,1,0,0.0339,2.206
mqttsn,1,0,0.0357,2.2111
mqttsn,1,0,0.0266,2.1914
mqttsn,1,0,0.0253,2.137
mqttsn,1,0,0.0261,2.1395
mqttsn,1,0,0.0263,2.1417
mqttsn,1,0,0.0261,2.167
mqttsn,1,0,0.0259,2.1788
mqttsn,1,0,0.0364,2.2344
mqttsn,1,0,0.0264,2.3455
mqttsn,1,0,0.0257,2.1217
mqttsn,1,0,0.0382,2.5375
mqttsn,1,0,0.0258,2.0994
mqttsn,1,0,0.0236,2.1603
mqttsn,1,0,0.0267,2.4347
mqttsn,1,0,0.0399,1.2194
mqttsn,1,0,0.0277,2.2434
mqttsn,1,0,0.0272,2.1467
mqttsn,1,0,0.0245,2.1145
mqttsn,1,0,0.0254,2.0892
mqttsn,1,0,0.0375,2.2407
mqttsn,1,0,0.0258,2.1181
mqttsn,1,0,0.0252,2.0368
mqttsn,1,0,0.0361,2.3095
mqttsn,1,0,0.0275,2.1594
mqttsn,1,0,0.026,2.3039
mqttsn,1,0,0.0263,2.1662
mqttsn,1,0,0.0238,2.6096
mqttsn,1,0,0.025,2.0504
mqttsn,1,0,0.025,2.1643
mqttsn,1,0,0.0434,2.2383
mqttsn,1,0,0.0246,2.214
mqttsn,1,0,0.0258,1.977
mqttsn,1,0,0.0261,2.2278
mqttsn,1,0,0.0232,2.2698
mqttsn,1,0,0.0261,2.0972
mqttsn,1,0,0.0265,2.2234
mqttsn,1,0,0.027,2.0817
mqttsn,1,0,0.0245,2.1751
mqttsn,1,0,0.026,2.4141
mqttsn,1,0,0.0247,2.2812
mqttsn,1,0,0.0252,2.3266
mqttsn,1,0,0.0263,2.1362
mqttsn,1,0,0.0264,2.1998
mqttsn,1,0,0.0263,2.1554
mqttsn,1,0,0.0253,2.0795
mqttsn,1,0,0.0263,2.4606
mqttsn,1,0,0.024,2.2126
mqttsn,1,0,0.0497,2.2268
mqttsn,1,0,0.0259,2.5495
mqttsn,1,0,0.0229,2.2382
mqttsn,1,0,0.0261,2.3317
mqttsn,1,0,0.025,2.2356
mqttsn,1,0,0.0257,2.1235
mqttsn,1,0,0.0259,2.2666
mqttsn,1,0,0.026,2.1557
mqttsn,1,0,0.0271,2.1294
mqttsn,1,0,0.0242,2.8419
mqttsn,1,0,0.0265,2.1911
mqttsn,1,0,0.0253,2.2283
mqttsn,1,0,0.025,2.3867
mqttsn,1,0,0.0264,2.3356
mqttsn,1,0,0.0359,2.1899
mqttsn,1,0,0.0252,2.1823
mqttsn,1,0,0.0345,2.2845
mqttsn,2,0,0.0244,2.7577
mqttsn,2,0,0.0255,2.4046
mqttsn,2,0,0.0253,2.5533
mqttsn,2,0,0.0246,2.3993
mqttsn,2,0,0.0254,2.6853
mqttsn,2,0,0.0251,2.6835
mqttsn,2,0,0.0253,2.6092
mqttsn,2,0,0.0346,2.0605
mqttsn,2,0,0.0256,2.3389
mqttsn,2,0,0.0244,2.2277
mqttsn,2,0,0.0274,2.463
mqttsn,2,0,0.0254,2.4544
mqttsn,2,0,0.0262,2.6219
mqttsn,2,0,0.0241,2.6761
mqttsn,2,0,0.025,2.51
mqttsn,2,0,0.0254,2.6489
mqttsn,2,0,0.0257,2.5604
mqttsn,2,0,0.0256,2.4946
mqttsn,2,0,0.026,2.7719
mqttsn,2,0,0.0252,2.6059
mqttsn,2,0,0.0259,2.7221
mqttsn,2,0,0.0255,2.596
mqttsn,2,0,0.0707,2.6043
mqttsn,2,0,0.0252,2.4564
mqttsn,2,0,0.0278,2.4444
mqttsn,2,0,0.0311,2.7374
mqttsn,2,0,0.0228,2.3702
mqttsn,2,0,0.0252,2.6558
mqttsn,2,0,0.0357,2.2454
mqttsn,2,0,0.0264,2.4931
mqttsn,2,0,0.0267,2.3529
mqttsn,2,0,0.0262,2.4177
mqttsn,2,0,0.0256,2.7327
mqttsn,2,0,0.0237,2.4545
mqttsn,2,0,0.0466,2.5112
mqttsn,2,0,0.0256,2.4746
mqttsn,2,0,0.0347,2.4999
mqttsn,2,0,0.0246,2.955
mqttsn,2,0,0.0257,2.4205
mqttsn,2,0,0.0347,2.2171
mqttsn,2,0,0.0367,2.5401
mqttsn,2,0,0.0245,2.4294
mqttsn,2,0,0.0226,2.1338
mqttsn,2,0,0.0261,2.2897
mqttsn,2,0,0.0254,2.417
mqttsn,2,0,0.0262,2.3696
mqttsn,2,0,0.0507,2.4261
mqttsn,2,0,0.0265,2.5156
mqttsn,2,0,0.0269,2.8443
mqttsn,2,0,0.0259,2.7045
mqttsn,2,0,0.0244,2.5235
mqttsn,2,0,0.0244,2.4605
mqttsn,2,0,0.0261,2.2061
mqttsn,2,0,0.0271,2.6245
mqttsn,2,0,0.0436,2.6808
mqttsn,2,0,0.0265,2.4232
mqttsn,2,0,0.0255,2.4734
mqttsn,2,0,0.0253,2.5036
mqttsn,2,0,0.0266,2.4134
mqttsn,2,0,0.0275,2.4566
mqttsn,2,0,0.0453,2.5285
mqttsn,2,0,0.0266,2.4419
mqttsn,2,0,0.0364,2.4205
mqttsn,2,0,0.0257,2.5854
mqttsn,2,0,0.0287,2.5378
mqttsn,2,0,0.0255,2.434
mqttsn,2,0,0.0357,2.6014
mqttsn,2,0,0.0337,2.3658
mqttsn,2,0,0.0258,2.4004
mqttsn,2,0,0.0428,2.6045
mqttsn,2,0,0.0271,2.5947
mqttsn,2,0,0.0252,2.4706
mqttsn,2,0,0.0253,2.5126
mqttsn,2,0,0.0354,2.5993
mqttsn,2,0,0.0265,2.6415
mqttsn,2,0,0.0236,3.0235
mqttsn,2,0,0.0247,2.4778
mqttsn,2,0,0.0249,2.1205
mqttsn,2,0,0.0339,2.522
mqttsn,2,0,0.0445,2.6447
mqttsn,2,0,0.0241,2.6381
mqttsn,2,0,0.0364,2.4683
mqttsn,2,0,0.0255,2.6749
mqttsn,2,0,0.027,2.4167
mqttsn,2,0,0.0287,2.2124
mqttsn,2,0,0.036,3.0409
mqttsn,2,0,0.0253,2.3357
mqttsn,2,0,0.0345,2.6227
mqttsn,2,0,0.0271,2.418
mqttsn,2,0,0.0254,2.5073
mqttsn,2,0,0.0251,2.4579
mqttsn,2,0,0.0256,2.7827
mqttsn,2,0,0.025,2.404
mqttsn,2,0,0.0444,2.5376
mqttsn,2,0,0.0365,2.4583
mqttsn,2,0,0.0264,2.6482
mqttsn,2,0,0.0257,2.3482
mqttsn,2,0,0.0268,2.638
mqttsn,2,0,0.0353,2.5321
mqttsn,2,0,0.0251,2.6722