cenario,qos,modo,cliente_id,t_connect_ms,t_register_ms,t_publish_ms,t_puback_ms,t_pubrec_ms,t_relcomp_ms,t_disconnect_ms,t_total_ms                                                                                                                                                                                ,sucesso                                                                                                                                                            
mqttsn_puro,0,paralelo,81,0.0,2.1758510010840837,0.010249001206830144,,,,,8.990687001642073,1
mqttsn_puro,0,paralelo,55,0.0,5.703074002667563,0.4879520020040218,,,,,11.909562999790069,1
mqttsn_puro,0,paralelo,9,0.0,3.0994409971754067,0.011742002243408933,,,,,6.093790001614252,1
mqttsn_puro,0,paralelo,27,0.0,7.749706997856265,0.28369299980113283,,,,,14.348123997478979,1
mqttsn_puro,0,paralelo,90,0.0,3.066699002374662,0.01613999847904779,,,,,8.742295998672489,1
mqttsn_puro,0,paralelo,89,0.0,1.9622850013547577,0.015769997844472528,,,,,7.957141999213491,1
mqttsn_puro,0,paralelo,38,0.0,3.8899139981367625,0.793405000877101,,,,,10.143706000235397,1
mqttsn_puro,0,paralelo,88,0.0,1.4414170000236481,0.010109000868396834,,,,,8.169519998773467,1
mqttsn_puro,0,paralelo,50,0.0,6.853469996713102,0.01971700112335384,,,,,11.745193998649484,1
mqttsn_puro,0,paralelo,8,0.0,2.3585800008731894,0.6977899975026958,,,,,8.930240001063794,1
mqttsn_puro,0,paralelo,87,0.0,1.6771600021456834,0.029164999432396144,,,,,7.643291999556823,1
mqttsn_puro,0,paralelo,53,0.0,13.042400001722854,0.022091000573709607,,,,,19.815826999547426,1
mqttsn_puro,0,paralelo,52,0.0,1.3866340013919398,0.011792002624133602,,,,,9.1075920026924,1
mqttsn_puro,0,paralelo,26,0.0,2.6298769989807624,1.2855349996243604,,,,,9.50757399914437,1
mqttsn_puro,0,paralelo,21,0.0,1.3356479976209812,0.31214600312523544,,,,,5.958108999038814,1
mqttsn_puro,0,paralelo,7,0.0,3.9263649996428285,0.025888999516610056,,,,,7.18247899931157,1
mqttsn_puro,0,paralelo,51,0.0,3.7610740000673104,0.5280109980958514,,,,,7.7439970009436365,1
mqttsn_puro,0,paralelo,49,0.0,1.2991889998374972,0.021551000827457756,,,,,8.409021000261419,1
mqttsn_puro,0,paralelo,25,0.0,0.549337000848027,0.17563999790581875,,,,,12.734122999972897,1
mqttsn_puro,0,paralelo,48,0.0,3.6945680003555026,0.02391499947407283,,,,,9.494658999756211,1
mqttsn_puro,0,paralelo,54,0.0,1.6615909989923239,0.1252149995707441,,,,,4.852121001022169,1
mqttsn_puro,0,paralelo,24,0.0,0.9814029981498607,0.048691999836592004,,,,,9.705262000352377,1
mqttsn_puro,0,paralelo,23,0.0,0.8503120006935205,0.0193859996215906,,,,,5.28593700073543,1
mqttsn_puro,0,paralelo,6,0.0,3.0527240014635026,0.019256000086897984,,,,,7.635500001924811,1
mqttsn_puro,0,paralelo,79,0.0,5.611846998363035,0.01608999809832312,,,,,14.355172002979089,1
mqttsn_puro,0,paralelo,82,0.0,1.5103270015970338,0.010159001249121502,,,,,8.301507998112356,1
mqttsn_puro,0,paralelo,78,0.0,2.048146998276934,0.011320997145958245,,,,,13.836253001500154,1
mqttsn_puro,0,paralelo,45,0.0,2.3746639999444596,1.866874998086132,,,,,7.634932000655681,1
mqttsn_puro,0,paralelo,77,0.0,11.025094001524849,0.01428600080544129,,,,,14.558508002664894,1
mqttsn_puro,0,paralelo,32,0.0,0.8853330000420101,0.021771000319859013,,,,,7.608842999616172,1
mqttsn_puro,0,paralelo,22,0.0,0.6670530019619036,0.5140050016052555,,,,,13.688314997125417,1
mqttsn_puro,0,paralelo,15,0.0,2.6174039994657505,0.017482998373452574,,,,,6.624989000556525,1
mqttsn_puro,0,paralelo,76,0.0,4.284836999431718,0.01763299951562658,,,,,14.651292000053218,1
mqttsn_puro,0,paralelo,5,0.0,1.9108830019831657,0.012303000403335318,,,,,4.236765998939518,1
mqttsn_puro,0,paralelo,58,0.0,2.7230150008108467,0.01369500023429282,,,,,19.564928999898257,1
mqttsn_puro,0,paralelo,44,0.0,2.5879299973894376,0.06650499926763587,,,,,6.854903000203194,1
mqttsn_puro,0,paralelo,59,0.0,3.3401919972675387,0.05571500150836073,,,,,7.325250000576489,1
mqttsn_puro,0,paralelo,20,0.0,2.911601997766411,1.7848379975475837,,,,,7.614889000251424,1
mqttsn_puro,0,paralelo,13,0.0,2.5382549974892754,0.06156600284157321,,,,,6.70730600177194,1
mqttsn_puro,0,paralelo,74,0.0,8.496159000060288,0.024655997549416497,,,,,13.143010000931099,1
mqttsn_puro,0,paralelo,4,0.0,3.583218000130728,0.018714999896474183,,,,,5.463999998028157,1
mqttsn_puro,0,paralelo,65,0.0,3.1967430004442576,0.015540001186309382,,,,,19.21122500061756,1
mqttsn_puro,0,paralelo,41,0.0,3.611501000705175,0.554410999029642,,,,,8.214484998461558,1
mqttsn_puro,0,paralelo,47,0.0,2.151901000615908,0.05983300070511177,,,,,6.870265999168623,1
mqttsn_puro,0,paralelo,40,0.0,5.3187129997240845,0.7215799996629357,,,,,15.600935999827925,1
mqttsn_puro,0,paralelo,19,0.0,6.194341000082204,1.7954610011656769,,,,,11.00516399674234,1
mqttsn_puro,0,paralelo,73,0.0,4.3589460001385305,0.012915003026137128,,,,,14.66385599997011,1
mqttsn_puro,0,paralelo,67,0.0,5.03065799784963,0.013655000657308847,,,,,18.67190200209734,1
mqttsn_puro,0,paralelo,72,0.0,3.850207998766564,1.4588890007871669,,,,,15.459229001862695,1
mqttsn_puro,0,paralelo,3,0.0,1.8460419996699784,0.02331300129299052,,,,,4.386406999401515,1
mqttsn_puro,0,paralelo,71,0.0,1.966774001630256,0.010600000678095967,,,,,12.21831400107476,1
mqttsn_puro,0,paralelo,70,0.0,3.8956600001256447,1.6945779971138109,,,,,8.879168999555986,1
mqttsn_puro,0,paralelo,69,0.0,1.1847550013044383,0.11867300054291263,,,,,4.453908000868978,1
mqttsn_puro,0,paralelo,18,0.0,3.077380999457091,2.964321000035852,,,,,14.4976530027634,1
mqttsn_puro,0,paralelo,43,0.0,1.0129020010936074,0.9393440013809595,,,,,5.665649998263689,1
mqttsn_puro,0,paralelo,37,0.0,3.077421999478247,0.017924001440405846,,,,,9.581356000126107,1
mqttsn_puro,0,paralelo,31,0.0,1.9533990016498137,0.9794270008569583,,,,,6.7940680019091815,1
mqttsn_puro,0,paralelo,68,0.0,2.0193819982523564,0.01225300002261065,,,,,17.604608001420274,1
mqttsn_puro,0,paralelo,64,0.0,1.789480997103965,0.017291997210122645,,,,,17.49375000144937,1
mqttsn_puro,0,paralelo,2,0.0,2.9192119982326403,0.022612002794630826,,,,,5.547031996684382,1
mqttsn_puro,0,paralelo,17,0.0,4.568129003018839,0.2835730010701809,,,,,7.745172999420902,1
mqttsn_puro,0,paralelo,36,0.0,5.746856997575378,1.6209079985856079,,,,,11.760663997847587,1
mqttsn_puro,0,paralelo,66,0.0,3.4843639987229835,1.043991000187816,,,,,18.161743999371538,1
mqttsn_puro,0,paralelo,33,0.0,4.2865789982897695,0.8646680034871679,,,,,12.611720998393139,1
mqttsn_puro,0,paralelo,16,0.0,4.947877001541201,1.4552320026268717,,,,,10.423602998343995,1
mqttsn_puro,0,paralelo,35,0.0,1.3765149997198023,2.8642520010180306,,,,,8.916250997572206,1
mqttsn_puro,0,paralelo,34,0.0,8.379515002161497,0.9019739991344977,,,,,12.427976998878876,1
mqttsn_puro,0,paralelo,63,0.0,2.6517299993429333,0.011039999662898481,,,,,18.970238001202233,1
mqttsn_puro,0,paralelo,12,0.0,5.233207997662248,0.02680100078578107,,,,,11.192287998710526,1
mqttsn_puro,0,paralelo,1,0.0,2.999141997861443,0.02443599805701524,,,,,5.972776001726743,1
mqttsn_puro,0,paralelo,61,0.0,2.7651220007101074,0.013606000720756128,,,,,18.28976000251714,1
mqttsn_puro,0,paralelo,42,0.0,4.056557998410426,0.022121999791124836,,,,,7.84481099981349,1
mqttsn_puro,0,paralelo,60,0.0,12.812068998755421,0.011221000022487715,,,,,20.531048998236656,1
mqttsn_puro,0,paralelo,46,0.0,5.631385000015143,0.15316200006054714,,,,,12.740147998556495,1
mqttsn_puro,0,paralelo,62,0.0,5.1096450006298255,0.01208300091093406,,,,,19.339876998856198,1
mqttsn_puro,0,paralelo,39,0.0,4.373531999590341,0.5609430008917116,,,,,10.387275000539375,1
mqttsn_puro,0,paralelo,11,0.0,2.7775960006692912,0.7011659981799312,,,,,11.210983000637498,1
mqttsn_puro,0,paralelo,30,0.0,1.3338449971342925,5.392227998527233,,,,,11.509946001751814,1
mqttsn_puro,0,paralelo,29,0.0,8.782622000580886,2.7648069990391377,,,,,18.31704600044759,1
mqttsn_puro,0,paralelo,57,0.0,2.5326710019726306,3.2671590015525,,,,,11.08876699800021,1
mqttsn_puro,0,paralelo,56,0.0,3.5462849991745315,0.013786000636173412,,,,,11.881392001669155,1
mqttsn_puro,0,paralelo,10,0.0,1.3981660013087094,0.013324999599717557,,,,,7.102714000211563,1
mqttsn_puro,0,paralelo,14,0.0,2.7078150014858693,0.021759999071946368,,,,,7.775205998768797,1
mqttsn_puro,0,paralelo,28,0.0,3.718993000802584,0.5118909975863062,,,,,11.479034001240507,1
mqttsn_puro,0,paralelo,93,0.0,2.320847001101356,0.03377400207682513,,,,,8.033804999286076,1
mqttsn_puro,0,paralelo,84,0.0,3.4192789971712045,0.06357899837894365,,,,,12.117803998989984,1
mqttsn_puro,0,paralelo,85,0.0,3.133804002573015,0.011632000678218901,,,,,12.470556001062505,1
mqttsn_puro,0,paralelo,83,0.0,2.5674999997136183,0.01836500086938031,,,,,11.879846999363508,1
mqttsn_puro,0,paralelo,75,0.0,5.464380999910645,0.6874009995954111,,,,,19.795419997535646,1
mqttsn_puro,0,paralelo,94,0.0,3.246023999963654,1.2781709992850665,,,,,8.280509002361214,1
mqttsn_puro,0,paralelo,80,0.0,4.385734002426034,1.0088460003316868,,,,,16.2910010003543,1
mqttsn_puro,0,paralelo,92,0.0,3.981444999226369,0.03334299981361255,,,,,9.74878700071713,1
mqttsn_puro,0,paralelo,96,0.0,1.4036159991519526,0.7179880012699869,,,,,6.392121998942457,1
mqttsn_puro,0,paralelo,86,0.0,4.707159001554828,1.4728259993717074,,,,,9.679145998234162,1
mqttsn_puro,0,paralelo,95,0.0,5.125825002323836,0.4625590008799918,,,,,7.965223001519917,1
mqttsn_puro,0,paralelo,91,0.0,4.718139000033261,0.18216200260212645,,,,,13.940887998614926,1
mqttsn_puro,0,paralelo,98,0.0,2.0451509990380146,0.023754000721964985,,,,,3.7669039993488695,1
mqttsn_puro,0,paralelo,100,0.0,2.1044420027465094,0.08082199929049239,,,,,3.9883300014480483,1
mqttsn_puro,0,paralelo,97,0.0,1.9223089984734543,0.06859899804112501,,,,,3.3161069986817893,1
mqttsn_puro,0,paralelo,99,0.0,0.9341440018033609,0.023684999177930877,,,,,3.174240999214817,1
mqttsn_puro,1,paralelo,33,0.0,1.4338629989651963,4.68067900146707,4.68067900146707,,,,11.422550000133924,1
mqttsn_puro,1,paralelo,14,0.0,3.2523480003874283,0.5690430007234681,0.5690430007234681,,,,16.19057100106147,1
mqttsn_puro,1,paralelo,18,0.0,1.8076129999826662,3.3538879979460035,3.3538879979460035,,,,12.835525001719361,1
mqttsn_puro,1,paralelo,24,0.0,2.6095860011992045,1.648695000767475,1.648695000767475,,,,9.544982000079472,1
mqttsn_puro,1,paralelo,21,0.0,5.569070999627002,0.26076599897351116,0.26076599897351116,,,,12.555058998259483,1
mqttsn_puro,1,paralelo,4,0.0,1.6530120010429528,3.2439089991385117,3.2439089991385117,,,,7.434492999891518,1
mqttsn_puro,1,paralelo,32,0.0,4.4665120003628545,3.3048900004359894,3.3048900004359894,,,,15.415431000292301,1
mqttsn_puro,1,paralelo,56,0.0,7.762730998365441,0.9759340027812868,0.9759340027812868,,,,14.410151001357008,1
mqttsn_puro,1,paralelo,1,0.0,0.7463660003850237,1.6321349976351485,1.6321349976351485,,,,7.578841003123671,1
mqttsn_puro,1,paralelo,9,0.0,5.919606999668758,6.232515999727184,6.232515999727184,,,,15.603610998368822,1
mqttsn_puro,1,paralelo,31,0.0,1.6090339995571412,1.4587629993911833,1.4587629993911833,,,,10.302236998541048,1
mqttsn_puro,1,paralelo,57,0.0,4.609547999280039,0.9360580006614327,0.9360580006614327,,,,10.897128002397949,1
mqttsn_puro,1,paralelo,66,0.0,6.570057998033008,4.514918000495527,4.514918000495527,,,,16.138612998474855,1
mqttsn_puro,1,paralelo,44,0.0,5.0813939997169655,3.9052430001902394,3.9052430001902394,,,,11.908525000762893,1
mqttsn_puro,1,paralelo,12,0.0,3.382229999260744,0.63574599698768,0.63574599698768,,,,7.430877998558572,1
mqttsn_puro,1,paralelo,60,0.0,2.2454880017903633,1.5023289997770917,1.5023289997770917,,,,12.904194001748692,1
mqttsn_puro,1,paralelo,41,0.0,4.8981760010065045,2.7708689995051827,2.7708689995051827,,,,10.551447998295771,1
mqttsn_puro,1,paralelo,36,0.0,3.271384000981925,1.4844200013612863,1.4844200013612863,,,,6.859686000098009,1
mqttsn_puro,1,paralelo,26,0.0,3.5373219980101567,2.3916690006444696,2.3916690006444696,,,,14.765931002330035,1
mqttsn_puro,1,paralelo,6,0.0,0.5265280015009921,0.5864550003025215,0.5864550003025215,,,,5.9290950011927634,1
mqttsn_puro,1,paralelo,29,0.0,2.657233999343589,3.3967439994739834,3.3967439994739834,,,,11.099372997705359,1
mqttsn_puro,1,paralelo,46,0.0,4.609256000549067,3.3437040001444984,3.3437040001444984,,,,9.79300300241448,1
mqttsn_puro,1,paralelo,59,0.0,5.8092860017495696,2.043450000201119,2.043450000201119,,,,10.253650998492958,1
mqttsn_puro,1,paralelo,30,0.0,0.9045839979080483,2.6183510017290246,2.6183510017290246,,,,8.894691000023158,1
mqttsn_puro,1,paralelo,40,0.0,2.8999770001973957,2.6059240008180495,2.6059240008180495,,,,8.12810700153932,1
mqttsn_puro,1,paralelo,20,0.0,3.563849997590296,2.103319999150699,2.103319999150699,,,,12.723244999506278,1
mqttsn_puro,1,paralelo,17,0.0,2.488386999175418,4.602045999490656,4.602045999490656,,,,14.836439997452544,1
mqttsn_puro,1,paralelo,11,0.0,0.8888379998097662,0.4595619975589216,0.4595619975589216,,,,6.8424950004555285,1
mqttsn_puro,1,paralelo,49,0.0,8.070064999628812,1.4259409981605131,1.4259409981605131,,,,15.695821999543114,1
mqttsn_puro,1,paralelo,55,0.0,2.0762299973284826,3.8381369995477144,3.8381369995477144,,,,9.243353000783827,1
mqttsn_puro,1,paralelo,3,0.0,4.48958900233265,0.5753959994763136,0.5753959994763136,,,,8.168819000275107,1
mqttsn_puro,1,paralelo,39,0.0,2.744661000178894,1.6390700002375524,1.6390700002375524,,,,20.271500998205738,1
mqttsn_puro,1,paralelo,16,0.0,1.6258470022876281,1.298967999900924,1.298967999900924,,,,12.389360999804921,1
mqttsn_puro,1,paralelo,65,0.0,4.498420999880182,1.8739560000540223,1.8739560000540223,,,,12.142259001848288,1
mqttsn_puro,1,paralelo,54,0.0,3.403315000468865,2.065340002445737,2.065340002445737,,,,8.90518400046858,1
mqttsn_puro,1,paralelo,23,0.0,4.052664000482764,5.391787002736237,5.391787002736237,,,,15.232112000376219,1
mqttsn_puro,1,paralelo,28,0.0,5.842029000632465,5.371320999984164,5.371320999984164,,,,15.86663800117094,1
mqttsn_puro,1,paralelo,38,0.0,2.949686000647489,1.1550529998203274,1.1550529998203274,,,,7.534346001193626,1
mqttsn_puro,1,paralelo,8,0.0,4.875899001490325,0.8341350003320258,0.8341350003320258,,,,9.95493499794975,1
mqttsn_puro,1,paralelo,34,0.0,2.645333999680588,4.42706100147916,4.42706100147916,,,,15.250470001774374,1
mqttsn_puro,1,paralelo,53,0.0,1.582695000251988,0.7378349982900545,0.7378349982900545,,,,6.1797649977961555,1
mqttsn_puro,1,paralelo,22,0.0,4.28318199919886,1.7223370014107786,1.7223370014107786,,,,11.567986999580171,1
mqttsn_puro,1,paralelo,43,0.0,9.616905001166742,1.5327159999287687,1.5327159999287687,,,,16.12953600124456,1
mqttsn_puro,1,paralelo,35,0.0,4.125942999962717,7.695639000303345,7.695639000303345,,,,14.80963400172186,1
mqttsn_puro,1,paralelo,25,0.0,4.195192999759456,2.9945040005259216,2.9945040005259216,,,,12.021130001812708,1
mqttsn_puro,1,paralelo,48,0.0,1.4030880010977853,1.2245280013303272,1.2245280013303272,,,,7.7405299998645205,1
mqttsn_puro,1,paralelo,5,0.0,0.32651799847371876,0.17195199689012952,0.17195199689012952,,,,5.721319001168013,1
mqttsn_puro,1,paralelo,52,0.0,6.733743997756392,1.7168209997180384,1.7168209997180384,,,,11.753334001696203,1
mqttsn_puro,1,paralelo,58,0.0,1.2893089988210704,1.5551479991700035,1.5551479991700035,,,,13.790985001833178,1
mqttsn_puro,1,paralelo,19,0.0,3.500884002278326,0.42490200212341733,0.42490200212341733,,,,11.940668999159243,1
mqttsn_puro,1,paralelo,10,0.0,4.087450000952231,3.168931001710007,3.168931001710007,,,,13.835346999258036,1
mqttsn_puro,1,paralelo,63,0.0,1.8869369996536989,1.3194140010455158,1.3194140010455158,,,,11.81943900155602,1
mqttsn_puro,1,paralelo,51,0.0,3.5315669992996845,3.457773000263842,3.457773000263842,,,,13.720269002078567,1
mqttsn_puro,1,paralelo,2,0.0,0.4410370020195842,0.4230839986121282,0.4230839986121282,,,,8.47431700094603,1
mqttsn_puro,1,paralelo,45,0.0,6.443194000894437,4.908798000542447,4.908798000542447,,,,13.713009000639431,1
mqttsn_puro,1,paralelo,42,0.0,2.346883000427624,2.8040020006301347,2.8040020006301347,,,,9.276156000851188,1
mqttsn_puro,1,paralelo,62,0.0,3.337244997965172,4.840978999709478,4.840978999709478,,,,13.065794999420177,1
mqttsn_puro,1,paralelo,61,0.0,1.2354550017334986,5.232547002378851,5.232547002378851,,,,9.553787996992469,1
mqttsn_puro,1,paralelo,37,0.0,3.092783997999504,2.3260089983523358,2.3260089983523358,,,,10.278742000082275,1
mqttsn_puro,1,paralelo,50,0.0,4.92834199758363,1.7756169982021675,1.7756169982021675,,,,16.453404001367744,1
mqttsn_puro,1,paralelo,13,0.0,2.157533999707084,0.725380999938352,0.725380999938352,,,,6.590967997908592,1
mqttsn_puro,1,paralelo,15,0.0,2.5305390008725226,2.7161910002178047,2.7161910002178047,,,,13.107214999763528,1
mqttsn_puro,1,paralelo,7,0.0,0.3189790004398674,1.7182730007334612,1.7182730007334612,,,,6.935297999007162,1
mqttsn_puro,1,paralelo,27,0.0,2.0324540018918924,0.16556999980821274,0.16556999980821274,,,,6.989351000811439,1
mqttsn_puro,1,paralelo,80,0.0,1.7349650006508455,2.1181000010983553,2.1181000010983553,,,,6.735774000844685,1
mqttsn_puro,1,paralelo,75,0.0,1.3774050021311268,6.055552999896463,6.055552999896463,,,,10.18052300059935,1
mqttsn_puro,1,paralelo,68,0.0,2.544024002418155,2.768490001471946,2.768490001471946,,,,14.702569002110977,1
mqttsn_puro,1,paralelo,72,0.0,3.1024979980429634,4.07303499741829,4.07303499741829,,,,11.233189001359278,1
mqttsn_puro,1,paralelo,76,0.0,1.3148840007488616,3.713875001267297,3.713875001267297,,,,8.107483001367655,1
mqttsn_puro,1,paralelo,71,0.0,5.662368999765022,2.8409910009941086,2.8409910009941086,,,,12.850388997321716,1
mqttsn_puro,1,paralelo,47,0.0,3.6848390009254217,5.005348000850063,5.005348000850063,,,,24.774432997219265,1
mqttsn_puro,1,paralelo,64,0.0,2.1346760004234966,7.346372000029078,7.346372000029078,,,,16.58336300170049,1
mqttsn_puro,1,paralelo,77,0.0,3.3530369983054698,2.8001239988952875,2.8001239988952875,,,,9.23061899811728,1
mqttsn_puro,1,paralelo,81,0.0,3.9476070014643483,2.620636998472037,2.620636998472037,,,,8.87004400283331,1
mqttsn_puro,1,paralelo,69,0.0,11.23551300042891,2.4991319987748284,2.4991319987748284,,,,15.524201000516769,1
mqttsn_puro,1,paralelo,83,0.0,3.041343999939272,2.6708250006777234,2.6708250006777234,,,,8.916245998989325,1
mqttsn_puro,1,paralelo,67,0.0,4.148846001044149,3.3146050009236205,3.3146050009236205,,,,12.40406600118149,1
mqttsn_puro,1,paralelo,70,0.0,5.26361700030975,4.6597189975727815,4.6597189975727815,,,,14.876437999191694,1
mqttsn_puro,1,paralelo,73,0.0,4.847986998356646,4.420247001689859,4.420247001689859,,,,14.668694999272702,1
mqttsn_puro,1,paralelo,78,0.0,1.949351997609483,8.429632001934806,8.429632001934806,,,,13.285851997352438,1
mqttsn_puro,1,paralelo,74,0.0,4.146105002291733,6.07831999877817,6.07831999877817,,,,16.14500499999849,1
mqttsn_puro,1,paralelo,84,0.0,2.9439070021908265,5.202399999689078,5.202399999689078,,,,12.494024998886744,1
mqttsn_puro,1,paralelo,93,0.0,0.7335709997278173,1.9949080015067011,1.9949080015067011,,,,9.790891999728046,1
mqttsn_puro,1,paralelo,86,0.0,3.2625259991618805,1.9017830018128734,1.9017830018128734,,,,12.076589999196585,1
mqttsn_puro,1,paralelo,90,0.0,3.3711599971866235,1.9797700006165542,1.9797700006165542,,,,10.552280000410974,1
mqttsn_puro,1,paralelo,85,0.0,3.246526001021266,2.4766669994278345,2.4766669994278345,,,,13.454616000672104,1
mqttsn_puro,1,paralelo,79,0.0,3.8554429993382655,2.1028169976489153,2.1028169976489153,,,,11.580243000935297,1
mqttsn_puro,1,paralelo,92,0.0,4.074298998602899,1.904208998894319,1.904208998894319,,,,11.305815001833253,1
mqttsn_puro,1,paralelo,94,0.0,1.9478450012684334,1.9108980013697874,1.9108980013697874,,,,10.908896998444106,1
mqttsn_puro,1,paralelo,100,0.0,0.9763159978319891,2.383069000643445,2.383069000643445,,,,8.548709000024246,1
mqttsn_puro,1,paralelo,97,0.0,1.7071160000341479,2.5142289996438194,2.5142289996438194,,,,10.689479000575375,1
mqttsn_puro,1,paralelo,88,0.0,4.508824997174088,2.097147000313271,2.097147000313271,,,,12.265010002010968,1
mqttsn_puro,1,paralelo,91,0.0,2.055471999483416,2.1441479984787293,2.1441479984787293,,,,11.270063998381374,1
mqttsn_puro,1,paralelo,95,0.0,1.7084399987652432,2.750845000264235,2.750845000264235,,,,11.316781001369236,1
mqttsn_puro,1,paralelo,89,0.0,3.8454099994851276,2.413506001175847,2.413506001175847,,,,12.868312001955928,1
mqttsn_puro,1,paralelo,96,0.0,1.7466630015405826,0.4759299990837462,0.4759299990837462,,,,10.723101997427875,1
mqttsn_puro,1,paralelo,87,0.0,3.710222001245711,3.0964750003477093,3.0964750003477093,,,,13.512055000319378,1
mqttsn_puro,1,paralelo,82,0.0,4.603328001394402,1.3458879984682426,1.3458879984682426,,,,13.536426002247026,1
mqttsn_puro,1,paralelo,98,0.0,2.6065370002470445,2.1593439996649977,2.1593439996649977,,,,9.578809000231558,1
mqttsn_puro,1,paralelo,99,0.0,2.694522001547739,0.8651339994685259,0.8651339994685259,,,,9.217421000357717,1
mqttsn_puro,2,paralelo,13,0.0,1.6143779976118822,4.101163001905661,,1.8479460013622884,2.2532170005433727,,7.544341999164317,1
mqttsn_puro,2,paralelo,42,0.0,5.997822001518216,5.150261000380851,,3.419022999878507,1.7312380005023442,,14.636736999818822,1
mqttsn_puro,2,paralelo,51,0.0,10.013118000642862,5.078096000943333,,1.6355280022253282,3.4425679987180047,,19.4062849986949,1
mqttsn_puro,2,paralelo,38,0.0,1.7301349980698433,8.275207997940015,,3.9974680003069807,4.277739997633034,,12.854248001531232,1
mqttsn_puro,2,paralelo,58,0.0,3.330457999254577,5.008616000850452,,2.851844001270365,2.156771999580087,,11.851307001052191,1
mqttsn_puro,2,paralelo,4,0.0,1.4810209977440536,4.848402000789065,,2.0802389990421943,2.7681630017468706,,9.594933999323985,1
mqttsn_puro,2,paralelo,37,0.0,0.8346759968844708,1.5178860012383666,,1.1066549996030517,0.4112310016353149,,4.086139997525606,1
mqttsn_puro,2,paralelo,25,0.0,3.4515799998189323,7.701583999732975,,5.2774259966099635,2.4241580031230114,,17.457709000154864,1
mqttsn_puro,2,paralelo,1,0.0,1.732346001517726,3.765208999539027,,1.776122000592295,1.989086998946732,,9.41141400107881,1
mqttsn_puro,2,paralelo,54,0.0,2.4272080008813646,4.91565099946456,,1.6249280015472323,3.290722997917328,,14.521260000037728,1
mqttsn_puro,2,paralelo,9,0.0,1.9495030028338078,5.415161998826079,,1.4138259975879919,4.001336001238087,,22.524243999214377,1
mqttsn_puro,2,paralelo,41,0.0,2.6004840001405682,5.126997002662392,,2.9448530003719497,2.1821440022904426,,16.354614002921153,1
mqttsn_puro,2,paralelo,69,0.0,0.5343019984138664,3.4387209998385515,,2.264839000417851,1.1738819994207006,,11.062483001296641,1
mqttsn_puro,2,paralelo,17,0.0,4.047752998303622,8.07538400113117,,5.697373999282718,2.378010001848452,,17.811551999329822,1
mqttsn_puro,2,paralelo,74,0.0,0.714019999577431,9.50465899950359,,4.027505998237757,5.477153001265833,,12.363030997221358,1
mqttsn_puro,2,paralelo,67,0.0,1.4915780011506286,2.972326001327019,,1.4240119999158196,1.5483140014111996,,12.501863999204943,1
mqttsn_puro,2,paralelo,80,0.0,1.619867001863895,1.1107890022685751,,0.2762990006885957,0.8344900015799794,,10.440277997986414,1
mqttsn_puro,2,paralelo,12,0.0,0.3934979977202602,6.241687999136047,,5.675986998539884,0.5657010005961638,,9.639030999096576,1
mqttsn_puro,2,paralelo,19,0.0,5.260930000076769,15.700881998782279,,11.006737000570865,4.694144998211414,,37.83082199879573,1
mqttsn_puro,2,paralelo,56,0.0,1.7179719980049413,5.286711999360705,,2.1282270026858896,3.158484996674815,,16.374581999116344,1
mqttsn_puro,2,paralelo,50,0.0,7.711525999184232,5.798106001748238,,1.2394250006764196,4.558681001071818,,22.046316000341903,1
mqttsn_puro,2,paralelo,30,0.0,2.0135369995841756,3.792995001276722,,1.4378370033227839,2.3551579979539383,,14.617124998039799,1
mqttsn_puro,2,paralelo,49,0.0,2.4647740028740373,2.6654199973563664,,1.3012509989493992,1.3641689984069671,,18.80270699984976,1
mqttsn_puro,2,paralelo,27,0.0,5.1853680015483405,5.5333050004264805,,1.4601289985876065,4.073176001838874,,17.219908000697615,1
mqttsn_puro,2,paralelo,33,0.0,3.1678509985795245,4.687532000389183,,1.7056690012395848,2.981862999149598,,10.066552000353113,1
mqttsn_puro,2,paralelo,6,0.0,0.8874580016708933,5.155465998541331,,4.154989997914527,1.0004760006268043,,8.620239997981116,1
mqttsn_puro,2,paralelo,73,0.0,1.311700001679128,8.751776000281097,,1.3082240002404433,7.443552000040654,,15.751407001516782,1
mqttsn_puro,2,paralelo,32,0.0,0.4698610027844552,4.161505999945803,,1.4642159985669423,2.6972900013788603,,10.192772999289446,1
mqttsn_puro,2,paralelo,16,0.0,1.4958659994590562,12.588574998517288,,2.5690889997349586,10.01948599878233,,17.44740499998443,1
mqttsn_puro,2,paralelo,11,0.0,0.9705699994810857,1.957697000761982,,0.721528002031846,1.236168998730136,,6.2312690024555195,1
mqttsn_puro,2,paralelo,36,0.0,3.6228470016794745,2.947864999441663,,0.7942650008772034,2.1535999985644594,,11.385047997464426,1
mqttsn_puro,2,paralelo,31,0.0,6.432010999560589,3.2940589990175795,,1.4691659998788964,1.824892999138683,,15.219098997476976,1
mqttsn_puro,2,paralelo,3,0.0,0.5133959966769908,3.362744002515683,,1.722813001833856,1.6399310006818268,,5.860589000803884,1
mqttsn_puro,2,paralelo,40,0.0,1.7338879988528788,5.971211998257786,,5.092918996524531,0.8782930017332546,,11.416124998504529,1
mqttsn_puro,2,paralelo,62,0.0,1.8751720017462503,3.263157999754185,,1.8076069973176345,1.4555510024365503,,7.1790280017012265,1
mqttsn_puro,2,paralelo,47,0.0,4.5045210026728455,1.6834779999044258,,0.7861650010454468,0.897312998858979,,13.673219000338577,1
mqttsn_puro,2,paralelo,22,0.0,8.31017000018619,8.043439000175567,,3.9532509981654584,4.090188002010109,,21.189848997892113,1
mqttsn_puro,2,paralelo,23,0.0,9.428418001334649,2.6184320013271645,,0.7167340008891188,1.9016980004380457,,18.964775001222733,1
mqttsn_puro,2,paralelo,76,0.0,0.5072420026408508,3.820496000116691,,0.3375430023879744,3.4829529977287166,,10.27502299984917,1
mqttsn_puro,2,paralelo,24,0.0,2.125972998328507,1.328823000221746,,0.760385999456048,0.568437000765698,,17.482605999248335,1
mqttsn_puro,2,paralelo,8,0.0,0.4413780006871093,1.5400890006276313,,0.9625550010241568,0.5775339996034745,,8.550746002583764,1
mqttsn_puro,2,paralelo,55,0.0,6.280726000113646,2.2598649993597064,,2.1206940000411123,0.1391709993185941,,11.461045000032755,1
mqttsn_puro,2,paralelo,46,0.0,1.7359960002067965,4.601461001584539,,1.8751720017462503,2.726288999838289,,14.501574001769768,1
mqttsn_puro,2,paralelo,72,0.0,4.374275002192007,4.485063000174705,,2.5560440008121077,1.9290189993625972,,15.48676099992008,1
mqttsn_puro,2,paralelo,70,0.0,4.59441400016658,1.9357909986865707,,0.5057380003563594,1.4300529983302113,,8.444150000286754,1
mqttsn_puro,2,paralelo,68,0.0,2.8407849968061782,2.057228997728089,,0.9461139998165891,1.1111149979114998,,9.606621002603788,1
mqttsn_puro,2,paralelo,64,0.0,1.6976049992081244,6.009673998050857,,1.9582540007831994,4.051419997267658,,9.913010999298422,1
mqttsn_puro,2,paralelo,59,0.0,6.013220001477748,1.7643599967414048,,0.6177489995025098,1.146610997238895,,10.908022999501554,1
mqttsn_puro,2,paralelo,45,0.0,1.5248960007738788,5.604969999694731,,3.8995510003587697,1.7054189993359614,,10.356298000260722,1
mqttsn_puro,2,paralelo,35,0.0,2.9891710000811145,8.268607001809869,,4.320503001508769,3.9481040003011003,,14.035402997251367,1
mqttsn_puro,2,paralelo,26,0.0,3.6975050024921075,6.319651001831517,,5.363021002267487,0.9566299995640293,,13.574939999671187,1
mqttsn_puro,2,paralelo,5,0.0,1.8378130007477012,3.6683670005004387,,1.570907999848714,2.0974590006517246,,8.551729999453528,1
mqttsn_puro,2,paralelo,15,0.0,1.4381580003828276,22.764643999835243,,18.732018001173856,4.032625998661388,,32.08106500096619,1
mqttsn_puro,2,paralelo,71,0.0,4.590475000441074,6.793829998059664,,5.752424000093015,1.041405997966649,,17.022463001922006,1
mqttsn_puro,2,paralelo,10,0.0,3.2932879985310137,2.975651001179358,,1.7577270009496715,1.2179240002296865,,10.743333998107119,1
mqttsn_puro,2,paralelo,78,0.0,0.9927829996740911,6.754408997949213,,2.91975599975558,3.834652998193633,,11.713561998476507,1
mqttsn_puro,2,paralelo,39,0.0,0.9769730022526346,6.665763998171315,,4.37258199963253,2.2931819985387847,,13.531879001675406,1
mqttsn_puro,2,paralelo,14,0.0,12.590165002620779,3.930300001229625,,1.5495740008191206,2.3807260004105046,,23.219426002469845,1
mqttsn_puro,2,paralelo,20,0.0,3.682386999571463,9.969767001166474,,6.006159001117339,3.9636080000491347,,21.68228799928329,1
mqttsn_puro,2,paralelo,44,0.0,1.2947290015290491,4.608328999893274,,1.214282998262206,3.394046001631068,,15.666137001971947,1
mqttsn_puro,2,paralelo,2,0.0,1.8177589990955312,3.503323001496028,,2.354929001739947,1.148393999756081,,9.172676996968221,1
mqttsn_puro,2,paralelo,29,0.0,4.828298002394149,3.172213000652846,,1.6001700023480225,1.5720429983048234,,14.848915998300072,1
mqttsn_puro,2,paralelo,28,0.0,1.5228000011120457,2.3604529997101054,,1.4228689979063347,0.9375840018037707,,14.912229002220556,1
mqttsn_puro,2,paralelo,18,0.0,1.3652609995915554,12.794070000381907,,7.810923001670744,4.983146998711163,,17.232565998710925,1
mqttsn_puro,2,paralelo,34,0.0,4.676141001255019,7.42368699866347,,3.5429620002105366,3.8807249984529335,,13.906076001148904,1
mqttsn_puro,2,paralelo,52,0.0,2.0583760015142616,2.361119000852341,,1.951941001607338,0.40917799924500287,,9.822033000091324,1
mqttsn_puro,2,paralelo,57,0.0,0.9909590007737279,3.459098999883281,,2.2495600023830775,1.2095389975002035,,7.924395002191886,1
mqttsn_puro,2,paralelo,43,0.0,1.35608799973852,2.678698998352047,,1.5398280011140741,1.138870997237973,,9.697942001366755,1
mqttsn_puro,2,paralelo,77,0.0,0.8363089982594829,6.602334000490373,,4.087198001798242,2.5151359986921307,,11.272956999164307,1
mqttsn_puro,2,paralelo,53,0.0,2.6748290001705755,9.52348599821562,,8.936752998124575,0.5867330000910442,,29.11169099752442,1
mqttsn_puro,2,paralelo,7,0.0,5.393034000007901,3.155575002892874,,0.6023610003467184,2.553214002546156,,11.536230998899555,1
mqttsn_puro,2,paralelo,21,0.0,1.041243001964176,10.011712998675648,,4.190365001704777,5.8213479969708715,,13.915475999965565,1
mqttsn_puro,2,paralelo,61,0.0,7.247506000567228,1.5799969987710938,,0.16659199900459498,1.4134049997664988,,20.74472900130786,1
mqttsn_puro,2,paralelo,81,0.0,5.117950000567362,1.4179720019456,,0.43644900142680854,0.9815230005187914,,10.32989800296491,1
mqttsn_puro,2,paralelo,82,0.0,0.8305900009872857,4.040281997731654,,2.370944999711355,1.6693369980202988,,9.606825999071589,1
mqttsn_puro,2,paralelo,75,0.0,0.8012430007511284,6.619912001042394,,4.396066000481369,2.223846000561025,,16.71243500095443,1
mqttsn_puro,2,paralelo,79,0.0,0.7278349985426757,5.396442997152917,,2.6303339982405305,2.7661089989123866,,11.918996999156661,1
mqttsn_puro,2,paralelo,84,0.0,2.2625339988735504,6.901696997374529,,4.355730998213403,2.545965999161126,,11.55737499720999,1
mqttsn_puro,2,paralelo,65,0.0,3.118680000625318,3.946636999899056,,1.822451999032637,2.1241850008664187,,14.087791001657024,1
mqttsn_puro,2,paralelo,83,0.0,0.23587299801874906,4.414807001012377,,0.51146900295862,3.9033379980537575,,12.236488997587003,1
mqttsn_puro,2,paralelo,85,0.0,1.579452000441961,2.5489319996268023,,1.8015400019066874,0.7473919977201149,,11.416624998673797,1
mqttsn_puro,2,paralelo,91,0.0,0.8342750006704591,5.615564998151967,,1.1344579979777336,4.481107000174234,,7.774935002089478,1
mqttsn_puro,2,paralelo,48,0.0,5.2965600007155444,17.168515998491785,,12.382561999402242,4.785953999089543,,32.31256400249549,1
mqttsn_puro,2,paralelo,89,0.0,2.5757009971130174,6.03015399974538,,0.6111769980634563,5.418977001681924,,11.998399000731297,1
mqttsn_puro,2,paralelo,63,0.0,4.77342799786129,11.134362997836433,,9.869162997347303,1.2652000004891306,,24.508515998604707,1
mqttsn_puro,2,paralelo,92,0.0,1.2764800012519117,4.014832997199846,,3.1388989991683047,0.8759339980315417,,10.023955001088325,1
mqttsn_puro,2,paralelo,95,0.0,2.070520000415854,0.983635000011418,,0.7247600005939603,0.25887499941745773,,4.887458999291994,1
mqttsn_puro,2,paralelo,66,0.0,4.607949002092937,14.100682001298992,,12.783801001205575,1.3168810000934172,,24.64645999862114,1
mqttsn_puro,2,paralelo,87,0.0,3.2544860005145893,2.4718219974602107,,1.5588899987051263,0.9129319987550844,,14.230044002033537,1
mqttsn_puro,2,paralelo,97,0.0,1.3937900002929382,2.8401130002748687,,1.9962360020144843,0.8438769982603844,,5.500520001078257,1
mqttsn_puro,2,paralelo,96,0.0,0.2759929993771948,2.4253400006273296,,2.215115000581136,0.2102250000461936,,5.773160999524407,1
mqttsn_puro,2,paralelo,60,0.0,2.5453849993937183,14.724962999025593,,13.517056999262422,1.2079059997631703,,26.577049000479747,1
mqttsn_puro,2,paralelo,98,0.0,0.9865609972621314,1.6466329980175942,,0.5035789981775451,1.143053999840049,,5.641799001750769,1
mqttsn_puro,2,paralelo,100,0.0,0.7237520003400277,0.948780001635896,,0.5426330026239157,0.40614699901198037,,4.216690998873673,1
mqttsn_puro,2,paralelo,94,0.0,0.9123919990088325,0.985237998975208,,0.42121500155190006,0.564022997423308,,4.09100400065654,1
mqttsn_puro,2,paralelo,99,0.0,2.323819000594085,1.513103001343552,,0.9421469985682052,0.5709560027753469,,5.756147998909,1
mqttsn_puro,2,paralelo,90,0.0,0.6726120009261649,1.793964001990389,,0.31765500170877203,1.476309000281617,,6.311309996817727,1
mqttsn_puro,2,paralelo,93,0.0,1.4483560007647611,1.0553699976298958,,0.7258669975271914,0.3295030001027044,,6.760337000741856,1
mqttsn_puro,2,paralelo,86,0.0,1.9174459994246718,0.6854509992990643,,0.3845870014629327,0.3008639978361316,,11.300652000500122,1
mqttsn_puro,2,paralelo,88,0.0,1.8061679984384682,1.0276269968017004,,0.7265619969984982,0.3010649998032022,,15.760253998450935,1
mqttsn_puro,3,paralelo,10,,,10.47570799710229,,,,,10.475897997821448,1                                                                                                                                                                                                                                             
mqttsn_puro,3,paralelo,22,,,12.219093001476722,,,,,12.219323001772864,1                                                                                                                                                                                                                                            
mqttsn_puro,3,paralelo,7,,,10.195506001764443,,,,,10.195746002864325,1                                                                                                                                                                                                                                             
mqttsn_puro,3,paralelo,36,,,11.042057001759531,,,,,11.042336998798419,1                                                                                                                                                                                                                                            
mqttsn_puro,3,paralelo,19,,,10.46217199836974,,,,,10.462442998687038,1                                                                                                                                                                                                                                             
mqttsn_puro,3,paralelo,1,,,10.130263999599265,,,,,10.130443999514682,1                                                                                                                                                                                                                                             
mqttsn_puro,3,paralelo,16,,,10.572384999250062,,,,,10.572625000349944,1                                                                                                                                                                                                                                            
mqttsn_puro,3,paralelo,4,,,10.119113001564983,,,,,10.119324000697816,1                                                                                                                                                                                                                                             
mqttsn_puro,3,paralelo,33,,,10.385374996985774,,,,,10.385604997281916,1                                                                                                                                                                                                                                            
mqttsn_puro,3,paralelo,30,,,10.176390002015978,,,,,10.176650001085363,1                                                                                                                                                                                                                                            
mqttsn_puro,3,paralelo,12,,,10.226539998257067,,,,,10.226759997749468,1                                                                                                                                                                                                                                            
mqttsn_puro,3,paralelo,27,,,10.609002998535288,,,,,10.609223001665669,1                                                                                                                                                                                                                                            
mqttsn_puro,3,paralelo,24,,,10.681820996978786,,,,,10.682000996894203,1                                                                                                                                                                                                                                            
mqttsn_puro,3,paralelo,9,,,10.462322999956086,,,,,10.46256400150014,1                                                                                                                                                                                                                                              
mqttsn_puro,3,paralelo,21,,,12.335531999269733,,,,,12.335751998762134,1                                                                                                                                                                                                                                            
mqttsn_puro,3,paralelo,35,,,11.157368000567658,,,,,11.157649001688696,1                                                                                                                                                                                                                                            
mqttsn_puro,3,paralelo,6,,,10.164708000957035,,,,,10.164868999709142,1                                                                                                                                                                                                                                             
mqttsn_puro,3,paralelo,18,,,10.366648002673173,,,,,10.366877999331336,1                                                                                                                                                                                                                                            
mqttsn_puro,3,paralelo,15,,,10.438508998049656,,,,,10.438708999572555,1                                                                                                                                                                                                                                            
mqttsn_puro,3,paralelo,3,,,10.452765000081854,,,,,10.452995000377996,1                                                                                                                                                                                                                                             
mqttsn_puro,3,paralelo,32,,,10.371782002039254,,,,,10.371981999924174,1                                                                                                                                                                                                                                            
mqttsn_puro,3,paralelo,29,,,10.515612000745023,,,,,10.515853002289077,1                                                                                                                                                                                                                                            
mqttsn_puro,3,paralelo,11,,,10.264198997901985,,,,,10.264398999424884,1                                                                                                                                                                                                                                            
mqttsn_puro,3,paralelo,26,,,10.340382999856956,,,,,10.340682998503326,1                                                                                                                                                                                                                                            
mqttsn_puro,3,paralelo,23,,,10.072668999782763,,,,,10.072899000078905,1                                                                                                                                                                                                                                            
mqttsn_puro,3,paralelo,8,,,10.373160999733955,,,,,10.373381002864335,1                                                                                                                                                                                                                                             
mqttsn_puro,3,paralelo,20,,,10.563503001321806,,,,,10.563793999608606,1                                                                                                                                                                                                                                            
mqttsn_puro,3,paralelo,34,,,11.293243998807156,,,,,11.293523999484023,1                                                                                                                                                                                                                                            
mqttsn_puro,3,paralelo,17,,,10.571661998255877,,,,,10.57189299899619,1                                                                                                                                                                                                                                             
mqttsn_puro,3,paralelo,5,,,10.272996998537565,,,,,10.273216998029966,1                                                                                                                                                                                                                                             
mqttsn_puro,3,paralelo,2,,,11.258341000939254,,,,,11.25861100081238,1                                                                                                                                                                                                                                              
mqttsn_puro,3,paralelo,14,,,10.824295000929851,,,,,10.824485001649009,1                                                                                                                                                                                                                                            
mqttsn_puro,3,paralelo,39,,,10.319383000023663,,,,,10.319583001546562,1                                                                                                                                                                                                                                            
mqttsn_puro,3,paralelo,31,,,10.301198999513872,,,,,10.301418999006273,1                                                                                                                                                                                                                                            
mqttsn_puro,3,paralelo,13,,,10.224825997283915,,,,,10.225046997220488,1                                                                                                                                                                                                                                            
mqttsn_puro,3,paralelo,28,,,10.220723997917958,,,,,10.220994998235255,1                                                                                                                                                                                                                                            
mqttsn_puro,3,paralelo,25,,,10.397680001915433,,,,,10.397931000625249,1                                                                                                                                                                                                                                            
mqttsn_puro,3,paralelo,41,,,10.590697998850374,,,,,10.590909001621185,1                                                                                                                                                                                                                                            
mqttsn_puro,3,paralelo,40,,,10.835318000317784,,,,,10.835478002263699,1                                                                                                                                                                                                                                            
mqttsn_puro,3,paralelo,38,,,10.716515000240179,,,,,10.71673499973258,1                                                                                                                                                                                                                                             
mqttsn_puro,3,paralelo,42,,,10.81639800031553,,,,,10.816617999807931,1                                                                                                                                                                                                                                             
mqttsn_puro,3,paralelo,45,,,10.419240999908652,,,,,10.419492002256447,1                                                                                                                                                                                                                                            
mqttsn_puro,3,paralelo,46,,,10.509299998375354,,,,,10.50955999744474,1                                                                                                                                                                                                                                             
mqttsn_puro,3,paralelo,43,,,10.937306000414537,,,,,10.937486000329955,1                                                                                                                                                                                                                                            
mqttsn_puro,3,paralelo,47,,,10.509138999623246,,,,,10.50935999955982,1                                                                                                                                                                                                                                             
mqttsn_puro,3,paralelo,48,,,10.42464100100915,,,,,10.424812000564998,1                                                                                                                                                                                                                                             
mqttsn_puro,3,paralelo,49,,,10.2582280014758,,,,,10.258467998937704,1                                                                                                                                                                                                                                              
mqttsn_puro,3,paralelo,44,,,10.531312000239268,,,,,10.531513002206339,1                                                                                                                                                                                                                                            
mqttsn_puro,3,paralelo,37,,,12.286131001019385,,,,,12.286352000955958,1                                                                                                                                                                                                                                            
mqttsn_puro,3,paralelo,51,,,10.222617002000334,,,,,10.222806999081513,1                                                                                                                                                                                                                                            
mqttsn_puro,3,paralelo,50,,,10.717262000980554,,,,,10.717491997638717,1                                                                                                                                                                                                                                            
mqttsn_puro,3,paralelo,57,,,10.100131999934092,,,,,10.100352003064472,1                                                                                                                                                                                                                                            
mqttsn_puro,3,paralelo,52,,,10.58211299823597,,,,,10.582363000139594,1                                                                                                                                                                                                                                             
mqttsn_puro,3,paralelo,55,,,10.63973599957535,,,,,10.63991699993494,1                                                                                                                                                                                                                                              
mqttsn_puro,3,paralelo,53,,,10.962052998365834,,,,,10.962272997858236,1                                                                                                                                                                                                                                            
mqttsn_puro,3,paralelo,58,,,10.276252000039676,,,,,10.276492997945752,1                                                                                                                                                                                                                                            
mqttsn_puro,3,paralelo,54,,,10.997497996868333,,,,,10.997759000019869,1                                                                                                                                                                                                                                            
mqttsn_puro,3,paralelo,56,,,10.663542001566384,,,,,10.663732002285542,1                                                                                                                                                                                                                                            
mqttsn_puro,3,paralelo,62,,,10.424286996567389,,,,,10.424476997286547,1                                                                                                                                                                                                                                            
mqttsn_puro,3,paralelo,59,,,10.839778999070404,,,,,10.839979000593303,1                                                                                                                                                                                                                                            
mqttsn_puro,3,paralelo,60,,,10.80262299728929,,,,,10.802802997204708,1                                                                                                                                                                                                                                             
mqttsn_puro,3,paralelo,61,,,10.662017000868218,,,,,10.662217002391117,1                                                                                                                                                                                                                                            
mqttsn_puro,3,paralelo,66,,,10.186193998379167,,,,,10.186404000705807,1                                                                                                                                                                                                                                            
mqttsn_puro,3,paralelo,69,,,10.44210000327439,,,,,10.44238100075745,1
mqttsn_puro,3,paralelo,70,,,10.860141999728512,,,,,10.86033200044767,1                                                                                                                                                                                                                                             
mqttsn_puro,3,paralelo,65,,,11.59417099916027,,,,,11.594360999879427,1                                                                                                                                                                                                                                             
mqttsn_puro,3,paralelo,63,,,12.0204350023414,,,,,12.020676000247477,1                                                                                                                                                                                                                                              
mqttsn_puro,3,paralelo,72,,,10.426174998428905,,,,,10.42641599997296,1                                                                                                                                                                                                                                             
mqttsn_puro,3,paralelo,68,,,10.421827002573991,,,,,10.422038001706824,1                                                                                                                                                                                                                                            
mqttsn_puro,3,paralelo,67,,,10.047298001154559,,,,,10.047579002275597,1                                                                                                                                                                                                                                            
mqttsn_puro,3,paralelo,71,,,10.822652002389077,,,,,10.822822001500754,1                                                                                                                                                                                                                                            
mqttsn_puro,3,paralelo,64,,,11.96460999926785,,,,,11.964849996729754,1                                                                                                                                                                                                                                             
mqttsn_puro,3,paralelo,73,,,10.422552997624734,,,,,10.422752999147633,1                                                                                                                                                                                                                                            
mqttsn_puro,3,paralelo,75,,,10.112805000972003,,,,,10.113005002494901,1                                                                                                                                                                                                                                            
mqttsn_puro,3,paralelo,74,,,10.07140799993067,,,,,10.071698998217471,1                                                                                                                                                                                                                                             
mqttsn_puro,3,paralelo,76,,,10.302613001840655,,,,,10.302802998921834,1                                                                                                                                                                                                                                            
mqttsn_puro,3,paralelo,79,,,10.189504999289056,,,,,10.189705000811955,1                                                                                                                                                                                                                                            
mqttsn_puro,3,paralelo,78,,,10.522584998398088,,,,,10.522935997869354,1                                                                                                                                                                                                                                            
mqttsn_puro,3,paralelo,82,,,10.511915999813937,,,,,10.512185999687063,1                                                                                                                                                                                                                                            
mqttsn_puro,3,paralelo,83,,,10.441353999340208,,,,,10.441554000863107,1                                                                                                                                                                                                                                            
mqttsn_puro,3,paralelo,77,,,11.134027001389768,,,,,11.134237000078429,1                                                                                                                                                                                                                                            
mqttsn_puro,3,paralelo,80,,,10.749388999101939,,,,,10.749629000201821,1                                                                                                                                                                                                                                            
mqttsn_puro,3,paralelo,81,,,10.876637999899685,,,,,10.876878000999568,1                                                                                                                                                                                                                                            
mqttsn_puro,3,paralelo,86,,,10.156325999560067,,,,,10.156606000236934,1                                                                                                                                                                                                                                            
mqttsn_puro,3,paralelo,85,,,10.364223999204114,,,,,10.364443998696515,1                                                                                                                                                                                                                                            
mqttsn_puro,3,paralelo,88,,,10.170344001380727,,,,,10.170625002501765,1                                                                                                                                                                                                                                            
mqttsn_puro,3,paralelo,89,,,10.580173999187537,,,,,10.580384998320369,1                                                                                                                                                                                                                                            
mqttsn_puro,3,paralelo,87,,,10.781564000353683,,,,,10.781783999846084,1                                                                                                                                                                                                                                            
mqttsn_puro,3,paralelo,84,,,11.085946000093827,,,,,11.086146998422919,1                                                                                                                                                                                                                                            
mqttsn_puro,3,paralelo,90,,,10.464287999639055,,,,,10.464457998750731,1                                                                                                                                                                                                                                            
mqttsn_puro,3,paralelo,91,,,10.153571998671396,,,,,10.153792998607969,1                                                                                                                                                                                                                                            
mqttsn_puro,3,paralelo,97,,,10.67301999864867,,,,,10.67333999890252,1                                                                                                                                                                                                                                              
mqttsn_puro,3,paralelo,98,,,10.694871001760475,,,,,10.695082000893308,1                                                                                                                                                                                                                                            
mqttsn_puro,3,paralelo,94,,,11.62648299941793,,,,,11.626673996943282,1                                                                                                                                                                                                                                             
mqttsn_puro,3,paralelo,95,,,10.990236998623004,,,,,10.990556998876855,1                                                                                                                                                                                                                                            
mqttsn_puro,3,paralelo,92,,,10.993864001648035,,,,,10.994164000294404,1                                                                                                                                                                                                                                            
mqttsn_puro,3,paralelo,93,,,10.970895000355085,,,,,10.971185998641886,1                                                                                                                                                                                                                                            
mqttsn_puro,3,paralelo,96,,,11.56281899966416,,,,,11.563029998796992,1                                                                                                                                                                                                                                             
mqttsn_puro,3,paralelo,100,,,10.368071001721546,,,,,10.368281000410207,1                                                                                                                                                                                                                                           
mqttsn_puro,3,paralelo,99,,,11.077384999225615,,,,,11.077615999965928,1