cenario,qos,modo,cliente_id,t_connect_ms,t_register_ms,t_publish_ms,t_puback_ms,t_pubrec_ms,t_relcomp_ms,t_disconnect_ms,t_total_ms,sucesso
p4_secsn,0,serial,1,0.0,1.81097400127328,0.026580000849207863,,,,3.4348819972365163,7.797747999575222,1
p4_secsn,0,serial,2,0.0,2.271361998282373,0.02552799924160354,,,,2.4777779981377535,7.214082997961668,1
p4_secsn,0,serial,3,0.0,2.1077989986224566,0.028063001082045957,,,,3.3368320000590757,7.885524999437621,1
p4_secsn,0,serial,4,0.0,2.2054529981687665,0.026198998966719955,,,,3.3043570001609623,8.225759000197286,1
p4_secsn,0,serial,5,0.0,2.6336800001445226,0.024795997887849808,,,,3.336131998366909,8.20430900057545,1
p4_secsn,0,serial,6,0.0,1.6858829985721968,0.04344099943409674,,,,2.591385997220641,6.748528998286929,1
p4_secsn,0,serial,7,0.0,2.9340330002014525,0.02663999839569442,,,,3.351875999214826,9.914363999996567,1
p4_secsn,0,serial,8,0.0,2.164175999496365,0.028143000236013904,,,,3.251903002819745,8.46289900073316,1
p4_secsn,0,serial,9,0.0,2.065454998955829,0.029164999432396144,,,,2.5281569978687912,6.826996999734547,1
p4_secsn,0,serial,10,0.0,2.289730000484269,0.026749999960884452,,,,2.3409619971062057,7.992994000233011,1
p4_secsn,0,serial,11,0.0,2.8617799980565906,0.02768199919955805,,,,4.366924000350991,10.201547000178834,1
p4_secsn,0,serial,12,0.0,5.5590070005564485,0.03811100032180548,,,,10.383135999290971,22.310718002700014,1
p4_secsn,0,serial,13,0.0,7.158725002227584,0.026119003450730816,,,,11.068660001910757,25.894041998981265,1
p4_secsn,0,serial,14,0.0,2.3502750009356532,0.025387998903170228,,,,2.8356959992379416,8.643459997983882,1
p4_secsn,0,serial,15,0.0,2.2457820014096797,0.025107001420110464,,,,2.9852719999325927,7.337946000916418,1
p4_secsn,0,serial,16,0.0,4.878972998994868,0.02511700222385116,,,,8.169640001142398,15.305330001865514,1
p4_secsn,0,serial,17,0.0,1.9858599989674985,0.026529000024311244,,,,2.488623998942785,7.539106001786422,1
p4_secsn,0,serial,18,0.0,4.147020998061635,0.027861999114975333,,,,4.286382998543559,10.61148499866249,1
p4_secsn,0,serial,19,0.0,2.3775650006427895,0.02677999873412773,,,,3.9947350014699623,10.757346000900725,1
p4_secsn,0,serial,20,0.0,1.7135710004367866,0.027070000214735046,,,,2.2324130004562903,6.5071750032075215,1
p4_secsn,0,serial,21,0.0,1.8287960010638926,0.026950001483783126,,,,3.8137369992909953,7.707683002081467,1
p4_secsn,0,serial,22,0.0,2.5470820000919048,0.05059500108473003,,,,3.027242000825936,7.742908001091564,1
p4_secsn,0,serial,23,0.0,2.523097999073798,0.02495700027793646,,,,3.1232630026352126,8.044845999393146,1
p4_secsn,0,serial,24,0.0,2.1543170005315915,0.04351199822849594,,,,2.490145998308435,7.122616996639408,1
p4_secsn,0,serial,25,0.0,1.779404999979306,0.023975000658538193,,,,3.321413998492062,6.768071998521918,1
p4_secsn,0,serial,26,0.0,2.599580999230966,0.025567998818587512,,,,2.32245200095349,7.741547000478022,1
p4_secsn,0,serial,27,0.0,1.6502420003234874,0.02542699803598225,,,,3.0024409970792476,6.938796999747865,1
p4_secsn,0,serial,28,0.0,2.109944001858821,0.07098299829522148,,,,2.2138679996714927,6.814854001277126,1
p4_secsn,0,serial,29,0.0,5.097451998153701,0.024295000912388787,,,,5.775603000074625,16.250663000391796,1
p4_secsn,0,serial,30,0.0,4.325205001805443,0.02473600034136325,,,,5.3487229997699615,14.14661899980274,1
p4_secsn,0,serial,31,0.0,4.166967002674937,0.02497699824743904,,,,4.394834999402519,12.345863997325068,1
p4_secsn,0,serial,32,0.0,3.3985680020123255,0.025106997782131657,,,,8.798929000477074,14.71466499788221,1
p4_secsn,0,serial,33,0.0,3.2180500020331237,0.02474599750712514,,,,3.5702649984159507,10.736633001215523,1
p4_secsn,0,serial,34,0.0,1.744855002471013,0.024615997972432524,,,,4.4689149981422815,8.14609000008204,1
p4_secsn,0,serial,35,0.0,5.672719998983666,0.024716002371860668,,,,4.771751999214757,15.02681800047867,1
p4_secsn,0,serial,36,0.0,1.898218000860652,0.025558001652825624,,,,1.9327519985381514,5.785752000520006,1
p4_secsn,0,serial,37,0.0,1.8022530020971317,0.02452600165270269,,,,2.330652001546696,5.761470998550067,1
p4_secsn,0,serial,38,0.0,1.4979679981479421,0.025648001610534266,,,,2.5791959997150116,5.882330999156693,1
p4_secsn,0,serial,39,0.0,1.8654429986781906,0.02727100218180567,,,,2.3778849972586613,5.905622001591837,1
p4_secsn,0,serial,40,0.0,1.5670669999963138,0.03962400296586566,,,,2.8912480011058506,6.047632999980124,1
p4_secsn,0,serial,41,0.0,1.9341349980095401,0.04251000063959509,,,,3.1673140001657885,7.30245299928356,1
p4_secsn,0,serial,42,0.0,2.316430000064429,0.024346001737285405,,,,3.3006550002028234,8.180519998859381,1
p4_secsn,0,serial,43,0.0,2.2809139991295524,0.022000996978022158,,,,2.9272949977894314,7.638883998879464,1
p4_secsn,0,serial,44,0.0,2.4833329989633057,0.022102001821622252,,,,3.29914100075257,8.00375699691358,1
p4_secsn,0,serial,45,0.0,3.081343998928787,0.025637997168814763,,,,3.545925999787869,9.973590000299737,1
p4_secsn,0,serial,46,0.0,2.4074510001810268,0.043571999412961304,,,,3.8741490025131498,8.694691001437604,1
p4_secsn,0,serial,47,0.0,3.708510001160903,0.04992400135961361,,,,4.8211140019702725,12.465219002478989,1
p4_secsn,0,serial,48,0.0,2.081159000226762,0.023653999960515648,,,,3.552445999957854,8.016661999135977,1
p4_secsn,0,serial,49,0.0,2.110564997565234,0.022803000319981948,,,,2.9109349998179823,7.575104998977622,1
p4_secsn,0,serial,50,0.0,2.0856589981121942,0.02211199898738414,,,,4.388372999528656,8.963086998846848,1
p4_secsn,0,serial,51,0.0,2.0484170017880388,0.023183001758297905,,,,3.034566001588246,8.116819000861142,1
p4_secsn,0,serial,52,0.0,2.0074019994353876,0.022352000087266788,,,,3.0007130008016247,7.303537000552751,1
p4_secsn,0,serial,53,0.0,2.052646999800345,0.02182100070058368,,,,3.045968001970323,7.361323998338776,1
p4_secsn,0,serial,54,0.0,2.1574019992840476,0.02189100268878974,,,,2.967039999930421,7.536672001151601,1
p4_secsn,0,serial,55,0.0,1.9588100003602449,0.02201100141974166,,,,2.8232610020495486,6.942579999304144,1
p4_secsn,0,serial,56,0.0,2.713814999879105,0.023564000002807006,,,,2.5475539987382945,8.37464399955934,1
p4_secsn,0,serial,57,0.0,2.8845350025221705,0.02523700095480308,,,,3.0147590005071834,9.021244000905426,1
p4_secsn,0,serial,58,0.0,2.0892649990855716,0.024345001293113455,,,,3.2747969999036286,7.812421001290204,1
p4_secsn,0,serial,59,0.0,1.5352670016000047,0.057246998039772734,,,,5.297224997775629,9.267894998629345,1
p4_secsn,0,serial,60,0.0,5.640200000925688,0.03318200106150471,,,,8.454423001239775,15.967622999596642,1
p4_secsn,0,serial,61,0.0,4.544014998828061,0.023664000764256343,,,,5.55408799846191,15.616733002389083,1
p4_secsn,0,serial,62,0.0,4.017467999801738,0.027692000003298745,,,,4.09460200171452,11.599475998082198,1
p4_secsn,0,serial,63,0.0,2.998228999786079,0.027099998987978324,,,,4.655344000639161,10.457827000209363,1
p4_secsn,0,serial,64,0.0,2.8784429996449035,0.02740099807851948,,,,4.500382998230634,11.377769002137939,1
p4_secsn,0,serial,65,0.0,3.6379479970491957,0.02893399869208224,,,,4.238493002048926,11.304304000077536,1
p4_secsn,0,serial,66,0.0,3.885702000843594,0.02895400029956363,,,,5.053108001447981,12.826263999158982,1
p4_secsn,0,serial,67,0.0,2.8996830005780794,0.03937399742426351,,,,4.182186999969417,10.575057000096422,1
p4_secsn,0,serial,68,0.0,2.007261002290761,0.024847002350725234,,,,4.120691002754029,9.312348000094062,1
p4_secsn,0,serial,69,0.0,2.079566998872906,0.024535998818464577,,,,3.006303999427473,7.637312002771068,1
p4_secsn,0,serial,70,0.0,2.0395110004756134,0.024184999347198755,,,,3.8827770003990736,8.630454001831822,1
p4_secsn,0,serial,71,0.0,3.241533999243984,0.024516000848961994,,,,3.67797199942288,10.208889001660282,1
p4_secsn,0,serial,72,0.0,2.155027999833692,0.0249760014412459,,,,4.748699000629131,9.653240002080565,1
p4_secsn,0,serial,73,0.0,3.2613709990982898,0.02604899782454595,,,,4.985552001016913,11.666649999824585,1
p4_secsn,0,serial,74,0.0,4.59919899731176,0.0381520003429614,,,,3.9231219998328015,12.203489000967238,1
p4_secsn,0,serial,75,0.0,3.034135002963012,0.03426400144235231,,,,4.279749999113847,10.582328999589663,1
p4_secsn,0,serial,76,0.0,3.4499249995860737,0.02957600008812733,,,,4.7469950004597194,11.130056998808868,1
p4_secsn,0,serial,77,0.0,3.2401320022472646,0.025588000426068902,,,,3.517171997373225,10.007502001826651,1
p4_secsn,0,serial,78,0.0,2.0802389990421943,0.024816003133310005,,,,4.458334002265474,9.376180001709145,1
p4_secsn,0,serial,79,0.0,3.6522840018733405,0.024125001800712198,,,,4.26651599991601,11.585518997890176,1
p4_secsn,0,serial,80,0.0,2.6718469998741057,0.02464600038365461,,,,3.7955320003675297,9.587906999513507,1
p4_secsn,0,serial,81,0.0,3.0889269983163103,0.024305001716129482,,,,2.074116997391684,8.281136000732658,1
p4_secsn,0,serial,82,0.0,1.7679129996395204,0.024516000848961994,,,,3.296676997706527,7.111676997737959,1
p4_secsn,0,serial,83,0.0,2.0415660001162905,0.02263200076413341,,,,4.19872600105009,9.639432999392739,1
p4_secsn,0,serial,84,0.0,2.5537250003253575,0.025277000531787053,,,,3.3836609982245136,9.521623000182444,1
p4_secsn,0,serial,85,0.0,3.716334998898674,0.024675999156897888,,,,3.954330000851769,11.35955700010527,1
p4_secsn,0,serial,86,0.0,3.272483001637738,0.02521699934732169,,,,3.798006000579335,10.283798997988924,1
p4_secsn,0,serial,87,0.0,2.1479750030266587,0.024514996766811237,,,,4.498169000726193,9.643601999414386,1
p4_secsn,0,serial,88,0.0,1.868170998932328,0.02438599767629057,,,,3.3338979992549866,7.612614001118345,1
p4_secsn,0,serial,89,0.0,1.62807100059581,0.022741998691344634,,,,2.4011999994399957,5.890147996979067,1
p4_secsn,0,serial,90,0.0,1.505632000771584,0.03554700015229173,,,,2.0048469996254425,5.318416002410231,1
p4_secsn,0,serial,91,0.0,1.21779199980665,0.023874999897088856,,,,2.0635969995055348,4.8302709983545355,1
p4_secsn,0,serial,92,0.0,1.269116997718811,0.044774002162739635,,,,2.0064099990122486,4.847172000154387,1
p4_secsn,0,serial,93,0.0,1.3098150011501275,0.023925000277813524,,,,1.9963810009357985,4.811876999156084,1
p4_secsn,0,serial,94,0.0,1.2958580009581055,0.023724001948721707,,,,2.040483999735443,4.853916001593461,1
p4_secsn,0,serial,95,0.0,1.2846370009356178,0.02441599644953385,,,,1.9960509998782072,4.793382999196183,1
p4_secsn,0,serial,96,0.0,1.2307360011618584,0.023714001144981012,,,,1.9748199993046,4.760940002597636,1
p4_secsn,0,serial,97,0.0,1.32940199910081,0.023895001504570246,,,,1.9656139993458055,4.766411999298725,1
p4_secsn,0,serial,98,0.0,1.3443789976008702,0.02407500141998753,,,,1.9757519985432737,4.811606002476765,1
p4_secsn,0,serial,99,0.0,1.3001260012970306,0.02405499981250614,,,,1.9402949983486906,4.741144999570679,1
p4_secsn,0,serial,100,0.0,1.2521459975687321,0.024305998522322625,,,,2.002610999625176,4.8166950000450015,1
p4_secsn,1,serial,1,0.0,1.9630919996416196,2.112136997311609,2.112136997311609,,,1.688655000180006,9.959265000361484,1
p4_secsn,1,serial,2,0.0,1.700325999991037,1.724921999993967,1.724921999993967,,,1.7495990032330155,7.250433998706285,1
p4_secsn,1,serial,3,0.0,2.2104880008555483,2.0156389982730616,2.0156389982730616,,,2.088838999043219,8.787211001617834,1
p4_secsn,1,serial,4,0.0,2.1120960009284317,2.163032000680687,2.163032000680687,,,2.039881997916382,8.469577998766908,1
p4_secsn,1,serial,5,0.0,1.8120349996024743,1.8025319986918475,1.8025319986918475,,,1.7047190012817737,7.626526999956695,1
p4_secsn,1,serial,6,0.0,2.12379900040105,2.1915059987804852,2.1915059987804852,,,1.9779209978878498,8.611960001871921,1
p4_secsn,1,serial,7,0.0,1.9041770028707106,2.2735589991498273,2.2735589991498273,,,1.8882170006691013,8.584888997575035,1
p4_secsn,1,serial,8,0.0,3.2862119987839833,6.449853997764876,6.449853997764876,,,3.6463360011111945,15.624186999048106,1
p4_secsn,1,serial,9,0.0,5.048038001405075,4.4432149989006575,4.4432149989006575,,,3.379916997801047,17.681888999504736,1
p4_secsn,1,serial,10,0.0,4.584494003211148,7.769416002702201,7.769416002702201,,,2.3231989980558865,17.397010000422597,1
p4_secsn,1,serial,11,0.0,2.686022999114357,2.3318479979934637,2.3318479979934637,,,3.2407109974883497,11.152734998177039,1
p4_secsn,1,serial,12,0.0,5.398544999479782,4.197958998702234,4.197958998702234,,,1.621518997126259,16.348708999430528,1
p4_secsn,1,serial,13,0.0,3.335981000418542,1.9880709987774026,1.9880709987774026,,,2.0021470008941833,10.28317700183834,1
p4_secsn,1,serial,14,0.0,2.5125969987129793,2.0230109985277522,2.0230109985277522,,,2.6667860001907684,9.642885997891426,1
p4_secsn,1,serial,15,0.0,1.724190002278192,1.9361720005690586,1.9361720005690586,,,2.862257999368012,9.020479999890085,1
p4_secsn,1,serial,16,0.0,3.3232570021937136,2.4644570003147237,2.4644570003147237,,,2.173712997318944,9.67743199726101,1
p4_secsn,1,serial,17,0.0,2.538230997743085,2.582639001047937,2.582639001047937,,,2.9495249982574023,10.126091998245101,1
p4_secsn,1,serial,18,0.0,2.09729000198422,2.088752997224219,2.088752997224219,,,1.9749100029002875,9.59846199839376,1
p4_secsn,1,serial,19,0.0,2.7851439990627114,2.5155920011457056,2.5155920011457056,,,2.0328290011093486,9.551413997542113,1
p4_secsn,1,serial,20,0.0,2.303621000464773,2.081549999275012,2.081549999275012,,,2.0949049976479728,9.203475001413608,1
p4_secsn,1,serial,21,0.0,2.6260699996782932,2.851462999387877,2.851462999387877,,,2.2035379988665227,10.308422999514733,1
p4_secsn,1,serial,22,0.0,2.00062799922307,2.060655999230221,2.060655999230221,,,2.1980829988024198,8.704207000846509,1
p4_secsn,1,serial,23,0.0,2.4375169996346813,1.5505950032093097,1.5505950032093097,,,1.935054999194108,8.338812996953493,1
p4_secsn,1,serial,24,0.0,1.7912080002133735,1.900464001664659,1.900464001664659,,,1.5598170029988978,7.393304000288481,1
p4_secsn,1,serial,25,0.0,1.478329999372363,1.7137809991254471,1.7137809991254471,,,1.6790650006441865,6.807292000303278,1
p4_secsn,1,serial,26,0.0,1.4877680005156435,1.702189001662191,1.702189001662191,,,1.4114650002738927,6.832611998106586,1
p4_secsn,1,serial,27,0.0,1.3548380011343397,1.3612299990199972,1.3612299990199972,,,1.3451799968606792,5.57373199990252,1
p4_secsn,1,serial,28,0.0,2.171067000745097,2.1247619988571387,2.1247619988571387,,,2.1111560017743614,8.491820997733157,1
p4_secsn,1,serial,29,0.0,1.3272169999254402,1.315934001468122,1.315934001468122,,,1.5191659986157902,5.697394000890199,1
p4_secsn,1,serial,30,0.0,1.2978419981664047,1.3697970025532413,1.3697970025532413,,,1.3431359984679148,5.542675000469899,1
p4_secsn,1,serial,31,0.0,1.3968669991299976,1.331874998868443,1.331874998868443,,,1.4015960005053785,5.674361000274075,1
p4_secsn,1,serial,32,0.0,1.3599970006907824,1.3878900026611518,1.3878900026611518,,,1.399482000124408,5.6724069982010406,1
p4_secsn,1,serial,33,0.0,1.3559299986809492,1.3743550007347949,1.3743550007347949,,,1.3114069988660049,5.508690999704413,1
p4_secsn,1,serial,34,0.0,1.3605500025732908,1.449966999643948,1.449966999643948,,,1.3728919984714594,5.769501000031596,1
p4_secsn,1,serial,35,0.0,1.346252000075765,1.389793000271311,1.389793000271311,,,1.3481859969033394,5.630138002743479,1
p4_secsn,1,serial,36,0.0,1.3597780016425531,1.3529250027204398,1.3529250027204398,,,1.3790240009257104,5.677436998666963,1
p4_secsn,1,serial,37,0.0,1.3626330000988673,1.3545570000133011,1.3545570000133011,,,1.3474250008584931,5.6545429979451,1
p4_secsn,1,serial,38,0.0,1.8555459973867983,1.3761580012214836,1.3761580012214836,,,1.4038500012247823,6.274085000768537,1
p4_secsn,1,serial,39,0.0,1.2782150006387383,1.4463900006376207,1.4463900006376207,,,1.421062999725109,5.898772000364261,1
p4_secsn,1,serial,40,0.0,1.31377099751262,1.3413230008154642,1.3413230008154642,,,1.3737139997829217,5.740405998949427,1
p4_secsn,1,serial,41,0.0,1.309493000007933,1.391355999658117,1.391355999658117,,,1.3596370008599479,5.8601989985618275,1
p4_secsn,1,serial,42,0.0,1.3795939994452056,1.39238799965824,1.39238799965824,,,1.3954250025562942,5.989461998979095,1
p4_secsn,1,serial,43,0.0,1.4942790003260598,1.4180170001054648,1.4180170001054648,,,1.3328770000953227,5.93462799952249,1
p4_secsn,1,serial,44,0.0,1.3056259995209984,1.3216569968790282,1.3216569968790282,,,1.3749149984505493,5.798414000310004,1
p4_secsn,1,serial,45,0.0,1.3903549988754094,2.120633998856647,2.120633998856647,,,2.0370380007079802,7.085486999130808,1
p4_secsn,1,serial,46,0.0,1.885101999505423,1.8690010001591872,1.8690010001591872,,,1.6949759992712643,7.814040000084788,1
p4_secsn,1,serial,47,0.0,2.1827390010003,2.082962000713451,2.082962000713451,,,1.93806199968094,8.361746000446146,1
p4_secsn,1,serial,48,0.0,2.0980410008633044,2.4121289970935322,2.4121289970935322,,,2.037587000813801,8.783556000707904,1
p4_secsn,1,serial,49,0.0,2.183892000175547,2.097980999678839,2.097980999678839,,,2.041735999227967,8.583992999774637,1
p4_secsn,1,serial,50,0.0,1.3705279998248443,1.3048149994574487,1.3048149994574487,,,1.3359229997149669,5.519721999007743,1
p4_secsn,1,serial,51,0.0,1.341713999863714,1.4596439978049602,1.4596439978049602,,,1.3269060000311583,5.711319998226827,1
p4_secsn,1,serial,52,0.0,1.341904000582872,1.3421740004559979,1.3421740004559979,,,1.2709819966403302,5.468975999974646,1
p4_secsn,1,serial,53,0.0,1.2982219996047206,1.4150810020510107,1.4150810020510107,,,1.562487999763107,5.735916001867736,1
p4_secsn,1,serial,54,0.0,1.6511229987372644,2.137595001840964,2.137595001840964,,,1.9093669980065897,7.248731002619024,1
p4_secsn,1,serial,55,0.0,2.791003997117514,1.9027210000786,1.9027210000786,,,1.4471319991571363,8.33375500224065,1
p4_secsn,1,serial,56,0.0,2.301943000929896,2.2348069978761487,2.2348069978761487,,,1.6799680015537888,8.376883997698314,1
p4_secsn,1,serial,57,0.0,2.3369580012513325,2.216482000221731,2.216482000221731,,,2.2640169991063885,9.516914000414545,1
p4_secsn,1,serial,58,0.0,2.522705999581376,1.2801080010831356,1.2801080010831356,,,1.7828250020102132,7.8092010007821955,1
p4_secsn,1,serial,59,0.0,2.551766996475635,2.1662139988620766,2.1662139988620766,,,2.0216970006003976,10.18869600011385,1
p4_secsn,1,serial,60,0.0,1.8227949985885061,1.8677600019145757,1.8677600019145757,,,1.569500000186963,7.1122640001703985,1
p4_secsn,1,serial,61,0.0,2.9496259994630236,2.1224859992798883,2.1224859992798883,,,4.927861999021843,12.019558998872526,1
p4_secsn,1,serial,62,0.0,4.174445999524323,4.328201001044363,4.328201001044363,,,4.32217799971113,18.86079800169682,1
p4_secsn,1,serial,63,0.0,4.764301000250271,3.3561719974386506,3.3561719974386506,,,3.0828560011286754,15.859904000535607,1
p4_secsn,1,serial,64,0.0,1.8166929985454772,1.792442999430932,1.792442999430932,,,4.348573998868233,10.156599997571902,1
p4_secsn,1,serial,65,0.0,3.1842149983276613,3.190022001945181,3.190022001945181,,,3.0381610013137106,13.460452999424888,1
p4_secsn,1,serial,66,0.0,2.790908998576924,2.894162000302458,2.894162000302458,,,3.1796219991520047,11.331680001603672,1
p4_secsn,1,serial,67,0.0,3.0470530000457074,3.128091000689892,3.128091000689892,,,3.149601001496194,12.138554000557633,1
p4_secsn,1,serial,68,0.0,2.412580000964226,2.3413759990944527,2.3413759990944527,,,2.311050000571413,9.854012001596857,1
p4_secsn,1,serial,69,0.0,1.4692860022478271,2.2813590003352147,2.2813590003352147,,,1.9082770013483241,7.756563998555066,1
p4_secsn,1,serial,70,0.0,2.605187997687608,2.56679899757728,2.56679899757728,,,3.177212001901353,10.657556002115598,1
p4_secsn,1,serial,71,0.0,2.209509999374859,2.249199002108071,2.249199002108071,,,2.238068002043292,8.94349699956365,1
p4_secsn,1,serial,72,0.0,1.9295849997433834,1.7997619979723822,1.7997619979723822,,,1.5314789998228662,8.074418001342565,1
p4_secsn,1,serial,73,0.0,1.9645399988803547,1.872100001492072,1.872100001492072,,,1.665619001869345,7.343728997511789,1
p4_secsn,1,serial,74,0.0,2.3109850008040667,2.7051030010625254,2.7051030010625254,,,2.6080719981109723,9.713288000057219,1
p4_secsn,1,serial,75,0.0,2.672326998435892,2.65032600145787,2.65032600145787,,,2.5151720001304056,10.264581997034838,1
p4_secsn,1,serial,76,0.0,2.4670220009284094,2.5558289999025874,2.5558289999025874,,,2.26581700189854,10.010727997723734,1
p4_secsn,1,serial,77,0.0,1.583844998094719,1.7607939989829902,1.7607939989829902,,,1.7176530018332414,6.856964999315096,1
p4_secsn,1,serial,78,0.0,2.0409630014910363,2.838919997884659,2.838919997884659,,,2.366453998547513,9.680780000053346,1
p4_secsn,1,serial,79,0.0,2.5953740005206782,2.3453320027329028,2.3453320027329028,,,1.9689289983944036,9.332400000857888,1
p4_secsn,1,serial,80,0.0,1.6427979971922468,1.4388050003617536,1.4388050003617536,,,2.429362000839319,7.869622997532133,1
p4_secsn,1,serial,81,0.0,4.568378997646505,4.62104699909105,4.62104699909105,,,4.8250820000248495,18.01502300077118,1
p4_secsn,1,serial,82,0.0,1.6406739996455144,2.1551969985011965,2.1551969985011965,,,1.6833839981700294,7.310887001949595,1
p4_secsn,1,serial,83,0.0,7.583106998936273,2.3303960006160196,2.3303960006160196,,,1.9895980003639124,17.00605099904351,1
p4_secsn,1,serial,84,0.0,1.9340489998285193,1.9865180001943372,1.9865180001943372,,,1.6375829982280266,7.754834998195292,1
p4_secsn,1,serial,85,0.0,1.5093580004759133,3.679264002130367,3.679264002130367,,,3.0753020000702236,10.13764800154604,1
p4_secsn,1,serial,86,0.0,2.1864660011488013,2.3152880021370947,2.3152880021370947,,,2.243704002466984,8.880056000634795,1
p4_secsn,1,serial,87,0.0,2.163263001421001,2.3430500004906207,2.3430500004906207,,,1.78806199983228,8.733955000934657,1
p4_secsn,1,serial,88,0.0,1.5551680007774848,2.0658569992519915,2.0658569992519915,,,3.3364669980073813,8.49732400092762,1
p4_secsn,1,serial,89,0.0,2.6346280028519686,2.1566079994954634,2.1566079994954634,,,1.906983001390472,12.772714002494467,1
p4_secsn,1,serial,90,0.0,2.364098996622488,2.7704610001819674,2.7704610001819674,,,2.7377290025469847,10.061311000754358,1
p4_secsn,1,serial,91,0.0,2.6360000010754447,2.9563790012616664,2.9563790012616664,,,2.241459998913342,11.175859999639215,1
p4_secsn,1,serial,92,0.0,2.2843440019642003,1.837026997236535,1.837026997236535,,,1.887807000457542,9.231264997652033,1
p4_secsn,1,serial,93,0.0,2.243749000626849,3.54398000126821,3.54398000126821,,,4.03738399836584,12.421723000443308,1
p4_secsn,1,serial,94,0.0,2.1519619986065663,2.3459699987142812,2.3459699987142812,,,2.2326700018311385,9.75192199985031,1
p4_secsn,1,serial,95,0.0,2.0270420027372893,2.4862329992174637,2.4862329992174637,,,2.059738999378169,8.9708179984882,1
p4_secsn,1,serial,96,0.0,2.0917490001011174,2.4476869984937366,2.4476869984937366,,,2.569563999713864,9.402464998856885,1
p4_secsn,1,serial,97,0.0,3.028339000593405,2.198368001700146,2.198368001700146,,,2.2988019991316833,9.846997996646678,1
p4_secsn,1,serial,98,0.0,3.2159359980141744,2.730370000790572,2.730370000790572,,,2.8064229991286993,11.770809000154259,1
p4_secsn,1,serial,99,0.0,2.066290999209741,2.1303019966580905,2.1303019966580905,,,2.2498299986182246,9.54235699828132,1
p4_secsn,1,serial,100,0.0,2.9189339984441176,2.935274002084043,2.935274002084043,,,2.595417998236371,11.11711799967452,1
p4_secsn,2,serial,1,0.0,1.5094280024641193,3.678390999994008,,1.7483049996371847,1.9287329996586777,1.7883229993458372,9.491114000411471,1
p4_secsn,2,serial,2,0.0,1.6081070025393274,3.136716000881279,,1.6417300030298065,1.4941439985705074,1.5811680023034569,8.149661000061315,1
p4_secsn,2,serial,3,0.0,1.654258001508424,3.6907550020259805,,1.921666000271216,1.76822800131049,1.5584489992761519,8.883796999725746,1
p4_secsn,2,serial,4,0.0,1.5465510005014949,2.793469000607729,,1.4076480001676828,1.3849099996150471,1.6827549989102408,7.937052003399003,1
p4_secsn,2,serial,5,0.0,1.790811998944264,4.085111999302171,,1.9971910005551763,2.05504000041401,1.6693479992682114,9.10749200193095,1
p4_secsn,2,serial,6,0.0,1.3560560000769328,3.370704002009006,,1.520849000371527,1.8489829999452922,1.854328998888377,8.850774000165984,1
p4_secsn,2,serial,7,0.0,1.5166619996307418,3.569947999494616,,1.7537749990879092,1.8153310011257418,1.667073000135133,8.820008999464335,1
p4_secsn,2,serial,8,0.0,1.6568339997320436,3.598311999667203,,1.7519319990242366,1.8454279997968115,1.6885639997781254,8.86231399999815,1
p4_secsn,2,serial,9,0.0,1.5873339980316814,5.16846300160978,,3.5093650003545918,1.6583470023761038,1.8669679993763566,10.503777000849368,1
p4_secsn,2,serial,10,0.0,2.106897001795005,4.9145769989991095,,2.7549400001589675,2.1586749971902464,2.32512400179985,11.873353003466036,1
p4_secsn,2,serial,11,0.0,2.2150500008137897,4.384624000522308,,2.2008439991623163,2.1828079989063554,2.6926749997073784,11.69516099980683,1
p4_secsn,2,serial,12,0.0,3.240572001232067,5.642053001793101,,3.1981940010155085,2.4430070006928872,1.4172320006764494,15.11034899885999,1
p4_secsn,2,serial,13,0.0,1.945878000697121,7.341511998674832,,2.670719000889221,4.669950998504646,2.6668259997677524,13.959764000901487,1
p4_secsn,2,serial,14,0.0,1.9902929998352192,4.508442998485407,,1.686026000243146,2.8215249985805713,1.8441989996063057,10.250776002067141,1
p4_secsn,2,serial,15,0.0,5.655038999975659,3.34761699923547,,1.586777998454636,1.7599569982849061,2.0036599999002647,14.988967999670422,1
p4_secsn,2,serial,16,0.0,2.7610750003077555,5.64353099980508,,3.2304100022884086,2.4122989998431876,2.521530001104111,13.04557499679504,1
p4_secsn,2,serial,17,0.0,3.1181720005406532,6.018374999257503,,3.660307000245666,2.357266999752028,3.0364179983735085,14.862768999591935,1
p4_secsn,2,serial,18,0.0,2.543714999774238,6.9679489970440045,,2.850740998837864,4.116406998946331,1.8715020014496986,14.321221002319362,1
p4_secsn,2,serial,19,0.0,1.7038619989762083,3.3592860017961357,,1.8666520008991938,1.4917420012352522,2.1471530017151963,9.736461001011776,1
p4_secsn,2,serial,20,0.0,1.5726769997854717,3.355647000716999,,1.5816140003153123,1.7731719999574125,1.7953240021597594,8.576317999541061,1
p4_secsn,2,serial,21,0.0,1.62243099839543,4.2184419980912935,,2.2266390005825087,1.9909709990315605,1.902603999042185,9.889706001558807,1
p4_secsn,2,serial,22,0.0,2.010242998949252,5.080227001599269,,2.6319310018152464,2.4474140009260736,2.270183998916764,11.510486998304259,1
p4_secsn,2,serial,23,0.0,2.2063959986553527,7.164193000789965,,3.259976001572795,3.9033659995766357,2.546990999690024,13.624386996525573,1
p4_secsn,2,serial,24,0.0,2.952997001557378,6.343319997540675,,3.1151529983617365,3.2272649987135082,3.4614760006661527,14.822466000623535,1
p4_secsn,2,serial,25,0.0,1.5933399990899488,3.485720000753645,,1.7349250010738615,1.7497030021331739,1.9540769972081762,10.950733001664048,1
p4_secsn,2,serial,26,0.0,5.029322001064429,8.736615000088932,,5.12178499775473,3.6139680014457554,1.6057300017564557,19.349141002749093,1
p4_secsn,2,serial,27,0.0,1.6633780032861978,3.87705399771221,,2.015846999711357,1.8603449971124064,1.6237929994531441,9.337915002106456,1
p4_secsn,2,serial,28,0.0,2.009445001021959,3.587641000194708,,1.7558340005052742,1.8309360020793974,1.8291180022060871,9.317684998677578,1
p4_secsn,2,serial,29,0.0,2.6184779999312013,5.5961879988899454,,3.467033999186242,2.1282819980115164,2.5601429988455493,13.597274002677295,1
p4_secsn,2,serial,30,0.0,3.1465770007343963,4.012835997855291,,1.897383997857105,2.114530998369446,2.2145570001157466,11.661214000923792,1
p4_secsn,2,serial,31,0.0,1.897305999591481,4.110009998839814,,2.1922870000707917,1.916902001539711,2.0039429982716683,10.360640000726562,1
p4_secsn,2,serial,32,0.0,2.0592959990608506,4.480457999306964,,2.508073001081357,1.9715630005521234,1.3670549997186754,10.216438000497874,1
p4_secsn,2,serial,33,0.0,1.7392079971614294,2.83724600012647,,1.453052002034383,1.383281996822916,1.587573999131564,7.762773999274941,1
p4_secsn,2,serial,34,0.0,2.1515709995583165,4.199441998935072,,2.1911949988862034,2.0073550003871787,2.0413749989529606,10.33047500095563,1
p4_secsn,2,serial,35,0.0,2.0366000026115216,4.243239000061294,,2.165125999454176,2.0772510033566505,2.065189997665584,10.754581999208312,1
p4_secsn,2,serial,36,0.0,2.081169001030503,3.628959002526244,,2.007261002290761,1.6208670022024307,1.466703000915004,9.494467998592881,1
p4_secsn,2,serial,37,0.0,2.206885001214687,3.6678809992736205,,2.155707999918377,1.5102389988896903,1.4945090006222017,9.148343000560999,1
p4_secsn,2,serial,38,0.0,1.6040349983086344,3.8126920007925946,,2.0639009999285918,1.7476590001024306,1.9279320003988687,9.484829999564681,1
p4_secsn,2,serial,39,0.0,2.7288070014037658,5.121153000800405,,2.502498002286302,2.6177430008829106,2.7402639971114695,13.239182000688743,1
p4_secsn,2,serial,40,0.0,2.4800669998512603,4.698893000750104,,2.3585889975947794,2.339372000278672,2.0652890016208403,11.997266999969725,1
p4_secsn,2,serial,41,0.0,2.380259000346996,4.552306996629341,,2.3384499982057605,2.213014999142615,2.401259000180289,11.892188998899655,1
p4_secsn,2,serial,42,0.0,2.3049080009514,4.565693998301867,,2.343610998650547,2.2210919996723533,2.4198840001190547,11.948325998673681,1
p4_secsn,2,serial,43,0.0,2.426807001029374,3.3774710027500987,,1.8108820004272275,1.5657880030630622,1.4796760005992837,9.825425997405546,1
p4_secsn,2,serial,44,0.0,1.488969999627443,3.0515979997289833,,1.521491001767572,1.5292249991034623,1.9266900017100852,8.610662000137381,1
p4_secsn,2,serial,45,0.0,2.789244997984497,6.027540999639314,,3.3495849966129754,2.676984000572702,1.704483998764772,13.580310998804634,1
p4_secsn,2,serial,46,0.0,1.782955998351099,3.4409359977871645,,1.8133569974452257,1.6267169994534925,1.854254001955269,9.009805002278881,1
p4_secsn,2,serial,47,0.0,1.7834859972936101,3.1218990006891545,,1.5602640014549252,1.5607540008204523,1.6784539984655567,8.90339000034146,1
p4_secsn,2,serial,48,0.0,1.9182940013706684,3.431309000006877,,1.6106680013763253,1.819670000259066,2.0431779994396493,10.186002000409644,1
p4_secsn,2,serial,49,0.0,1.7238299988093786,3.766625999560347,,2.0064890013600234,1.7592149997653905,1.7023389991663862,9.448492000956321,1
p4_secsn,2,serial,50,0.0,1.9714830013981555,3.7559160009550396,,1.9889959985448513,1.7659580007602926,1.9231629994465038,10.073020999698201,1
p4_secsn,2,serial,51,0.0,1.7296000005444512,3.340858998853946,,1.549974000226939,1.7900140010169707,1.8688009986362886,8.820194998406805,1
p4_secsn,2,serial,52,0.0,1.9756710025831126,3.943347997847013,,2.007191000302555,1.9353159987076651,1.9518259978212882,10.26221599749988,1
p4_secsn,2,serial,53,0.0,1.8884080018324312,3.423788999498356,,1.6343860006600153,1.7885709967231378,1.8555259994172957,8.949630999268265,1
p4_secsn,2,serial,54,0.0,2.061447998130461,4.068116999405902,,2.0775329976459034,1.9897029997082427,1.8024319979303982,9.773254998435732,1
p4_secsn,2,serial,55,0.0,1.400282999384217,3.2267550013784785,,1.742193999234587,1.4837190028629266,1.6610469974693842,8.202777000406059,1
p4_secsn,2,serial,56,0.0,1.8628399993758649,6.542047001858009,,2.9299490015546326,3.611156000260962,3.006271999765886,13.296895998792024,1
p4_secsn,2,serial,57,0.0,2.5310310011263937,4.188481998426141,,2.144116999261314,2.043463999143569,2.040021998254815,11.740689998987364,1
p4_secsn,2,serial,58,0.0,2.0191529984003864,3.3641330010141246,,1.8575499998405576,1.5056110023579095,1.4370130011229776,9.1598660001182,1
p4_secsn,2,serial,59,0.0,1.3047040010860655,3.4988090010301676,,1.533853999717394,1.9641340004454833,2.0785579981748015,8.500975000060862,1
p4_secsn,2,serial,60,0.0,2.075648997561075,3.8644699998258147,,1.9871629992849194,1.876446000096621,2.0040849994984455,9.942217002389953,1
p4_secsn,2,serial,61,0.0,1.9181040006515104,4.295638002076885,,2.408462001767475,1.8864150006265845,1.8237059994135052,10.118807000253582,1
p4_secsn,2,serial,62,0.0,1.9759060014621355,4.0353000003960915,,1.9518209992384072,2.0825270003115293,1.7263989975617733,9.529662002023542,1
p4_secsn,2,serial,63,0.0,1.5664450002077501,3.2273719989461824,,1.6334159990947228,1.5930740009935107,1.8630300000950228,8.2787700011977,1
p4_secsn,2,serial,64,0.0,2.0184530003461987,4.2605389971868135,,2.264759998070076,1.994917998672463,1.934935000463156,10.383381999417907,1
p4_secsn,2,serial,65,0.0,1.4506379993690643,3.983918999438174,,1.3283029984449968,2.6548140012891963,2.456242000334896,9.535184002743335,1
p4_secsn,2,serial,66,0.0,2.4397509987466037,7.9054740017454606,,5.047560000093654,2.856802002497716,1.5077940006449353,14.183580999088008,1
p4_secsn,2,serial,67,0.0,1.6685059999872465,5.625335001241183,,2.2784640023019165,3.3459490005043335,3.1394010002259165,12.171619000582723,1
p4_secsn,2,serial,68,0.0,2.116062998538837,3.6267179966671392,,2.197916997829452,1.4278689995990135,1.6541589975531679,10.440963997098152,1
p4_secsn,2,serial,69,0.0,1.4307599994936027,2.982443002110813,,1.548722000734415,1.4326290001918096,1.4952710007491987,7.57184600297478,1
p4_secsn,2,serial,70,0.0,1.7970869994314853,5.02251799844089,,2.9783739992126357,2.0432419987628236,2.7223310025874525,11.736887998267775,1
p4_secsn,2,serial,71,0.0,1.957626998773776,4.58371200147667,,2.4654990011185873,2.117310999892652,1.6800869998405688,10.624505001032958,1
p4_secsn,2,serial,72,0.0,1.701884000794962,4.187149002973456,,1.5908599998510908,2.595306999864988,2.266210001835134,9.987636000005296,1
p4_secsn,2,serial,73,0.0,2.0848710009886418,3.276198000094155,,1.573920999362599,1.701426001091022,1.9034960023418535,10.110266997799044,1
p4_secsn,2,serial,74,0.0,1.5915820004011039,3.65291799971601,,2.1422329991764855,1.5097830000740942,1.537545002065599,9.639559997594915,1
p4_secsn,2,serial,75,0.0,1.6445250003016554,3.543894003087189,,1.7682980032986961,1.7743940006766934,1.8671580000955146,8.933575001719873,1
p4_secsn,2,serial,76,0.0,2.2907860002305824,3.2371749985031784,,1.5490419973502867,1.687201001914218,1.5573630007565953,9.07834399913554,1
p4_secsn,2,serial,77,0.0,1.4525799997500144,2.8829700022470206,,1.503496001532767,1.3786320014332887,1.549594002426602,7.641809999768157,1
p4_secsn,2,serial,78,0.0,1.4476030009973329,2.896195997891482,,1.4718069978698622,1.42349700035993,1.4743420033482835,7.443765996868024,1
p4_secsn,2,serial,79,0.0,1.3514369966287632,2.8825549998146016,,1.5154440006881487,1.3662489982380066,1.4590930004487745,7.291350000741659,1
p4_secsn,2,serial,80,0.0,1.4308800018625334,2.8230079988134094,,1.4223850012058392,1.3997219975863118,1.4413799981412012,7.344738998654066,1
p4_secsn,2,serial,81,0.0,1.6255449991149362,2.928521997091593,,1.5340489990194328,1.393610997183714,1.5337679978983942,7.769595998979639,1
p4_secsn,2,serial,82,0.0,1.44127000021399,3.0177130029187538,,1.5134050008782651,1.503385999967577,1.5033270028652623,7.653808999748435,1
p4_secsn,2,serial,83,0.0,1.4251499997044448,3.252091999456752,,1.6198039993469138,1.6314360000251327,1.7084600003727246,8.123036997858435,1
p4_secsn,2,serial,84,0.0,1.720373002171982,3.664310002932325,,2.2870000029797666,1.3763090028078295,1.985078997677192,9.577649001585087,1
p4_secsn,2,serial,85,0.0,2.631064002343919,5.601247001322918,,2.5412309987586923,3.059195001696935,2.3631120020581875,13.461182999890298,1
p4_secsn,2,serial,86,0.0,3.2043440005509183,8.266126998933032,,4.231293001794256,4.033821998746134,2.545309002016438,18.048353998892708,1
p4_secsn,2,serial,87,0.0,2.2114330022304785,5.115398002089933,,2.4773959994490724,2.6371500025561545,3.7301340016711038,14.22031599940965,1
p4_secsn,2,serial,88,0.0,4.491029001655988,8.55695999780437,,4.114932999073062,4.441264998604311,4.3364850025682244,21.228745001280913,1
p4_secsn,2,serial,89,0.0,2.193830001488095,4.541688002063893,,2.3430889996234328,2.1977870019327383,2.3293779995583463,13.009305999730714,1
p4_secsn,2,serial,90,0.0,2.3197660011646803,4.962942999554798,,2.2190270028659143,2.742993998253951,2.5099529993894976,12.211117998958798,1
p4_secsn,2,serial,91,0.0,1.95304400040186,3.3444649998273235,,1.62909700156888,1.7145769998023752,1.4022019968251698,8.700059002876515,1
p4_secsn,2,serial,92,0.0,2.6616360009938944,7.317800002056174,,4.2035650003526825,3.11322300331085,1.6563530007260852,13.204181999753928,1
p4_secsn,2,serial,93,0.0,1.6091449979285244,5.582654001045739,,1.7470780003350228,3.8346649998857174,4.715071998361964,13.794221998978173,1
p4_secsn,2,serial,94,0.0,2.266927000164287,4.699964996689232,,2.8768449992639944,1.8221989994344767,1.811052999983076,12.687469999946188,1
p4_secsn,2,serial,95,0.0,2.6528590024099685,5.314586000167765,,2.6844290005101357,2.629085000080522,2.67061299746274,13.165283999114763,1
p4_secsn,2,serial,96,0.0,1.5297169993573334,3.7360990027082153,,1.8727280003076885,1.8624600015755277,2.0448159993975423,9.908628999255598,1
p4_secsn,2,serial,97,0.0,2.4155149985745084,4.860981000092579,,3.199172999302391,1.6434889985248446,1.8845409977075178,11.500835000333609,1
p4_secsn,2,serial,98,0.0,2.455028999975184,5.032903998653637,,2.1795280008518603,2.8522840002551675,3.03620900012902,12.905257997772424,1
p4_secsn,2,serial,99,0.0,1.6178249970835168,3.5422410001046956,,1.593484998011263,1.9478840004012454,1.5245260001393035,10.161496000364423,1
p4_secsn,2,serial,100,0.0,1.8787799999699928,5.160783999599516,,2.5769479980226606,2.58287399992696,3.0190759971446823,11.813231998530682,1
p4_secsn,3,serial,1,,,10.292156002833508,,,,,10.292416001902893,1
p4_secsn,3,serial,2,,,10.649225001543527,,,,,10.649514999386156,1
p4_secsn,3,serial,3,,,11.708740999893053,,,,,11.709091999364318,1
p4_secsn,3,serial,4,,,10.202767000009771,,,,,10.203107001871103,1
p4_secsn,3,serial,5,,,10.107891001098324,,,,,10.108202000992605,1
p4_secsn,3,serial,6,,,10.154497998883016,,,,,10.154698000405915,1
p4_secsn,3,serial,7,,,10.168823999265442,,,,,10.169174998736707,1
p4_secsn,3,serial,8,,,10.185284998442512,,,,,10.185595998336794,1
p4_secsn,3,serial,9,,,10.16218199947616,,,,,10.16248199812253,1
p4_secsn,3,serial,10,,,13.248125000245636,,,,,13.248335999378469,1
p4_secsn,3,serial,11,,,10.705239001254085,,,,,10.705560001952108,1
p4_secsn,3,serial,12,,,10.653181998350192,,,,,10.653461999027058,1
p4_secsn,3,serial,13,,,10.686754001653753,,,,,10.687065001548035,1
p4_secsn,3,serial,14,,,10.182824997173157,,,,,10.183225997025147,1
p4_secsn,3,serial,15,,,10.129581998626236,,,,,10.129902999324258,1
p4_secsn,3,serial,16,,,10.2081580007507,,,,,10.20845799939707,1
p4_secsn,3,serial,17,,,10.144359999685548,,,,,10.144670002773637,1
p4_secsn,3,serial,18,,,10.164555998926517,,,,,10.164886996790301,1
p4_secsn,3,serial,19,,,10.179518998484127,,,,,10.179820001212647,1
p4_secsn,3,serial,20,,,10.189397999056382,,,,,10.189728000113973,1
p4_secsn,3,serial,21,,,10.180792000028305,,,,,10.181092999118846,1
p4_secsn,3,serial,22,,,10.667614998965291,,,,,10.66802499917685,1
p4_secsn,3,serial,23,,,10.703967996960273,,,,,10.704227999667637,1
p4_secsn,3,serial,24,,,10.16650000019581,,,,,10.16689099924406,1
p4_secsn,3,serial,25,,,11.19466599993757,,,,,11.194947001058608,1
p4_secsn,3,serial,26,,,10.230404997855658,,,,,10.230915999272838,1
p4_secsn,3,serial,27,,,10.152599999855738,,,,,10.152950999327004,1
p4_secsn,3,serial,28,,,10.09260200225981,,,,,10.09289300054661,1
p4_secsn,3,serial,29,,,10.70618600351736,,,,,10.706507000577403,1
p4_secsn,3,serial,30,,,10.675638997781789,,,,,10.675969999283552,1
p4_secsn,3,serial,31,,,11.736471999029163,,,,,11.73673299854272,1
p4_secsn,3,serial,32,,,10.150895999686327,,,,,10.151316000701627,1
p4_secsn,3,serial,33,,,10.207702998741297,,,,,10.20802399943932,1
p4_secsn,3,serial,34,,,10.63175799936289,,,,,10.632017998432275,1
p4_secsn,3,serial,35,,,12.689789000432938,,,,,12.690038998698583,1
p4_secsn,3,serial,36,,,10.171157999138813,,,,,10.171459001867333,1
p4_secsn,3,serial,37,,,10.689048998756334,,,,,10.689229999115923,1
p4_secsn,3,serial,38,,,10.182529000303475,,,,,10.182899997744244,1
p4_secsn,3,serial,39,,,10.184194998146268,,,,,10.184495000430616,1
p4_secsn,3,serial,40,,,10.180223998759175,,,,,10.180494999076473,1
p4_secsn,3,serial,41,,,10.184364000451751,,,,,10.184644001128618,1
p4_secsn,3,serial,42,,,11.501010001666145,,,,,11.50135100033367,1
p4_secsn,3,serial,43,,,13.270888000988634,,,,,13.271178002469242,1
p4_secsn,3,serial,44,,,11.266591998719377,,,,,11.266851997788763,1
p4_secsn,3,serial,45,,,10.08793100118055,,,,,10.088251998240594,1
p4_secsn,3,serial,46,,,10.162963000766467,,,,,10.163253002247075,1
p4_secsn,3,serial,47,,,10.177852997003356,,,,,10.178143998928135,1
p4_secsn,3,serial,48,,,10.135551001440035,,,,,10.135852000530576,1
p4_secsn,3,serial,49,,,10.680483999749413,,,,,10.680753999622539,1
p4_secsn,3,serial,50,,,10.054188998765312,,,,,10.05465999696753,1
p4_secsn,3,serial,51,,,10.173953000048641,,,,,10.174224000365939,1
p4_secsn,3,serial,52,,,10.1756080002815,,,,,10.175858002185123,1
p4_secsn,3,serial,53,,,10.69170500340988,,,,,10.69192500290228,1
p4_secsn,3,serial,54,,,10.659347997716395,,,,,10.659678999218158,1
p4_secsn,3,serial,55,,,11.177683998539578,,,,,11.178033997566672,1
p4_secsn,3,serial,56,,,10.666197998943971,,,,,10.66660799915553,1
p4_secsn,3,serial,57,,,13.275981000333559,,,,,13.276241999847116,1
p4_secsn,3,serial,58,,,10.635734000970842,,,,,10.636045000865124,1
p4_secsn,3,serial,59,,,12.73464899713872,,,,,12.734959997033002,1
p4_secsn,3,serial,60,,,12.22585800132947,,,,,12.226089002069784,1
p4_secsn,3,serial,61,,,11.18092500109924,,,,,11.181406000105198,1
p4_secsn,3,serial,62,,,10.627653999108588,,,,,10.627985000610352,1
p4_secsn,3,serial,63,,,10.746005998953478,,,,,10.746287000074517,1
p4_secsn,3,serial,64,,,10.163875002035638,,,,,10.164155002712505,1
p4_secsn,3,serial,65,,,10.129841000889428,,,,,10.130102000402985,1
p4_secsn,3,serial,66,,,10.146242999326205,,,,,10.146542997972574,1
p4_secsn,3,serial,67,,,10.180412002227968,,,,,10.180691999266855,1
p4_secsn,3,serial,68,,,10.14991899864981,,,,,10.150289999728557,1
p4_secsn,3,serial,69,,,10.162042002775706,,,,,10.162372000195319,1
p4_secsn,3,serial,70,,,10.194372000114527,,,,,10.194643000431824,1
p4_secsn,3,serial,71,,,10.092290998727549,,,,,10.092501997860381,1
p4_secsn,3,serial,72,,,10.685093002393842,,,,,10.685373003070708,1
p4_secsn,3,serial,73,,,12.191674999485258,,,,,12.191944999358384,1
p4_secsn,3,serial,74,,,10.201660999882733,,,,,10.201951998169534,1
p4_secsn,3,serial,75,,,10.160478002944728,,,,,10.160829002415994,1
p4_secsn,3,serial,76,,,10.173708000365878,,,,,10.174028000619728,1
p4_secsn,3,serial,77,,,11.199557997315424,,,,,11.199857999599772,1
p4_secsn,3,serial,78,,,10.70047900066129,,,,,10.700790000555571,1
p4_secsn,3,serial,79,,,10.146582997549558,,,,,10.146863998670597,1
p4_secsn,3,serial,80,,,11.183354999957373,,,,,11.183665999851655,1
p4_secsn,3,serial,81,,,10.244867000437807,,,,,10.24509699709597,1
p4_secsn,3,serial,82,,,10.112527997989673,,,,,10.112808999110712,1
p4_secsn,3,serial,83,,,10.148007000680082,,,,,10.148297002160689,1
p4_secsn,3,serial,84,,,10.287698001775425,,,,,10.287988003256032,1
p4_secsn,3,serial,85,,,10.093472999869846,,,,,10.093763001350453,1
p4_secsn,3,serial,86,,,10.665645000699442,,,,,10.665956000593724,1
p4_secsn,3,serial,87,,,10.157884000363993,,,,,10.158154000237118,1
p4_secsn,3,serial,88,,,10.180975998082431,,,,,10.181386998738162,1
p4_secsn,3,serial,89,,,10.187791998760076,,,,,10.188061998633202,1
p4_secsn,3,serial,90,,,10.168071999942185,,,,,10.168353001063224,1
p4_secsn,3,serial,91,,,10.686892997910036,,,,,10.687172998586902,1
p4_secsn,3,serial,92,,,10.211585999059025,,,,,10.211775999778183,1
p4_secsn,3,serial,93,,,10.164686998905381,,,,,10.164947998418938,1
p4_secsn,3,serial,94,,,10.18809000015608,,,,,10.188371001277119,1
p4_secsn,3,serial,95,,,10.130724000191549,,,,,10.13103500008583,1
p4_secsn,3,serial,96,,,10.68701500116731,,,,,10.68730599945411,1
p4_secsn,3,serial,97,,,11.732999999367166,,,,,11.733281000488205,1
p4_secsn,3,serial,98,,,10.665579997294117,,,,,10.665940997569123,1
p4_secsn,3,serial,99,,,10.210673000983661,,,,,10.210933000053046,1
p4_secsn,3,serial,100,,,10.164817002078053,,,,,10.165118001168594,1