relative_time,s1_cpu,s1_mem,gw_cpu,gw_mem,bk_cpu,bk_mem
2.54,0.14,0.11,0.41,1.44,0.61,2.54
4.55,0.27,0.11,1.79,1.44,0.64,2.54
6.56,95.34,1.06,16.75,1.46,8.80,2.54
8.57,111.62,1.34,15.96,1.47,6.26,2.54
10.59,100.86,1.34,20.76,1.49,1.60,2.54
12.6,98.03,1.35,12.16,1.51,1.18,2.54
14.62,93.90,1.35,14.52,1.51,5.66,2.54
16.63,87.88,1.35,12.53,1.52,10.49,2.54
18.64,88.15,1.35,13.17,1.53,10.83,2.54
20.65,89.54,1.35,13.63,1.54,11.73,2.54
22.66,77.32,1.35,13.14,1.56,9.85,2.55
24.68,81.20,1.35,15.22,1.56,10.64,2.54
26.7,72.96,1.35,14.41,1.58,11.52,2.54
28.71,74.20,1.35,13.45,1.60,11.36,2.54
30.72,74.46,1.35,14.64,1.61,10.64,2.54
32.73,68.73,1.35,12.59,1.63,9.73,2.54
34.75,71.77,1.35,12.31,1.65,10.00,2.54
36.77,71.89,1.35,13.87,1.67,11.15,2.54
38.78,74.72,1.35,13.27,1.68,8.46,2.54
40.79,75.75,1.35,12.93,1.71,8.73,2.54
42.81,78.75,1.35,13.91,1.73,10.02,2.54
44.82,76.45,1.35,12.72,1.77,10.25,2.54
46.84,80.02,1.35,14.21,1.78,9.51,2.54
48.85,75.70,1.35,12.84,1.80,10.17,2.54
50.86,81.86,1.35,14.71,1.81,11.60,2.54
52.87,80.20,1.35,14.00,1.83,9.95,2.54
54.89,77.61,1.35,13.03,1.85,9.87,2.54
56.91,77.78,1.35,13.40,1.86,10.68,2.54
58.93,78.12,1.35,11.46,1.89,10.51,2.54
60.94,75.55,1.35,13.80,1.90,11.26,2.54
62.96,79.06,1.35,14.03,1.92,12.26,2.54
64.96,72.53,1.35,14.04,1.94,11.70,2.54
66.98,70.06,1.35,13.21,1.96,12.99,2.54
69.0,66.76,1.35,12.79,1.97,8.71,2.54
71.02,72.43,1.35,13.48,2.00,9.80,2.54
73.03,62.84,1.35,13.03,2.01,11.93,2.54
75.04,76.97,1.35,16.52,2.04,11.49,2.54
77.05,77.33,1.35,15.14,2.05,9.69,2.54
79.07,74.18,1.35,23.27,2.07,10.26,2.54
81.08,73.70,1.35,12.60,2.09,10.35,2.54
83.11,36.97,1.35,9.81,2.13,5.22,2.54
85.12,0.13,1.35,0.83,2.13,1.07,2.54