relative_time,cpu_percent,mem_percent
1.53,4.38,2.55
3.53,0.75,2.55
5.54,0.92,2.55
7.54,0.67,2.55
9.54,0.57,2.55
11.55,0.73,2.55
13.55,0.64,2.55
15.56,0.55,2.55
17.57,0.55,2.55
19.59,0.78,2.55
21.59,17.05,2.55
23.59,6.95,2.55
25.6,13.00,2.55
27.6,15.17,2.55
29.61,19.17,2.55
31.61,20.26,2.55
33.62,26.06,2.56
35.62,22.69,2.56
37.63,29.03,2.56
39.63,30.65,2.56
41.64,30.02,2.56
43.64,32.70,2.56
45.65,25.66,2.56
47.65,24.68,2.56
49.66,28.32,2.56
51.66,22.69,2.56
53.67,20.43,2.56
55.67,36.96,2.56
57.67,30.63,2.56
59.68,22.93,2.56
61.69,30.28,2.56
63.69,24.70,2.56
65.69,26.16,2.56
67.7,24.58,2.56
69.7,25.22,2.56
71.7,14.13,2.56
73.71,13.92,2.56
75.71,21.83,2.56
77.71,35.81,2.56
79.72,24.80,2.56
81.72,29.56,2.56
83.73,27.04,2.56
85.73,35.98,2.56
87.73,30.80,2.56
89.74,22.20,2.56
91.74,35.90,2.56
93.75,27.07,2.56
95.75,18.09,2.56
97.76,27.60,2.56
99.77,18.95,2.56
101.77,20.26,2.56
103.77,25.65,2.56
105.78,25.79,2.56
107.78,31.08,2.56
109.79,25.38,2.56
111.79,32.43,2.56
113.8,28.07,2.56
115.8,26.46,2.56
117.81,32.15,2.56
119.81,25.64,2.56
121.81,30.19,2.56
123.82,28.28,2.56
125.83,30.95,2.56
127.83,33.60,2.56
129.84,24.13,2.56
131.84,29.37,2.56
133.85,26.03,2.56
135.85,29.25,2.56
137.85,29.99,2.56
139.86,26.98,2.56
141.86,25.68,2.56
143.86,27.79,2.56
145.87,34.45,2.56
147.87,27.72,2.56
149.88,16.25,2.56
151.88,30.88,2.56
153.89,4.94,2.56
155.89,0.33,2.56
157.9,0.40,2.56
159.91,0.31,2.56
161.93,0.42,2.56
163.94,0.39,2.56
165.94,0.31,2.56
167.95,0.38,2.56
169.96,0.42,2.56
171.98,0.34,2.56
173.98,0.28,2.56
175.99,0.41,2.56
178.0,0.35,2.56
180.0,0.28,2.56
