id,t_pub_ms,qos
1,4.3046,-1
2,6.8669,-1
3,10.0057,-1
4,15.8629,-1
5,19.8250,-1
6,22.3165,-1
7,27.2863,-1
8,31.6560,-1
9,34.5623,-1
10,37.6225,-1
11,41.0397,-1
12,43.0462,-1
13,45.0208,-1
14,49.6659,-1
15,53.1905,-1
16,56.0694,-1
17,59.6378,-1
18,63.4642,-1
19,67.7321,-1
20,78.0501,-1
21,87.6682,-1
22,94.5854,-1
23,103.3783,-1
24,104.0273,-1
25,104.4652,-1
26,105.1316,-1
27,127.8729,-1
28,128.2105,-1
29,127.6910,-1
30,127.2104,-1
31,127.5008,-1
32,130.4765,-1
33,134.2463,-1
34,137.0227,-1
35,140.5816,-1
36,143.8439,-1
37,146.2548,-1
38,148.8049,-1
39,151.6187,-1
40,154.7983,-1
41,157.3403,-1
42,159.2159,-1
43,161.7069,-1
44,164.3305,-1
45,166.8084,-1
46,169.5485,-1
47,172.4036,-1
48,174.9158,-1
49,177.1932,-1
50,179.3420,-1
51,181.8569,-1
52,184.6991,-1
53,187.3419,-1
54,189.6677,-1
55,192.1835,-1
56,194.5982,-1
57,196.7175,-1
58,199.0287,-1
59,201.5142,-1
60,204.1118,-1
61,206.8100,-1
62,209.0378,-1
63,210.1989,-1
64,211.5746,-1
65,213.6157,-1
66,224.3042,-1
67,222.9652,-1
68,221.2505,-1
69,222.6934,-1
70,226.1307,-1
71,228.7531,-1
72,231.7088,-1
73,234.2751,-1
74,236.9103,-1
75,239.1782,-1
76,244.9634,-1
77,246.1350,-1
78,246.6993,-1
79,248.9705,-1
80,251.0390,-1
81,253.9513,-1
82,256.8703,-1
83,259.5296,-1
84,261.2925,-1
85,264.2264,-1
86,269.6123,-1
87,269.8042,-1
88,272.9661,-1
89,273.0799,-1
90,274.7548,-1
91,276.4888,-1
92,278.6582,-1
93,280.5514,-1
94,282.4790,-1
95,284.4555,-1
96,286.6518,-1
97,288.8167,-1
98,292.4712,-1
99,294.1809,-1
100,296.1991,-1
101,298.2903,-1
102,300.7660,-1
103,307.6699,-1
104,306.3834,-1
105,306.8666,-1
106,308.9447,-1
107,311.1036,-1
108,313.5684,-1
109,315.4192,-1
110,317.5833,-1
111,321.5313,-1
112,323.9267,-1
113,326.2475,-1
114,327.8151,-1
115,329.8132,-1
116,331.9452,-1
117,334.2874,-1
118,336.5002,-1
119,338.5804,-1
120,340.7454,-1
121,343.2295,-1
122,345.2940,-1
123,347.6377,-1
124,350.0199,-1
125,352.2544,-1
126,354.3994,-1
127,356.4014,-1
128,358.7191,-1
129,360.8489,-1
130,363.6346,-1
131,365.7818,-1
132,368.1262,-1
133,371.4845,-1
134,372.9475,-1
135,376.5123,-1
136,380.5506,-1
137,384.5265,-1
138,389.4343,-1
139,390.8126,-1
140,394.4979,-1
141,397.5050,-1
142,400.0967,-1
143,402.4365,-1
144,404.4611,-1
145,406.9877,-1
146,408.8292,-1
147,411.4470,-1
148,413.6410,-1
149,415.2589,-1
150,418.0303,-1
151,420.0082,-1
152,421.8295,-1
153,427.1085,-1
154,429.7676,-1
155,432.4954,-1
156,435.7390,-1
157,440.4900,-1
158,443.8965,-1
159,446.6634,-1
160,449.7643,-1
161,452.0679,-1
162,454.5329,-1
163,456.9213,-1
164,461.8061,-1
165,462.9188,-1
166,470.8140,-1
167,474.1793,-1
168,478.0552,-1
169,482.0166,-1
170,490.4792,-1
171,491.1768,-1
172,498.3602,-1
173,502.9225,-1
174,509.6338,-1
175,515.0743,-1
176,520.7503,-1
177,526.0129,-1
178,531.1677,-1
179,547.9040,-1
180,551.5244,-1
181,556.8490,-1
182,560.4589,-1
183,565.7735,-1
184,571.2061,-1
185,574.4531,-1
186,575.0010,-1
187,575.2876,-1
188,577.3072,-1
189,583.3540,-1
190,584.8546,-1
191,586.4320,-1
192,591.4087,-1
193,596.1921,-1
194,599.7753,-1
195,603.8005,-1
196,606.1580,-1
197,608.8829,-1
198,612.5352,-1
199,615.8073,-1
200,618.2899,-1
201,622.4017,-1
202,626.4653,-1
203,630.0044,-1
204,633.1568,-1
205,636.9705,-1
206,642.1921,-1
207,645.3168,-1
208,647.7032,-1
209,652.2121,-1
210,656.3489,-1
211,659.0765,-1
212,660.7451,-1
213,665.8022,-1
214,670.2023,-1
215,673.9922,-1
216,678.8468,-1
217,682.8587,-1
218,687.2406,-1
219,691.4713,-1
220,699.4498,-1
221,715.8372,-1
222,730.0458,-1
223,730.0670,-1
224,741.0953,-1
225,748.2753,-1
226,755.5516,-1
227,763.6645,-1
228,773.3767,-1
229,777.8811,-1
230,783.8945,-1
231,789.3908,-1
232,793.6163,-1
233,797.2167,-1
234,801.1298,-1
235,805.0351,-1
236,807.1086,-1
237,813.1411,-1
238,817.0173,-1
239,825.1982,-1
240,820.8635,-1
241,825.2122,-1
242,829.0067,-1
243,829.2465,-1
244,830.8160,-1
245,832.3309,-1
246,833.0524,-1
247,835.0468,-1
248,835.0799,-1
249,836.0772,-1
250,836.0231,-1
251,837.7378,-1
252,840.6069,-1
253,843.3323,-1
254,843.6553,-1
255,847.7190,-1
256,847.7232,-1
257,848.0117,-1
258,847.5385,-1
259,848.5947,-1
260,849.9813,-1
261,850.0092,-1
262,852.1276,-1
263,853.0004,-1
264,855.0413,-1
265,849.7820,-1
266,849.2093,-1
267,849.7143,-1
268,850.9362,-1
269,853.3933,-1
270,856.3826,-1
271,857.8699,-1
272,859.0360,-1
273,862.6525,-1
274,864.3467,-1
275,866.0188,-1
276,869.2462,-1
277,870.8301,-1
278,875.1657,-1
279,877.2378,-1
280,878.5658,-1
281,879.6785,-1
282,881.3457,-1
283,882.5855,-1
284,884.7404,-1
285,886.4913,-1
286,888.0055,-1
287,888.9270,-1
288,890.9359,-1
289,894.2599,-1
290,895.3664,-1
291,892.3132,-1
292,893.4939,-1
293,894.6352,-1
294,894.1212,-1
295,896.4801,-1
296,898.8509,-1
297,900.0289,-1
298,901.0251,-1
299,902.2088,-1
300,903.8186,-1
301,906.0273,-1
302,907.4931,-1
303,909.4474,-1
304,910.5320,-1
305,912.4331,-1
306,914.0015,-1
307,916.4100,-1
308,918.8855,-1
309,921.0618,-1
310,923.0952,-1
311,924.7270,-1
312,926.1291,-1
313,927.2397,-1
314,927.9978,-1
315,929.6417,-1
316,930.4490,-1
317,931.5889,-1
318,933.4078,-1
319,935.0297,-1
320,936.0151,-1
321,937.5043,-1
322,938.8349,-1
323,939.6849,-1
324,940.7015,-1
325,941.7758,-1
326,943.2156,-1
327,944.6001,-1
328,948.5333,-1
329,952.9033,-1
330,956.4569,-1
331,957.7775,-1
332,954.6299,-1
333,958.5791,-1
334,960.9873,-1
335,962.8823,-1
336,963.7668,-1
337,964.2582,-1
338,967.4606,-1
339,969.7011,-1
340,970.7649,-1
341,971.5416,-1
342,972.9555,-1
343,973.9482,-1
344,974.7326,-1
345,975.6727,-1
346,976.8467,-1
347,978.3623,-1
348,979.6615,-1
349,981.2727,-1
350,983.2752,-1
351,983.5339,-1
352,984.5603,-1
353,985.5583,-1
354,986.6645,-1
355,987.6401,-1
356,987.9072,-1
357,988.8563,-1
358,989.9433,-1
359,991.2992,-1
360,992.2819,-1
361,993.4337,-1
362,993.8166,-1
363,994.8509,-1
364,995.7268,-1
365,996.6979,-1
366,997.5278,-1
367,998.1902,-1
368,999.2933,-1
369,1000.6928,-1
370,1001.9205,-1
371,1002.8379,-1
372,1003.9713,-1
373,1004.9233,-1
374,1006.1743,-1
375,1007.2198,-1
376,1008.1992,-1
377,1009.3491,-1
378,1009.9421,-1
379,1011.0958,-1
380,1012.1377,-1
381,1015.8663,-1
382,1015.3577,-1
383,1016.5596,-1
384,1018.0850,-1
385,1019.0506,-1
386,1020.4237,-1
387,1021.6222,-1
388,1022.8877,-1
389,1023.8664,-1
390,1024.8182,-1
391,1025.8546,-1
392,1026.8657,-1
393,1027.9036,-1
394,1029.0904,-1
395,1029.9907,-1
396,1031.0659,-1
397,1032.1238,-1
398,1033.2718,-1
399,1034.3573,-1
400,1035.5215,-1
401,1036.9227,-1
402,1037.7364,-1
403,1038.8849,-1
404,1040.0257,-1
405,1041.0674,-1
406,1042.4678,-1
407,1043.3815,-1
408,1044.5404,-1
409,1044.2977,-1
410,1044.8780,-1
411,1046.0150,-1
412,1046.8857,-1
413,1047.6394,-1
414,1048.2607,-1
415,1048.9404,-1
416,1049.4668,-1
417,1050.7026,-1
418,1051.0921,-1
419,1052.2895,-1
420,1053.7844,-1
421,1054.7695,-1
422,1055.9754,-1
423,1057.0691,-1
424,1058.2824,-1
425,1059.3524,-1
426,1060.2603,-1
427,1060.0460,-1
428,1061.1300,-1
429,1061.9540,-1
430,1063.7045,-1
431,1064.9588,-1
432,1066.2270,-1
433,1067.1639,-1
434,1068.4450,-1
435,1069.5503,-1
436,1070.7169,-1
437,1071.5787,-1
438,1072.9647,-1
439,1074.4011,-1
440,1075.2134,-1
441,1076.2229,-1
442,1077.2991,-1
443,1078.3858,-1
444,1079.2024,-1
445,1080.4334,-1
446,1081.4524,-1
447,1082.4156,-1
448,1083.5240,-1
449,1084.5759,-1
450,1085.7000,-1
451,1087.0576,-1
452,1088.2604,-1
453,1089.4604,-1
454,1090.1017,-1
455,1091.1129,-1
456,1092.1917,-1
457,1093.2229,-1
458,1094.3415,-1
459,1095.1562,-1
460,1096.2272,-1
461,1097.5039,-1
462,1098.6059,-1
463,1099.7443,-1
464,1100.9154,-1
465,1102.3617,-1
466,1104.0647,-1
467,1105.2084,-1
468,1106.2660,-1
469,1107.2266,-1
470,1108.0353,-1
471,1108.4895,-1
472,1109.5173,-1
473,1110.5528,-1
474,1111.9661,-1
475,1113.2405,-1
476,1114.5115,-1
477,1115.6912,-1
478,1118.5055,-1
479,1119.9715,-1
480,1121.1498,-1
481,1122.4060,-1
482,1123.6198,-1
483,1124.7892,-1
484,1125.9568,-1
485,1127.1145,-1
486,1128.2930,-1
487,1130.3451,-1
488,1132.1023,-1
489,1134.5999,-1
490,1137.0687,-1
491,1138.7305,-1
492,1141.2330,-1
493,1143.0235,-1
494,1144.8169,-1
495,1147.9831,-1
496,1150.4745,-1
497,1152.9493,-1
498,1155.2861,-1
499,1159.0858,-1
500,1161.2909,-1
501,1164.0437,-1
502,1166.6050,-1
503,1168.5672,-1
504,1169.9414,-1
505,1171.1028,-1
506,1173.8880,-1
507,1177.8462,-1
508,1179.7562,-1
509,1179.4817,-1
510,1179.3354,-1
511,1180.3038,-1
512,1181.4668,-1
513,1181.9940,-1
514,1183.1427,-1
515,1184.2360,-1
516,1185.3511,-1
517,1186.5063,-1
518,1187.6493,-1
519,1188.5121,-1
520,1189.9476,-1
521,1191.0050,-1
522,1191.2665,-1
523,1192.3344,-1
524,1193.3265,-1
525,1194.4737,-1
526,1195.5993,-1
527,1196.8007,-1
528,1198.0333,-1
529,1199.7383,-1
530,1200.8064,-1
531,1202.0350,-1
532,1203.7666,-1
533,1205.0600,-1
534,1205.3919,-1
535,1205.5802,-1
536,1204.4573,-1
537,1206.0735,-1
538,1207.3810,-1
539,1208.5726,-1
540,1210.6357,-1
541,1211.3197,-1
542,1212.4009,-1
543,1212.8537,-1
544,1214.3886,-1
545,1216.2640,-1
546,1216.9013,-1
547,1218.0789,-1
548,1218.4484,-1
549,1219.2574,-1
550,1220.6404,-1
551,1221.8406,-1
552,1223.0961,-1
553,1224.2639,-1
554,1225.3830,-1
555,1226.4171,-1
556,1227.5217,-1
557,1228.6232,-1
558,1230.2098,-1
559,1231.0846,-1
560,1233.0682,-1
561,1235.7073,-1
562,1237.8175,-1
563,1238.9698,-1
564,1241.0252,-1
565,1243.6640,-1
566,1245.2784,-1
567,1246.2380,-1
568,1248.8596,-1
569,1250.9916,-1
570,1252.6290,-1
571,1253.4955,-1
572,1254.4553,-1
573,1256.3338,-1
574,1260.0238,-1
575,1262.5289,-1
576,1265.1899,-1
577,1264.1723,-1
578,1265.3604,-1
579,1266.4337,-1
580,1267.8611,-1
581,1268.8415,-1
582,1270.5336,-1
583,1271.8518,-1
584,1272.9321,-1
585,1274.0393,-1
586,1274.9259,-1
587,1276.1946,-1
588,1277.3626,-1
589,1278.5318,-1
590,1280.2126,-1
591,1282.0423,-1
592,1284.0250,-1
593,1286.3886,-1
594,1288.6226,-1
595,1290.5850,-1
596,1292.8512,-1
597,1295.1574,-1
598,1296.5646,-1
599,1297.8132,-1
600,1299.1009,-1
601,1300.4425,-1
602,1302.4046,-1
603,1304.0848,-1
604,1306.2849,-1
605,1308.7649,-1
606,1310.9274,-1
607,1312.1676,-1
608,1313.6160,-1
609,1314.7657,-1
610,1316.4959,-1
611,1318.0103,-1
612,1319.2904,-1
613,1320.5066,-1
614,1322.2914,-1
615,1323.9903,-1
616,1326.8528,-1
617,1329.8795,-1
618,1332.7496,-1
619,1335.1982,-1
620,1337.5120,-1
621,1342.5801,-1
622,1345.0472,-1
623,1347.0261,-1
624,1348.8801,-1
625,1350.4081,-1
626,1353.1575,-1
627,1356.1797,-1
628,1359.1239,-1
629,1361.3234,-1
630,1363.6587,-1
631,1366.8451,-1
632,1367.8212,-1
633,1369.8564,-1
634,1371.6536,-1
635,1373.0841,-1
636,1373.8141,-1
637,1375.5329,-1
638,1378.8145,-1
639,1381.6249,-1
640,1384.6610,-1
641,1387.1269,-1
642,1389.6842,-1
643,1392.3109,-1
644,1394.9733,-1
645,1397.4893,-1
646,1398.4861,-1
647,1399.2968,-1
648,1400.2755,-1
649,1401.5627,-1
650,1403.2021,-1
651,1407.3944,-1
652,1409.9443,-1
653,1413.7607,-1
654,1415.4186,-1
655,1416.6148,-1
656,1417.6922,-1
657,1419.3110,-1
658,1421.8037,-1
659,1423.7268,-1
660,1426.1727,-1
661,1426.5497,-1
662,1429.3647,-1
663,1431.4978,-1
664,1434.3526,-1
665,1436.2788,-1
666,1439.2183,-1
667,1442.7974,-1
668,1446.4672,-1
669,1449.7435,-1
670,1452.0946,-1
671,1454.5183,-1
672,1457.3219,-1
673,1461.4382,-1
674,1463.9726,-1
675,1466.4977,-1
676,1469.0957,-1
677,1471.6740,-1
678,1473.8719,-1
679,1476.8014,-1
680,1479.5997,-1
681,1482.1925,-1
682,1485.2960,-1
683,1488.7674,-1
684,1491.2698,-1
685,1494.8916,-1
686,1496.8302,-1
687,1498.0702,-1
688,1500.4668,-1
689,1501.2529,-1
690,1501.7462,-1
691,1503.9790,-1
692,1505.7344,-1
693,1509.5799,-1
694,1512.2828,-1
695,1513.4416,-1
696,1515.3749,-1
697,1517.2942,-1
698,1520.1743,-1
699,1522.8381,-1
700,1524.9703,-1
701,1526.8216,-1
702,1528.6691,-1
703,1530.8888,-1
704,1532.9685,-1
705,1534.8737,-1
706,1537.0407,-1
707,1539.1879,-1
708,1542.9165,-1
709,1546.9801,-1
710,1553.9532,-1
711,1561.8546,-1
712,1565.7339,-1
713,1570.9653,-1
714,1572.7592,-1
715,1573.9498,-1
716,1576.7753,-1
717,1579.9074,-1
718,1582.9167,-1
719,1585.3543,-1
720,1588.5201,-1
721,1590.7745,-1
722,1594.0683,-1
723,1598.8417,-1
724,1600.6560,-1
725,1601.0001,-1
726,1602.5455,-1
727,1604.3644,-1
728,1607.7926,-1
729,1609.8385,-1
730,1612.0906,-1
731,1614.3675,-1
732,1616.7388,-1
733,1619.1940,-1
734,1621.6295,-1
735,1624.5413,-1
736,1625.6669,-1
737,1628.1555,-1
738,1629.0264,-1
739,1631.4013,-1
740,1633.1196,-1
741,1635.3076,-1
742,1637.1038,-1
743,1639.3504,-1
744,1641.5431,-1
745,1642.8246,-1
746,1645.6373,-1
747,1648.5140,-1
748,1651.3326,-1
749,1654.1669,-1
750,1656.7838,-1
751,1659.0981,-1
752,1661.3388,-1
753,1663.7053,-1
754,1665.4892,-1
755,1668.5090,-1
756,1672.2949,-1
757,1675.0724,-1
758,1677.0346,-1
759,1679.1358,-1
760,1681.6211,-1
761,1684.8609,-1
762,1686.8341,-1
763,1688.8890,-1
764,1691.1120,-1
765,1693.3024,-1
766,1695.4324,-1
767,1697.6762,-1
768,1699.6839,-1
769,1701.8118,-1
770,1703.6433,-1
771,1705.8101,-1
772,1708.3092,-1
773,1710.4216,-1
774,1713.4113,-1
775,1715.9524,-1
776,1718.4353,-1
777,1721.8769,-1
778,1725.0879,-1
779,1728.7145,-1
780,1730.7706,-1
781,1734.2482,-1
782,1735.5571,-1
783,1738.3091,-1
784,1738.9245,-1
785,1740.4664,-1
786,1742.7881,-1
787,1745.6863,-1
788,1748.7996,-1
789,1751.9462,-1
790,1755.7347,-1
791,1758.6410,-1
792,1762.9244,-1
793,1766.6380,-1
794,1769.1576,-1
795,1772.1868,-1
796,1774.9214,-1
797,1777.8769,-1
798,1780.3323,-1
799,1783.4899,-1
800,1785.9061,-1
801,1788.2199,-1
802,1791.0931,-1
803,1797.7121,-1
804,1801.1096,-1
805,1804.8098,-1
806,1807.9576,-1
807,1811.6865,-1
808,1814.5759,-1
809,1817.4031,-1
810,1820.1935,-1
811,1823.1122,-1
812,1825.8786,-1
813,1830.5802,-1
814,1834.4729,-1
815,1838.0256,-1
816,1840.5817,-1
817,1842.6569,-1
818,1845.5436,-1
819,1848.3913,-1
820,1851.8133,-1
821,1855.7460,-1
822,1858.9032,-1
823,1861.8741,-1
824,1864.6669,-1
825,1867.7411,-1
826,1870.5227,-1
827,1873.7781,-1
828,1876.9293,-1
829,1879.4765,-1
830,1883.3451,-1
831,1886.3237,-1
832,1888.7208,-1
833,1891.2456,-1
834,1893.9309,-1
835,1896.7142,-1
836,1901.0720,-1
837,1904.7267,-1
838,1907.6025,-1
839,1910.6562,-1
840,1913.5938,-1
841,1915.6852,-1
842,1918.9754,-1
843,1921.5548,-1
844,1923.7249,-1
845,1926.7902,-1
846,1931.3657,-1
847,1933.8696,-1
848,1936.2941,-1
849,1939.3444,-1
850,1941.6778,-1
851,1944.2327,-1
852,1946.9295,-1
853,1949.3341,-1
854,1951.9262,-1
855,1954.8929,-1
856,1958.9131,-1
857,1962.5075,-1
858,1967.5400,-1
859,1970.9475,-1
860,1973.3140,-1
861,1976.0947,-1
862,1979.2924,-1
863,1981.6163,-1
864,1984.2267,-1
865,1986.6667,-1
866,1989.1942,-1
867,1992.0564,-1
868,1994.9007,-1
869,1997.1914,-1
870,1999.7911,-1
871,2002.8884,-1
872,2006.2315,-1
873,2009.4352,-1
874,2011.9052,-1
875,2014.3723,-1
876,2016.6645,-1
877,2019.3198,-1
878,2022.2151,-1
879,2024.8389,-1
880,2026.8581,-1
881,2030.4744,-1
882,2034.7307,-1
883,2038.3046,-1
884,2041.4286,-1
885,2046.0496,-1
886,2050.2048,-1
887,2051.7764,-1
888,2056.9141,-1
889,2059.8722,-1
890,2062.1784,-1
891,2064.9471,-1
892,2067.9533,-1
893,2070.6105,-1
894,2073.2498,-1
895,2075.7840,-1
896,2078.5031,-1
897,2081.2325,-1
898,2084.2884,-1
899,2086.2167,-1
900,2096.8468,-1
901,2095.8898,-1
902,2094.4252,-1
903,2102.5727,-1
904,2107.4126,-1
905,2106.4274,-1
906,2108.3543,-1
907,2111.6552,-1
908,2114.5573,-1
909,2119.1032,-1
910,2122.9398,-1
911,2125.8514,-1
912,2129.3120,-1
913,2133.2610,-1
914,2136.8365,-1
915,2138.8426,-1
916,2142.4918,-1
917,2145.8449,-1
918,2147.8014,-1
919,2151.2530,-1
920,2154.5656,-1
921,2157.3007,-1
922,2161.5388,-1
923,2165.2434,-1
924,2168.6058,-1
925,2172.3876,-1
926,2175.2398,-1
927,2178.5519,-1
928,2181.3900,-1
929,2192.6146,-1
930,2193.6550,-1
931,2192.6513,-1
932,2196.0118,-1
933,2198.3290,-1
934,2200.0730,-1
935,2201.8502,-1
936,2204.9327,-1
937,2207.9864,-1
938,2210.5799,-1
939,2213.9976,-1
940,2216.8741,-1
941,2219.6729,-1
942,2221.4644,-1
943,2223.9099,-1
944,2226.4371,-1
945,2229.2149,-1
946,2231.4174,-1
947,2232.9316,-1
948,2234.7064,-1
949,2236.4478,-1
950,2239.6872,-1
951,2242.3742,-1
952,2244.7693,-1
953,2247.2401,-1
954,2250.3359,-1
955,2257.2129,-1
956,2262.2449,-1
957,2261.2555,-1
958,2259.9170,-1
959,2264.5323,-1
960,2266.9110,-1
961,2268.4731,-1
962,2269.9223,-1
963,2270.7186,-1
964,2272.0678,-1
965,2272.4338,-1
966,2274.6744,-1
967,2277.2989,-1
968,2279.7902,-1
969,2282.5849,-1
970,2283.4229,-1
971,2285.1818,-1
972,2286.3278,-1
973,2288.7058,-1
974,2290.7934,-1
975,2292.2819,-1
976,2295.2940,-1
977,2295.9759,-1
978,2298.2390,-1
979,2301.3189,-1
980,2303.2987,-1
981,2305.7210,-1
982,2308.0666,-1
983,2310.1201,-1
984,2311.3339,-1
985,2313.1082,-1
986,2313.8771,-1
987,2315.0091,-1
988,2316.1850,-1
989,2316.3898,-1
990,2317.3189,-1
991,2317.2550,-1
992,2317.8627,-1
993,2319.0281,-1
994,2319.8566,-1
995,2320.7924,-1
996,2321.3756,-1
997,2321.4350,-1
998,2322.5222,-1
999,2323.9634,-1
1000,2326.2861,-1
1001,2328.4464,-1
1002,2329.4966,-1
1003,2330.0548,-1
1004,2331.1229,-1
1005,2331.9952,-1
1006,2333.7467,-1
1007,2333.6501,-1
1008,2334.5773,-1
1009,2334.1382,-1
1010,2335.3727,-1
1011,2336.2663,-1
1012,2337.3814,-1
1013,2338.0730,-1
1014,2338.0718,-1
1015,2340.3573,-1
1016,2342.4203,-1
1017,2342.6847,-1
1018,2343.5714,-1
1019,2344.2814,-1
1020,2345.3438,-1
1021,2346.7898,-1
1022,2347.6467,-1
1023,2348.6531,-1
1024,2349.5069,-1
1025,2350.3678,-1
1026,2351.1472,-1
1027,2352.0639,-1
1028,2352.9389,-1
1029,2353.8547,-1
1030,2355.2105,-1
1031,2355.9885,-1
1032,2356.2880,-1
1033,2357.1432,-1
1034,2356.9572,-1
1035,2355.4862,-1
1036,2356.1263,-1
1037,2355.9241,-1
1038,2356.5760,-1
1039,2357.6865,-1
1040,2358.8698,-1
1041,2359.9265,-1
1042,2360.9128,-1
1043,2361.8951,-1
1044,2364.1775,-1
1045,2365.9930,-1
1046,2368.2306,-1
1047,2369.4172,-1
1048,2373.4081,-1
1049,2375.1009,-1
1050,2384.0275,-1
1051,2381.8972,-1
1052,2379.7681,-1
1053,2378.0918,-1
1054,2377.0785,-1
1055,2375.0622,-1
1056,2378.1967,-1
1057,2377.5795,-1
1058,2381.1536,-1
1059,2382.7384,-1
1060,2384.0425,-1
1061,2386.1387,-1
1062,2387.2046,-1
1063,2388.5136,-1
1064,2389.2663,-1
1065,2389.6916,-1
1066,2390.7962,-1
1067,2392.0803,-1
1068,2392.4892,-1
1069,2393.3878,-1
1070,2395.0987,-1
1071,2396.8885,-1
1072,2398.1569,-1
1073,2399.4110,-1
1074,2400.6255,-1
1075,2401.8009,-1
1076,2403.3127,-1
1077,2404.8767,-1
1078,2405.9355,-1
1079,2407.4862,-1
1080,2409.0459,-1
1081,2410.5361,-1
1082,2412.6530,-1
1083,2414.0911,-1
1084,2414.4046,-1
1085,2414.6540,-1
1086,2415.6954,-1
1087,2416.4650,-1
1088,2418.3180,-1
1089,2418.1139,-1
1090,2419.4925,-1
1091,2420.8243,-1
1092,2420.9127,-1
1093,2420.9044,-1
1094,2422.4102,-1
1095,2424.5186,-1
1096,2425.7350,-1
1097,2426.4586,-1
1098,2427.0949,-1
1099,2428.2773,-1
1100,2429.2383,-1
1101,2430.8183,-1
1102,2432.3645,-1
1103,2433.6178,-1
1104,2434.9129,-1
1105,2435.7519,-1
1106,2436.7945,-1
1107,2437.7985,-1
1108,2438.9236,-1
1109,2440.4788,-1
1110,2441.4616,-1
1111,2441.8488,-1
1112,2442.6861,-1
1113,2443.4042,-1
1114,2444.1407,-1
1115,2444.5989,-1
1116,2444.7746,-1
1117,2444.9439,-1
1118,2445.1101,-1
1119,2446.0585,-1
1120,2446.6095,-1
1121,2447.8214,-1
1122,2448.7422,-1
1123,2449.6400,-1
1124,2450.5730,-1
1125,2451.5200,-1
1126,2452.0097,-1
1127,2453.4421,-1
1128,2454.2937,-1
1129,2454.4528,-1
1130,2454.3025,-1
1131,2454.2325,-1
1132,2454.0229,-1
1133,2454.0381,-1
1134,2453.8445,-1
1135,2454.9859,-1
1136,2456.3444,-1
1137,2457.2961,-1
1138,2458.2832,-1
1139,2459.2390,-1
1140,2460.3622,-1
1141,2461.2198,-1
1142,2462.4612,-1
1143,2463.4094,-1
1144,2464.2510,-1
1145,2464.9885,-1
1146,2465.9622,-1
1147,2465.9452,-1
1148,2467.1261,-1
1149,2468.5206,-1
1150,2469.5995,-1
1151,2469.7468,-1
1152,2470.7143,-1
1153,2472.9843,-1
1154,2473.6350,-1
1155,2474.8991,-1
1156,2475.7676,-1
1157,2476.8972,-1
1158,2477.0350,-1
1159,2477.7153,-1
1160,2478.8914,-1
1161,2479.9314,-1
1162,2480.5858,-1
1163,2481.0016,-1
1164,2484.6253,-1
1165,2485.3809,-1
1166,2487.9105,-1
1167,2489.1753,-1
1168,2490.7920,-1
1169,2492.3694,-1
1170,2493.6984,-1
1171,2494.8936,-1
1172,2496.3760,-1
1173,2497.6280,-1
1174,2498.6513,-1
1175,2500.1123,-1
1176,2501.0872,-1
1177,2502.1367,-1
1178,2503.1819,-1
1179,2504.5254,-1
1180,2506.0124,-1
1181,2507.2269,-1
1182,2508.0009,-1
1183,2508.3189,-1
1184,2509.2137,-1
1185,2509.3765,-1
1186,2509.3582,-1
1187,2510.4647,-1
1188,2511.2607,-1
1189,2511.6327,-1
1190,2512.4485,-1
1191,2513.4425,-1
1192,2514.2207,-1
1193,2515.1546,-1
1194,2516.3138,-1
1195,2517.1568,-1
1196,2518.2202,-1
1197,2518.5258,-1
1198,2519.5448,-1
1199,2520.7655,-1
1200,2520.5791,-1
1201,2520.3326,-1
1202,2521.7445,-1
1203,2523.3347,-1
1204,2524.4417,-1
1205,2524.9562,-1
1206,2525.6202,-1
1207,2526.6268,-1
1208,2527.5211,-1
1209,2528.6338,-1
1210,2529.2087,-1
1211,2529.4743,-1
1212,2530.0643,-1
1213,2531.0552,-1
1214,2531.1396,-1
1215,2530.9136,-1
1216,2531.4126,-1
1217,2531.4434,-1
1218,2532.6838,-1
1219,2533.3376,-1
1220,2534.2751,-1
1221,2535.4371,-1
1222,2536.4234,-1
1223,2537.4959,-1
1224,2537.8940,-1
1225,2540.6027,-1
1226,2542.4078,-1
1227,2544.4310,-1
1228,2546.6197,-1
1229,2547.2689,-1
1230,2554.6649,-1
1231,2554.6322,-1
1232,2556.2642,-1
1233,2558.3973,-1
1234,2560.2145,-1
1235,2561.4197,-1
1236,2562.4771,-1
1237,2563.3142,-1
1238,2564.6369,-1
1239,2565.3813,-1
1240,2566.2432,-1
1241,2567.2636,-1
1242,2568.5186,-1
1243,2569.2883,-1
1244,2569.3424,-1
1245,2570.0521,-1
1246,2571.3859,-1
1247,2571.5322,-1
1248,2572.2866,-1
1249,2572.7737,-1
1250,2574.8835,-1
1251,2576.8757,-1
1252,2578.0523,-1
1253,2579.0391,-1
1254,2580.0402,-1
1255,2582.2456,-1
1256,2584.1062,-1
1257,2585.8173,-1
1258,2586.8685,-1
1259,2587.8782,-1
1260,2588.9659,-1
1261,2589.8490,-1
1262,2590.8754,-1
1263,2591.6386,-1
1264,2592.6204,-1
1265,2595.2237,-1
1266,2596.6120,-1
1267,2597.8310,-1
1268,2597.5811,-1
1269,2599.2448,-1
1270,2601.6409,-1
1271,2602.2778,-1
1272,2603.5576,-1
1273,2604.6638,-1
1274,2605.8455,-1
1275,2607.0907,-1
1276,2608.8340,-1
1277,2611.0168,-1
1278,2611.9854,-1
1279,2612.9456,-1
1280,2614.5630,-1
1281,2616.1859,-1
1282,2617.2192,-1
1283,2617.8131,-1
1284,2618.6304,-1
1285,2621.6555,-1
1286,2623.8732,-1
1287,2625.4716,-1
1288,2626.3504,-1
1289,2627.5246,-1
1290,2628.4206,-1
1291,2629.3304,-1
1292,2630.6410,-1
1293,2633.2273,-1
1294,2634.7361,-1
1295,2636.5759,-1
1296,2638.8948,-1
1297,2640.6884,-1
1298,2642.7302,-1
1299,2643.5139,-1
1300,2644.2945,-1
1301,2645.1571,-1
1302,2646.0946,-1
1303,2647.2623,-1
1304,2648.3147,-1
1305,2649.2846,-1
1306,2650.1477,-1
1307,2651.0482,-1
1308,2652.0019,-1
1309,2651.7708,-1
1310,2652.1449,-1
1311,2653.0895,-1
1312,2653.1637,-1
1313,2653.9421,-1
1314,2654.6221,-1
1315,2654.2263,-1
1316,2655.0522,-1
1317,2655.9539,-1
1318,2656.9002,-1
1319,2657.8724,-1
1320,2658.5171,-1
1321,2658.9358,-1
1322,2659.7061,-1
1323,2659.6472,-1
1324,2659.7867,-1
1325,2660.1496,-1
1326,2660.2726,-1
1327,2660.0981,-1
1328,2660.9898,-1
1329,2661.8268,-1
1330,2662.7851,-1
1331,2663.6190,-1
1332,2664.6092,-1
1333,2665.5159,-1
1334,2666.4624,-1
1335,2667.2189,-1
1336,2668.0892,-1
1337,2669.0516,-1
1338,2669.7912,-1
1339,2669.8055,-1
1340,2670.5921,-1
1341,2671.5074,-1
1342,2671.9503,-1
1343,2672.7707,-1
1344,2673.5516,-1
1345,2674.4084,-1
1346,2674.8636,-1
1347,2675.8401,-1
1348,2675.9305,-1
1349,2676.2383,-1
1350,2674.8185,-1
1351,2675.9686,-1
1352,2676.8184,-1
1353,2676.9860,-1
1354,2677.1750,-1
1355,2677.4313,-1
1356,2677.4893,-1
1357,2677.9463,-1
1358,2678.4847,-1
1359,2679.7323,-1
1360,2680.9416,-1
1361,2682.1074,-1
1362,2683.3162,-1
1363,2683.8393,-1
1364,2684.9606,-1
1365,2685.7543,-1
1366,2686.3134,-1
1367,2687.0379,-1
1368,2685.6465,-1
1369,2684.9613,-1
1370,2685.8375,-1
1371,2686.4266,-1
1372,2686.8360,-1
1373,2687.5875,-1
1374,2688.1056,-1
1375,2688.9575,-1
1376,2689.9137,-1
1377,2690.4159,-1
1378,2691.5774,-1
1379,2692.3785,-1
1380,2693.1584,-1
1381,2693.4931,-1
1382,2694.5355,-1
1383,2695.6341,-1
1384,2696.4533,-1
1385,2696.9578,-1
1386,2697.9585,-1
1387,2698.9627,-1
1388,2699.7693,-1
1389,2700.9654,-1
1390,2702.0292,-1
1391,2703.0563,-1
1392,2703.8341,-1
1393,2704.4563,-1
1394,2705.4341,-1
1395,2706.7389,-1
1396,2707.5164,-1
1397,2707.6306,-1
1398,2708.7469,-1
1399,2708.9643,-1
1400,2709.7075,-1
1401,2711.0958,-1
1402,2711.8771,-1
1403,2713.0353,-1
1404,2713.6369,-1
1405,2714.5185,-1
1406,2715.0385,-1
1407,2716.1398,-1
1408,2716.6588,-1
1409,2717.1311,-1
1410,2717.6688,-1
1411,2718.5009,-1
1412,2718.5171,-1
1413,2718.3521,-1
1414,2718.9088,-1
1415,2719.9011,-1
1416,2720.5560,-1
1417,2721.4856,-1
1418,2722.4445,-1
1419,2723.3689,-1
1420,2724.5760,-1
1421,2725.7011,-1
1422,2725.3168,-1
1423,2725.0113,-1
1424,2725.4443,-1
1425,2726.5692,-1
1426,2727.5474,-1
1427,2728.8322,-1
1428,2728.9572,-1
1429,2729.5291,-1
1430,2730.0472,-1
1431,2731.0541,-1
1432,2732.0688,-1
1433,2732.7955,-1
1434,2733.6111,-1
1435,2734.0279,-1
1436,2735.5270,-1
1437,2736.6476,-1
1438,2737.8955,-1
1439,2735.8408,-1
1440,2736.9859,-1
1441,2738.0025,-1
1442,2738.9693,-1
1443,2739.1534,-1
1444,2739.8651,-1
1445,2740.8040,-1
1446,2741.9724,-1
1447,2740.8280,-1
1448,2740.9332,-1
1449,2741.8652,-1
1450,2742.9202,-1
1451,2743.5884,-1
1452,2744.5595,-1
1453,2745.1477,-1
1454,2746.0694,-1
1455,2746.0799,-1
1456,2746.2955,-1
1457,2747.0958,-1
1458,2748.1322,-1
1459,2748.5647,-1
1460,2748.7555,-1
1461,2749.8443,-1
1462,2750.4556,-1
1463,2751.6112,-1
1464,2752.8780,-1
1465,2754.1456,-1
1466,2755.4855,-1
1467,2756.4194,-1
1468,2755.6934,-1
1469,2755.9249,-1
1470,2759.8991,-1
1471,2761.5013,-1
1472,2758.6231,-1
1473,2759.8355,-1
1474,2761.2650,-1
1475,2760.8042,-1
1476,2764.7052,-1
1477,2764.9024,-1
1478,2767.7896,-1
1479,2768.8124,-1
1480,2770.8862,-1
1481,2774.1966,-1
1482,2774.0831,-1
1483,2776.9487,-1
1484,2779.6111,-1
1485,2782.1064,-1
1486,2783.4363,-1
1487,2784.6279,-1
1488,2786.3603,-1
1489,2787.3678,-1
1490,2787.5726,-1
1491,2789.9396,-1
1492,2792.4759,-1
1493,2793.4351,-1
1494,2795.8207,-1
1495,2797.4460,-1
1496,2799.2978,-1
1497,2800.8657,-1
1498,2802.4533,-1
1499,2805.0895,-1
1500,2806.0811,-1
1501,2808.1448,-1
1502,2808.9607,-1
1503,2810.8919,-1
1504,2816.4892,-1
1505,2822.3271,-1
1506,2821.9080,-1
1507,2831.4843,-1
1508,2834.6848,-1
1509,2840.1496,-1
1510,2844.3832,-1
1511,2851.6288,-1
1512,2861.9454,-1
1513,2868.9585,-1
1514,2871.2633,-1
1515,2872.2754,-1
1516,2873.9331,-1
1517,2874.1424,-1
1518,2873.5900,-1
1519,2873.0531,-1
1520,2873.5676,-1
1521,2873.0600,-1
1522,2872.0810,-1
1523,2873.5499,-1
1524,2874.0332,-1
1525,2876.8032,-1
1526,2878.1347,-1
1527,2880.3284,-1
1528,2879.3755,-1
1529,2878.2928,-1
1530,2876.8096,-1
1531,2874.7547,-1
1532,2872.2026,-1
1533,2879.1940,-1
1534,2878.1023,-1
1535,2877.8811,-1
1536,2884.9485,-1
1537,2884.0249,-1
1538,2883.2111,-1
1539,2882.6823,-1
1540,2882.3757,-1
1541,2881.9573,-1
1542,2881.8722,-1
1543,2883.0974,-1
1544,2891.7196,-1
1545,2893.6517,-1
1546,2893.8437,-1
1547,2897.1038,-1
1548,2899.1256,-1
1549,2900.9023,-1
1550,2906.3365,-1
1551,2909.4005,-1
1552,2909.8880,-1
1553,2913.9636,-1
1554,2917.8631,-1
1555,2919.5187,-1
1556,2918.6766,-1
1557,2919.6332,-1
1558,2921.0062,-1
1559,2921.8497,-1
1560,2923.2914,-1
1561,2924.8657,-1
1562,2926.1582,-1
1563,2926.7926,-1
1564,2926.0302,-1
1565,2926.6825,-1
1566,2926.8444,-1
1567,2927.0215,-1
1568,2927.4628,-1
1569,2927.3412,-1
1570,2928.3078,-1
1571,2929.2192,-1
1572,2929.9281,-1
1573,2930.4049,-1
1574,2931.4144,-1
1575,2932.5342,-1
1576,2933.4972,-1
1577,2934.5782,-1
1578,2935.7817,-1
1579,2936.8865,-1
1580,2938.0498,-1
1581,2939.1830,-1
1582,2940.2671,-1
1583,2940.7213,-1
1584,2941.8452,-1
1585,2942.8725,-1
1586,2943.5976,-1
1587,2944.5488,-1
1588,2945.5321,-1
1589,2947.0024,-1
1590,2948.2417,-1
1591,2949.7294,-1
1592,2950.6006,-1
1593,2951.4792,-1
1594,2952.6806,-1
1595,2954.0198,-1
1596,2955.5826,-1
1597,2956.6905,-1
1598,2957.6287,-1
1599,2958.6203,-1
1600,2959.8784,-1
1601,2960.4368,-1
1602,2960.2556,-1
1603,2961.0925,-1
1604,2962.0564,-1
1605,2962.2953,-1
1606,2963.8965,-1
1607,2964.4806,-1
1608,2967.6285,-1
1609,2969.9931,-1
1610,2970.3946,-1
1611,2969.4369,-1
1612,2970.8154,-1
1613,2972.5094,-1
1614,2974.1423,-1
1615,2976.0063,-1
1616,2977.3917,-1
1617,2977.4513,-1
1618,2979.7850,-1
1619,2979.3756,-1
1620,2980.7940,-1
1621,2981.4892,-1
1622,2984.2198,-1
1623,2989.2895,-1
1624,2990.5896,-1
1625,2992.0475,-1
1626,2993.3803,-1
1627,2993.7294,-1
1628,2995.4939,-1
1629,2996.8638,-1
1630,2998.7383,-1
1631,2999.9151,-1
1632,2998.8186,-1
1633,2998.9412,-1
1634,2999.7897,-1
1635,3002.3701,-1
1636,3001.9989,-1
1637,3008.5378,-1
1638,3008.8453,-1
1639,3012.4288,-1
1640,3015.6360,-1
1641,3017.5850,-1
1642,3020.2391,-1
1643,3021.4705,-1
1644,3022.2361,-1
1645,3023.0832,-1
1646,3024.8516,-1
1647,3025.7485,-1
1648,3025.1780,-1
1649,3027.1528,-1
1650,3027.8475,-1
1651,3028.7538,-1
1652,3030.3655,-1
1653,3031.4279,-1
1654,3031.6179,-1
1655,3032.0044,-1
1656,3032.7356,-1
1657,3033.4373,-1
1658,3034.5693,-1
1659,3035.4860,-1
1660,3036.0947,-1
1661,3036.6716,-1
1662,3037.5507,-1
1663,3038.8782,-1
1664,3040.2949,-1
1665,3042.5632,-1
1666,3043.0140,-1
1667,3049.4354,-1
1668,3047.1764,-1
1669,3049.9091,-1
1670,3050.1959,-1
1671,3051.7116,-1
1672,3053.1363,-1
1673,3054.5912,-1
1674,3055.6347,-1
1675,3056.3512,-1
1676,3060.5474,-1
1677,3060.6856,-1
1678,3063.0984,-1
1679,3065.9561,-1
1680,3067.4689,-1
1681,3072.8784,-1
1682,3076.3662,-1
1683,3077.7359,-1
1684,3079.0577,-1
1685,3085.0177,-1
1686,3084.2304,-1
1687,3085.9842,-1
1688,3088.3822,-1
1689,3090.0059,-1
1690,3092.0551,-1
1691,3093.4534,-1
1692,3095.6621,-1
1693,3096.9055,-1
1694,3098.6483,-1
1695,3100.1720,-1
1696,3100.3373,-1
1697,3102.8764,-1
1698,3106.3261,-1
1699,3112.4704,-1
1700,3115.3305,-1
1701,3117.0635,-1
1702,3119.3299,-1
1703,3119.2396,-1
1704,3121.5274,-1
1705,3122.5951,-1
1706,3125.2427,-1
1707,3134.9206,-1
1708,3135.7803,-1
1709,3135.2599,-1
1710,3134.6653,-1
1711,3138.4349,-1
1712,3137.7213,-1
1713,3138.5434,-1
1714,3139.4012,-1
1715,3142.0209,-1
1716,3144.0094,-1
1717,3145.4120,-1
1718,3147.5224,-1
1719,3149.4446,-1
1720,3152.0348,-1
1721,3154.7966,-1
1722,3156.9159,-1
1723,3158.2968,-1
1724,3159.3647,-1
1725,3160.7921,-1
1726,3167.6221,-1
1727,3167.1772,-1
1728,3170.0537,-1
1729,3169.4818,-1
1730,3171.7377,-1
1731,3177.4306,-1
1732,3177.7143,-1
1733,3182.0979,-1
1734,3184.7050,-1
1735,3189.8305,-1
1736,3192.5435,-1
1737,3195.3433,-1
1738,3198.0102,-1
1739,3199.5230,-1
1740,3204.6521,-1
1741,3209.5301,-1
1742,3211.5548,-1
1743,3218.0934,-1
1744,3221.8428,-1
1745,3230.9988,-1
1746,3230.0410,-1
1747,3229.9747,-1
1748,3228.1592,-1
1749,3227.5574,-1
1750,3229.6131,-1
1751,3229.6681,-1
1752,3229.3727,-1
1753,3226.7830,-1
1754,3224.1795,-1
1755,3221.4971,-1
1756,3217.8013,-1
1757,3215.1334,-1
1758,3212.9965,-1
1759,3215.2014,-1
1760,3213.9797,-1
1761,3211.2043,-1
1762,3209.7282,-1
1763,3208.4453,-1
1764,3207.2470,-1
1765,3206.4140,-1
1766,3203.8043,-1
1767,3202.0268,-1
1768,3203.7547,-1
1769,3200.7215,-1
1770,3197.0928,-1
1771,3194.4613,-1
1772,3193.5179,-1
1773,3190.2933,-1
1774,3191.1983,-1
1775,3185.2007,-1
1776,3184.6218,-1
1777,3182.8320,-1
1778,3182.2116,-1
1779,3183.4309,-1
1780,3179.2054,-1
1781,3178.1108,-1
1782,3176.0678,-1
1783,3174.8915,-1
1784,3176.8360,-1
1785,3177.5897,-1
1786,3176.6078,-1
1787,3176.4219,-1
1788,3174.8633,-1
1789,3172.8001,-1
1790,3171.5808,-1
1791,3171.7951,-1
1792,3170.0966,-1
1793,3168.0377,-1
1794,3167.7916,-1
1795,3168.2353,-1
1796,3168.7119,-1
1797,3171.4921,-1
1798,3171.2129,-1
1799,3170.4497,-1
1800,3171.8047,-1
1801,3172.1253,-1
1802,3172.5791,-1
1803,3174.7189,-1
1804,3173.8763,-1
1805,3172.9620,-1
1806,3173.1596,-1
1807,3172.5702,-1
1808,3172.0877,-1
1809,3172.4820,-1
1810,3172.5755,-1
1811,3173.7356,-1
1812,3172.7870,-1
1813,3173.0142,-1
1814,3171.7980,-1
1815,3172.8125,-1
1816,3172.5523,-1
1817,3172.4243,-1
1818,3171.5410,-1
1819,3172.8585,-1
1820,3173.5253,-1
1821,3174.1354,-1
1822,3174.0241,-1
1823,3175.3054,-1
1824,3176.7130,-1
1825,3176.0068,-1
1826,3177.4693,-1
1827,3175.7023,-1
1828,3178.3350,-1
1829,3179.0075,-1
1830,3179.2214,-1
1831,3178.6363,-1
1832,3178.3137,-1
1833,3179.6188,-1
1834,3181.8438,-1
1835,3179.2531,-1
1836,3178.3421,-1
1837,3179.5199,-1
1838,3180.1500,-1
1839,3180.5599,-1
1840,3180.7096,-1
1841,3180.4409,-1
1842,3182.4081,-1
1843,3180.3925,-1
1844,3180.4926,-1
1845,3182.6355,-1
1846,3181.2105,-1
1847,3181.0818,-1
1848,3181.8547,-1
1849,3178.7062,-1
1850,3177.3336,-1
1851,3178.3845,-1
1852,3178.7469,-1
1853,3177.7477,-1
1854,3177.8979,-1
1855,3178.1309,-1
1856,3176.8415,-1
1857,3177.1173,-1
1858,3176.5518,-1
1859,3176.6219,-1
1860,3171.3727,-1
1861,3170.4514,-1
1862,3171.5670,-1
1863,3170.1322,-1
1864,3168.7431,-1
1865,3168.4606,-1
1866,3167.8510,-1
1867,3167.6288,-1
1868,3167.6021,-1
1869,3166.5869,-1
1870,3163.2962,-1
1871,3162.3249,-1
1872,3158.9990,-1
1873,3157.7420,-1
1874,3156.5468,-1
1875,3154.5188,-1
1876,3153.5563,-1
1877,3151.4983,-1
1878,3147.3999,-1
1879,3145.4408,-1
1880,3143.3825,-1
1881,3142.2951,-1
1882,3140.0168,-1
1883,3137.5935,-1
1884,3135.6037,-1
1885,3134.3760,-1
1886,3131.6605,-1
1887,3129.6475,-1
1888,3128.0739,-1
1889,3126.7738,-1
1890,3125.1261,-1
1891,3123.7583,-1
1892,3121.3479,-1
1893,3118.3674,-1
1894,3117.2614,-1
1895,3114.8713,-1
1896,3112.7701,-1
1897,3111.2871,-1
1898,3110.0986,-1
1899,3108.7534,-1
1900,3106.6315,-1
1901,3105.5334,-1
1902,3102.0494,-1
1903,3098.8925,-1
1904,3097.5890,-1
1905,3095.3970,-1
1906,3094.1756,-1
1907,3091.7180,-1
1908,3090.5709,-1
1909,3089.4103,-1
1910,3088.1701,-1
1911,3087.1930,-1
1912,3082.8323,-1
1913,3080.7276,-1
1914,3079.8409,-1
1915,3074.4801,-1
1916,3072.3317,-1
1917,3071.1155,-1
1918,3069.7298,-1
1919,3067.2419,-1
1920,3066.1104,-1
1921,3063.8580,-1
1922,3062.5789,-1
1923,3061.3294,-1
1924,3060.5612,-1
1925,3059.4659,-1
1926,3056.3152,-1
1927,3053.2103,-1
1928,3053.3144,-1
1929,3050.8814,-1
1930,3049.7341,-1
1931,3046.0382,-1
1932,3045.8264,-1
1933,3043.6342,-1
1934,3042.2287,-1
1935,3040.8394,-1
1936,3038.5418,-1
1937,3037.6830,-1
1938,3035.6855,-1
1939,3032.8088,-1
1940,3029.1846,-1
1941,3028.1818,-1
1942,3024.6081,-1
1943,3021.1709,-1
1944,3021.1265,-1
1945,3016.8169,-1
1946,3014.9264,-1
1947,3013.9267,-1
1948,3012.9883,-1
1949,3010.4799,-1
1950,3008.2829,-1
1951,3007.1526,-1
1952,3005.9211,-1
1953,3003.6287,-1
1954,3002.3949,-1
1955,3000.2170,-1
1956,2999.1438,-1
1957,2995.4066,-1
1958,2992.9516,-1
1959,2993.8667,-1
1960,2990.9356,-1
1961,2991.1854,-1
1962,2989.0516,-1
1963,2982.6901,-1
1964,2980.4187,-1
1965,2979.1253,-1
1966,2975.4066,-1
1967,2970.8757,-1
1968,2968.7378,-1
1969,13.0038,0
1970,11.4834,0
1971,14.1296,0
1972,16.2988,0
1973,13.9875,0
1974,10.9081,0
1975,10.3934,0
1976,17.5967,0
1977,16.6991,0
1978,19.9304,0
1979,11.3962,0
1980,19.6004,0
1981,12.1346,0
1982,16.2981,0
1983,27.2746,0
1984,13.3171,0
1985,17.8399,0
1986,14.9822,0
1987,22.2538,0
1988,16.9868,0
1989,15.6829,0
1990,17.4143,0
1991,20.2982,0
1992,17.7157,0
1993,12.9848,0
1994,13.1133,0
1995,9.7485,0
1996,14.9896,0
1997,21.0903,0
1998,17.7624,0
1999,13.3872,0
2000,14.7007,0
2001,18.8911,0
2002,16.3457,0
2003,18.3129,0
2004,13.2813,0
2005,27.9670,0
2006,20.3307,0
2007,17.4100,0
2008,28.1742,0
2009,18.7771,0
2010,22.0921,0
2011,16.4847,0
2012,16.3369,0
2013,14.6661,0
2014,19.8700,0
2015,12.4464,0
2016,13.4087,0
2017,13.8652,0
2018,13.0563,0
2019,14.3149,0
2020,19.1491,0
2021,17.4162,0
2022,23.4439,0
2023,12.9693,0
2024,12.6495,0
2025,14.3771,0
2026,20.5271,0
2027,14.6015,0
2028,14.5080,0
2029,16.5358,0
2030,12.0327,0
2031,17.1666,0
2032,25.5394,0
2033,17.4351,0
2034,28.6515,0
2035,10.4744,0
2036,13.2053,0
2037,10.9749,0
2038,16.3248,0
2039,18.1482,0
2040,15.5275,0
2041,16.0246,0
2042,18.6436,0
2043,18.4751,0
2044,11.9812,0
2045,9.6481,0
2046,15.3656,0
2047,16.0944,0
2048,15.9562,0
2049,14.7882,0
2050,12.6226,0
2051,19.4190,0
2052,16.2902,0
2053,14.9860,0
2054,12.2473,0
2055,14.3847,0
2056,12.4266,0
2057,19.4230,0
2058,17.7248,0
2059,14.3671,0
2060,13.4184,0
2061,20.4966,0
2062,11.8656,0
2063,14.5440,0
2064,12.6567,0
2065,11.0939,0
2066,11.6303,0
2067,13.5911,0
2068,20.2715,0
2069,13.1726,0
2070,10.8409,0
2071,13.1311,0
2072,13.3953,0
2073,13.5250,0
2074,13.7064,0
2075,14.5421,0
2076,12.8162,0
2077,12.6600,0
2078,11.6608,0
2079,11.1344,0
2080,9.5344,0
2081,9.5627,0
2082,9.2447,0
2083,14.3199,0
2084,13.6054,0
2085,12.2082,0
2086,12.7633,0
2087,11.1144,0
2088,22.7907,0
2089,22.7885,0
2090,19.0048,0
2091,23.3996,0
2092,16.6702,0
2093,15.9183,0
2094,19.1343,0
2095,12.6238,0
2096,18.6474,0
2097,22.4595,0
2098,15.7673,0
2099,17.7891,0
2100,16.1839,0
2101,17.2751,0
2102,22.8755,0
2103,11.2898,0
2104,16.7379,0
2105,15.5408,0
2106,15.8994,0
2107,16.2866,0
2108,19.0284,0
2109,13.1118,0
2110,21.4946,0
2111,11.4460,0
2112,13.0832,0
2113,22.4762,0
2114,21.3449,0
2115,12.7642,0
2116,11.7192,0
2117,11.8937,0
2118,14.0352,0
2119,12.0764,0
2120,15.5005,0
2121,15.7835,0
2122,13.4544,0
2123,13.2389,0
2124,14.9374,0
2125,17.4654,0
2126,19.3379,0
2127,11.5016,0
2128,10.7548,0
2129,11.2371,0
2130,12.1710,0
2131,12.2192,0
2132,14.1950,0
2133,16.6800,0
2134,18.6396,0
2135,11.5180,0
2136,17.3941,0
2137,12.4452,0
2138,9.6669,0
2139,18.2049,0
2140,15.8119,0
2141,17.5912,0
2142,17.6318,0
2143,12.6841,0
2144,15.1751,0
2145,13.0577,0
2146,12.3246,0
2147,14.6401,0
2148,14.7779,0
2149,15.6984,0
2150,16.5462,0
2151,17.1273,0
2152,18.9476,0
2153,10.2253,0
2154,12.3575,0
2155,13.8054,0
2156,13.8266,0
2157,15.1000,0
2158,18.6975,0
2159,19.0394,0
2160,19.9230,0
2161,12.9488,0
2162,14.2114,0
2163,22.8751,0
2164,14.8003,0
2165,13.5949,0
2166,11.4062,0
2167,16.3960,0
2168,24.2105,0
2169,13.3333,0
2170,12.0637,0
2171,11.2832,0
2172,13.3743,0
2173,14.6499,0
2174,15.4045,0
2175,16.0954,0
2176,11.4498,0
2177,12.0177,0
2178,17.9746,0
2179,20.1256,0
2180,10.9622,0
2181,16.9871,0
2182,19.5601,0
2183,23.1757,0
2184,16.8979,0
2185,17.2801,0
2186,16.3751,0
2187,15.8293,0
2188,16.3410,0
2189,16.0372,0
2190,26.7274,0
2191,19.4383,0
2192,15.6233,0
2193,24.8170,0
2194,15.6827,0
2195,18.1494,0
2196,23.0317,0
2197,14.3285,0
2198,19.8326,0
2199,18.6157,0
2200,16.5892,0
2201,23.0007,0
2202,13.5012,0
2203,17.7574,0
2204,15.9991,0
2205,16.4061,0
2206,13.8528,0
2207,13.1261,0
2208,20.0438,0
2209,9.9685,0
2210,16.6607,0
2211,15.8129,0
2212,15.8906,0
2213,18.9908,0
2214,25.2154,0
2215,15.2814,0
2216,15.4827,0
2217,23.5102,0
2218,11.1222,0
2219,13.5293,0
2220,24.3230,0
2221,11.6174,0
2222,13.4492,0
2223,15.9261,0
2224,15.1048,0
2225,18.3058,0
2226,15.9483,0
2227,16.1071,0
2228,15.4762,0
2229,12.1412,0
2230,21.3678,0
2231,11.9984,0
2232,20.5238,0
2233,13.8004,0
2234,13.9306,0
2235,12.9366,0
2236,11.0531,0
2237,10.9777,0
2238,18.8060,0
2239,14.0023,0
2240,15.2307,0
2241,13.3512,0
2242,12.2232,0
2243,20.6628,0
2244,16.8173,0
2245,13.4211,0
2246,13.2108,0
2247,13.0694,0
2248,13.7930,0
2249,12.2268,0
2250,12.6867,0
2251,11.7860,0
2252,12.2302,0
2253,15.3596,0
2254,12.2280,0
2255,14.2670,0
2256,19.3291,0
2257,16.0172,0
2258,14.0924,0
2259,15.0290,0
2260,15.9721,0
2261,18.9726,0
2262,15.8839,0
2263,21.0433,0
2264,15.8298,0
2265,22.3775,0
2266,18.9128,0
2267,17.0319,0
2268,15.1062,0
2269,15.7518,0
2270,32.6631,0
2271,18.3046,0
2272,12.2695,0
2273,15.9748,0
2274,13.4954,0
2275,21.1189,0
2276,16.3274,0
2277,16.9666,0
2278,15.4779,0
2279,18.6613,0
2280,15.5375,0
2281,19.5768,0
2282,12.1794,0
2283,18.8649,0
2284,13.9878,0
2285,15.4159,0
2286,14.7476,0
2287,14.0588,0
2288,13.2113,0
2289,15.7185,0
2290,22.4531,0
2291,25.6886,0
2292,32.1708,0
2293,20.8716,0
2294,11.3869,0
2295,19.3560,0
2296,17.9625,0
2297,16.0701,0
2298,18.8627,0
2299,16.2683,0
2300,15.9519,0
2301,14.3037,0
2302,15.1920,0
2303,13.0661,0
2304,13.3266,0
2305,14.8828,0
2306,14.6265,0
2307,19.0670,0
2308,11.5769,0
2309,17.8659,0
2310,16.0415,0
2311,16.0630,0
2312,18.8262,0
2313,16.9547,0
2314,22.5420,0
2315,20.5467,0
2316,20.0002,0
2317,19.8879,0
2318,16.9690,0
2319,20.8914,0
2320,14.8435,0
2321,16.5956,0
2322,15.1815,0
2323,13.9606,0
2324,14.5121,0
2325,17.2307,0
2326,18.9173,0
2327,13.1719,0
2328,13.3586,0
2329,13.4883,0
2330,15.7311,0
2331,13.6914,0
2332,14.7064,0
2333,12.6162,0
2334,18.4679,0
2335,19.5096,0
2336,12.4855,0
2337,14.0686,0
2338,13.0200,0
2339,22.5582,0
2340,22.6641,0
2341,16.4058,0
2342,10.8578,0
2343,9.5317,0
2344,11.6045,0
2345,13.2318,0
2346,13.6845,0
2347,13.5965,0
2348,11.1787,0
2349,14.3583,0
2350,18.4138,0
2351,13.9418,0
2352,13.3193,0
2353,13.1648,0
2354,18.9562,0
2355,13.8447,0
2356,15.1901,0
2357,10.3655,0
2358,11.5542,0
2359,16.4881,0
2360,12.8286,0
2361,15.3813,0
2362,11.0703,0
2363,13.9308,0
2364,11.3118,0
2365,12.3601,0
2366,11.2126,0
2367,16.6566,0
2368,13.9916,0
2369,14.7164,0
2370,16.8324,0
2371,13.4771,0
2372,14.1706,0
2373,12.8386,0
2374,10.2155,0
2375,17.7088,0
2376,13.6409,0
2377,19.5010,0
2378,15.6147,0
2379,15.1236,0
2380,12.8024,0
2381,13.2647,0
2382,11.9476,0
2383,12.5041,0
2384,11.3413,0
2385,11.6942,0
2386,10.3433,0
2387,13.4737,0
2388,12.0933,0
2389,12.1317,0
2390,13.0198,0
2391,13.2678,0
2392,13.5911,0
2393,13.8083,0
2394,19.0032,0
2395,23.8907,0
2396,12.4574,0
2397,11.6620,0
2398,26.6790,0
2399,17.7515,0
2400,14.3673,0
2401,18.2333,0
2402,18.9912,0
2403,12.9840,0
2404,14.3192,0
2405,15.7151,0
2406,14.3831,0
2407,11.5130,0
2408,14.2260,0
2409,17.5877,0
2410,15.1694,0
2411,13.5024,0
2412,10.3285,0
2413,15.4963,0
2414,17.2927,0
2415,15.2533,0
2416,20.3454,0
2417,16.4766,0
2418,14.9775,0
2419,19.5694,0
2420,17.7958,0
2421,13.0112,0
2422,14.7786,0
2423,13.1571,0
2424,15.0695,0
2425,19.5539,0
2426,16.3820,0
2427,10.0770,0
2428,14.5221,0
2429,20.0729,0
2430,22.3436,0
2431,16.7851,0
2432,15.3451,0
2433,19.6073,0
2434,13.8521,0
2435,12.4683,0
2436,18.0528,0
2437,16.9930,0
2438,16.1057,0
2439,19.0086,0
2440,13.4444,0
2441,12.3241,0
2442,16.2752,0
2443,13.8783,0
2444,10.6876,0
2445,13.7193,0
2446,12.7122,0
2447,10.0300,0
2448,16.1076,0
2449,13.3410,0
2450,11.0235,0
2451,17.1938,0
2452,18.9903,0
2453,22.0737,0
2454,11.2927,0
2455,10.9587,0
2456,10.5963,0
2457,10.9942,0
2458,9.5363,0
2459,14.5254,0
2460,17.3786,0
2461,13.4079,0
2462,15.9178,0
2463,14.5285,0
2464,12.2361,0
2465,13.8643,0
2466,12.8810,0
2467,12.0313,0
2468,15.2118,0
2469,13.6442,0
2470,16.3908,0
2471,13.7014,0
2472,13.8495,0
2473,13.6375,0
2474,13.3812,0
2475,21.5852,0
2476,15.3911,0
2477,14.3213,0
2478,16.2938,0
2479,20.8890,0
2480,11.1408,0
2481,16.1810,0
2482,23.5579,0
2483,18.9111,0
2484,14.6205,0
2485,10.1063,0
2486,10.9043,0
2487,11.4834,0
2488,15.1091,0
2489,15.8901,0
2490,15.9037,0
2491,11.9035,0
2492,13.4156,0
2493,10.6537,0
2494,11.3776,0
2495,15.0800,0
2496,15.2969,0
2497,14.5569,0
2498,17.5960,0
2499,13.3457,0
2500,15.0287,0
2501,13.4015,0
2502,16.2930,0
2503,18.2517,0
2504,17.4646,0
2505,15.5854,0
2506,17.9384,0
2507,18.6806,0
2508,14.4351,0
2509,12.3339,0
2510,15.7695,0
2511,22.3615,0
2512,17.9441,0
2513,14.9388,0
2514,19.7332,0
2515,14.9441,0
2516,16.4118,0
2517,13.7560,0
2518,12.2128,0
2519,13.0064,0
2520,13.1207,0
2521,11.4150,0
2522,14.3216,0
2523,16.8271,0
2524,14.7538,0
2525,17.0004,0
2526,12.9075,0
2527,11.3029,0
2528,27.2377,0
2529,18.7016,0
2530,18.7368,0
2531,13.3319,0
2532,14.8869,0
2533,24.2400,0
2534,26.5036,0
2535,19.5401,0
2536,12.0528,0
2537,18.8923,0
2538,13.9060,0
2539,24.5278,0
2540,16.7117,0
2541,14.9126,0
2542,11.4977,0
2543,13.3557,0
2544,16.0701,0
2545,13.2523,0
2546,11.1392,0
2547,13.6721,0
2548,9.9688,0
2549,16.2249,0
2550,19.4426,0
2551,15.8255,0
2552,14.5199,0
2553,15.3818,0
2554,14.4725,0
2555,13.7095,0
2556,15.7111,0
2557,12.2492,0
2558,15.5814,0
2559,23.2556,0
2560,17.8764,0
2561,18.2059,0
2562,12.8491,0
2563,20.8530,0
2564,11.5216,0
2565,6.8309,0
2566,9.5286,0
2567,8.5652,0
2568,14.7626,0
2569,17.5798,0
2570,18.9202,0
2571,14.4191,0
2572,12.7630,0
2573,15.7726,0
2574,14.7438,0
2575,12.8531,0
2576,12.7366,0
2577,13.6631,0
2578,21.1995,0
2579,12.8384,0
2580,11.9028,0
2581,15.1463,0
2582,12.8567,0
2583,12.7983,0
2584,13.7098,0
2585,11.2209,0
2586,15.5904,0
2587,13.5005,0
2588,13.4809,0
2589,15.0399,0
2590,20.7305,0
2591,17.3655,0
2592,16.6788,0
2593,10.5257,0
2594,20.0739,0
2595,15.7456,0
2596,19.0911,0
2597,13.2554,0
2598,19.0825,0
2599,13.3045,0
2600,12.6982,0
2601,14.8404,0
2602,15.4257,0
2603,11.9755,0
2604,13.0811,0
2605,16.5634,0
2606,9.7747,0
2607,18.4689,0
2608,10.5472,0
2609,13.2024,0
2610,13.3872,0
2611,16.2272,0
2612,13.4313,0
2613,11.8618,0
2614,11.3382,0
2615,14.0676,0
2616,15.7046,0
2617,17.5824,0
2618,20.7427,0
2619,13.1679,0
2620,13.8226,0
2621,10.6130,0
2622,15.8236,0
2623,24.9364,0
2624,15.5520,0
2625,16.9637,0
2626,16.2079,0
2627,28.5742,0
2628,14.8175,0
2629,14.6115,0
2630,18.0984,0
2631,13.3002,0
2632,15.9814,0
2633,13.7169,0
2634,14.8737,0
2635,13.7863,0
2636,17.2825,0
2637,12.4698,0
2638,13.3102,0
2639,11.3490,0
2640,14.1480,0
2641,12.2242,0
2642,18.7528,0
2643,19.4285,0
2644,14.9140,0
2645,18.2555,0
2646,10.4911,0
2647,9.4876,0
2648,10.2830,0
2649,10.6666,0
2650,10.6101,0
2651,11.4498,0
2652,9.3517,0
2653,9.8689,0
2654,27.7750,0
2655,14.7891,0
2656,14.1022,0
2657,15.0404,0
2658,15.0094,0
2659,13.2122,0
2660,15.2130,0
2661,10.9808,0
2662,12.1021,0
2663,13.4544,0
2664,14.1134,0
2665,15.2252,0
2666,16.4683,0
2667,12.0313,0
2668,9.2480,0
2669,23.7625,0
2670,18.4011,0
2671,16.2921,0
2672,23.2430,0
2673,11.4610,0
2674,16.6852,0
2675,21.8868,0
2676,15.6069,0
2677,13.0920,0
2678,15.0528,0
2679,22.1906,0
2680,17.8816,0
2681,27.9479,0
2682,12.0056,0
2683,11.7152,0
2684,14.1144,0
2685,14.6422,0
2686,11.3165,0
2687,16.9191,0
2688,19.8624,0
2689,14.6482,0
2690,15.9879,0
2691,11.9362,0
2692,16.3627,0
2693,18.6167,0
2694,14.0071,0
2695,25.2767,0
2696,17.2558,0
2697,22.3057,0
2698,12.9678,0
2699,29.2821,0
2700,13.1078,0
2701,18.9188,0
2702,18.2800,0
2703,22.6846,0
2704,11.9343,0
2705,14.5605,0
2706,19.2554,0
2707,10.1023,0
2708,14.1411,0
2709,23.5600,0
2710,15.6901,0
2711,10.7026,0
2712,14.6728,0
2713,20.6678,0
2714,15.0371,0
2715,18.7888,0
2716,14.9903,0
2717,10.4232,0
2718,9.4583,0
2719,11.7829,0
2720,10.7110,0
2721,13.2983,0
2722,19.4356,0
2723,15.2290,0
2724,15.5585,0
2725,15.2137,0
2726,10.7570,0
2727,12.8503,0
2728,13.7324,0
2729,12.2411,0
2730,15.3487,0
2731,16.4130,0
2732,10.8788,0
2733,18.2235,0
2734,10.2208,0
2735,12.4216,0
2736,11.2441,0
2737,21.6072,0
2738,11.9185,0
2739,16.1572,0
2740,14.8292,0
2741,24.5547,0
2742,11.3487,0
2743,15.8076,0
2744,18.9950,0
2745,11.7254,0
2746,16.5091,0
2747,15.2838,0
2748,16.8254,0
2749,11.5821,0
2750,16.9811,0
2751,14.6165,0
2752,10.1736,0
2753,12.2046,0
2754,12.3982,0
2755,9.8841,0
2756,12.3296,0
2757,18.3589,0
2758,12.8193,0
2759,17.3504,0
2760,10.3145,0
2761,13.9298,0
2762,17.4794,0
2763,19.6896,0
2764,14.0357,0
2765,17.3559,0
2766,16.0928,0
2767,17.8566,0
2768,11.9801,0
2769,12.3415,0
2770,14.9515,0
2771,13.1817,0
2772,19.5014,0
2773,13.6240,0
2774,11.2307,0
2775,14.6198,0
2776,22.0320,0
2777,18.2149,0
2778,15.2223,0
2779,12.5344,0
2780,13.2482,0
2781,13.3431,0
2782,14.3456,0
2783,14.4591,0
2784,14.8852,0
2785,21.9023,0
2786,14.2505,0
2787,20.9122,0
2788,13.4883,0
2789,25.0237,0
2790,17.0012,0
2791,20.4179,0
2792,19.5594,0
2793,14.9193,0
2794,17.5500,0
2795,16.2797,0
2796,13.7041,0
2797,13.9184,0
2798,13.1128,0
2799,17.6942,0
2800,20.2994,0
2801,11.1487,0
2802,18.9719,0
2803,15.2771,0
2804,12.4383,0
2805,16.1927,0
2806,21.4107,0
2807,16.6380,0
2808,16.1870,0
2809,12.0852,0
2810,10.3371,0
2811,11.4830,0
2812,16.5431,0
2813,16.5963,0
2814,12.1548,0
2815,11.3766,0
2816,9.6619,0
2817,19.3157,0
2818,13.4273,0
2819,11.1108,0
2820,23.3407,0
2821,13.6192,0
2822,13.7370,0
2823,10.5555,0
2824,10.3970,0
2825,12.3436,0
2826,14.2751,0
2827,14.4787,0
2828,16.3920,0
2829,13.0620,0
2830,14.2269,0
2831,21.8084,0
2832,12.7985,0
2833,13.9790,0
2834,13.9203,0
2835,15.1389,0
2836,23.9313,0
2837,12.6400,0
2838,15.2140,0
2839,13.0978,0
2840,15.6739,0
2841,14.4105,0
2842,16.6585,0
2843,19.3784,0
2844,11.2026,0
2845,18.8060,0
2846,13.7460,0
2847,16.9864,0
2848,18.6896,0
2849,18.9955,0
2850,18.3318,0
2851,16.4237,0
2852,11.0447,0
2853,14.9689,0
2854,12.5749,0
2855,10.7691,0
2856,12.4898,0
2857,12.8114,0
2858,13.6189,0
2859,18.6205,0
2860,19.7098,0
2861,19.0058,0
2862,15.2869,0
2863,12.8021,0
2864,14.7414,0
2865,14.5631,0
2866,16.8836,0
2867,12.3174,0
2868,14.3118,0
2869,16.1524,0
2870,16.3319,0
2871,13.8140,0
2872,11.4231,0
2873,9.5167,0
2874,14.1077,0
2875,14.1187,0
2876,15.7154,0
2877,19.9864,0
2878,14.5864,0
2879,13.1416,0
2880,15.2347,0
2881,16.5262,0
2882,13.4077,0
2883,13.7610,0
2884,15.7373,0
2885,15.7132,0
2886,24.0476,0
2887,17.8144,0
2888,14.7874,0
2889,16.1524,0
2890,13.3917,0
2891,12.0058,0
2892,10.8154,0
2893,10.1142,0
2894,14.3979,0
2895,12.5065,0
2896,12.9318,0
2897,14.1449,0
2898,17.6404,0
2899,16.1378,0
2900,19.0125,0
2901,14.6439,0
2902,17.9276,0
2903,15.1751,0
2904,17.6170,0
2905,14.8640,0
2906,16.2642,0
2907,14.2198,0
2908,11.5619,0
2909,11.5128,0
2910,11.9555,0
2911,15.9767,0
2912,11.8964,0
2913,14.7309,0
2914,16.3836,0
2915,15.9955,0
2916,15.4777,0
2917,22.9595,0
2918,16.9120,0
2919,18.5094,0
2920,18.1701,0
2921,15.9574,0
2922,15.7650,0
2923,14.3375,0
2924,12.6607,0
2925,11.5521,0
2926,14.4932,0
2927,14.4796,0
2928,16.1345,0
2929,14.3554,0
2930,17.2865,0
2931,14.9610,0
2932,14.4465,0
2933,11.9934,0
2934,15.8052,0
2935,17.6404,0
2936,10.4742,0
2937,14.0388,0
2938,10.5219,0
2939,11.5325,0
2940,14.0350,0
2941,8.7261,0
2942,14.8540,0
2943,20.0865,0
2944,14.6723,0
2945,15.9271,0
2946,17.2958,0
2947,18.9188,0
2948,13.6418,0
2949,14.3237,0
2950,25.6693,0
2951,12.1896,0
2952,15.1515,0
2953,13.2248,0
2954,13.4666,0
2955,14.1442,0
2956,14.6446,0
2957,14.4012,0
2958,13.0031,0
2959,16.1815,0
2960,21.9901,0
2961,25.6577,0
2962,14.8773,0
2963,13.7844,0
2964,13.7877,0
2965,17.6044,0
2966,12.3475,0
2967,12.1398,0
2968,15.8837,0
2969,15.8069,0
2970,13.4261,0
2971,13.0458,0
2972,11.1830,0
2973,17.0705,0
2974,12.5563,0
2975,19.8700,0
2976,12.7509,0
2977,15.6286,0
2978,15.3310,0
2979,16.4552,0
2980,15.7397,0
2981,12.0821,0
2982,14.0998,0
2983,13.2024,0
2984,12.5792,0
2985,15.0421,0
2986,11.9319,0
2987,18.4357,0
2988,16.1653,0
2989,18.3170,0
2990,14.1706,0
2991,16.5505,0
2992,13.7632,0
2993,20.8466,0
2994,12.6717,0
2995,15.6460,0
2996,20.3111,0
2997,8.7671,0
2998,12.3906,0
2999,14.9636,0
3000,13.9163,0
3001,12.9066,0
3002,18.6064,0
3003,15.2242,0
3004,13.6881,0
3005,13.5462,0
3006,17.4801,0
3007,17.0548,0
3008,13.6251,0
3009,23.0410,0
3010,13.7503,0
3011,10.2096,0
3012,17.7319,0
3013,10.3726,0
3014,20.0489,0
3015,18.9364,0
3016,18.7023,0
3017,12.4719,0
3018,14.0250,0
3019,10.2792,0
3020,10.9615,0
3021,10.6013,0
3022,16.9592,0
3023,14.2715,0
3024,13.5942,0
3025,13.5341,0
3026,16.2625,0
3027,19.6652,0
3028,15.7726,0
3029,12.4846,0
3030,13.7131,0
3031,10.9267,0
3032,12.6526,0
3033,12.2280,0
3034,10.1883,0
3035,14.5419,0
3036,13.4237,0
3037,16.3496,0
3038,18.8158,0
3039,14.0910,0
3040,12.5027,0
3041,12.2118,0
3042,15.9991,0
3043,12.5430,0
3044,14.3816,0
3045,17.8103,0
3046,14.2841,0
3047,12.4736,0
3048,13.7491,0
3049,14.9605,0
3050,14.8695,0
3051,13.2735,0
3052,13.7167,0
3053,14.1954,0
3054,14.9260,0
3055,26.4940,0
3056,13.1283,0
3057,14.5051,0
3058,9.6531,0
3059,12.6598,0
3060,12.3081,0
3061,19.6478,0
3062,12.3892,0
3063,11.4305,0
3064,15.8327,0
3065,9.4116,0
3066,12.4843,0
3067,23.0510,0
3068,16.2699,0
3069,26.1972,0
3070,20.4275,0
3071,16.9914,0
3072,14.0452,0
3073,15.3179,0
3074,13.6552,0
3075,9.8348,0
3076,14.0805,0
3077,13.0825,0
3078,13.6547,0
3079,13.3426,0
3080,18.1289,0
3081,13.4327,0
3082,16.1734,0
3083,12.3675,0
3084,25.1565,0
3085,19.4862,0
3086,13.2167,0
3087,20.8347,0
3088,16.5236,0
3089,13.2153,0
3090,19.4538,0
3091,13.6597,0
3092,13.9861,0
3093,15.4722,0
3094,23.8488,0
3095,11.6425,0
3096,21.5404,0
3097,14.3828,0
3098,16.0618,0
3099,14.9674,0
3100,12.5854,0
3101,12.8858,0
3102,10.5615,0
3103,8.4512,0
3104,10.1318,0
3105,12.4993,0
3106,13.9856,0
3107,12.7709,0
3108,13.7446,0
3109,10.5128,0
3110,11.4787,0
3111,9.4738,0
3112,13.5405,0
3113,17.4224,0
3114,15.6529,0
3115,13.4878,0
3116,12.2626,0
3117,9.6698,0
3118,19.6421,0
3119,11.4245,0
3120,18.7166,0
3121,14.2226,0
3122,14.6372,0
3123,13.7043,0
3124,12.3692,0
3125,12.2888,0
3126,15.4769,0
3127,22.7900,0
3128,23.6416,0
3129,23.7164,0
3130,18.2004,0
3131,10.1631,0
3132,12.4638,0
3133,10.5991,0
3134,12.5289,0
3135,15.2459,0
3136,12.2628,0
3137,14.5330,0
3138,15.8372,0
3139,13.4094,0
3140,22.2220,0
3141,13.1836,0
3142,15.9736,0
3143,13.1118,0
3144,14.5257,0
3145,15.8761,0
3146,10.1311,0
3147,9.3307,0
3148,12.7053,0
3149,12.2380,0
3150,12.1663,0
3151,15.6205,0
3152,11.8167,0
3153,10.7188,0
3154,20.0436,0
3155,15.5897,0
3156,19.5794,0
3157,18.0597,0
3158,14.7204,0
3159,15.6043,0
3160,17.8437,0
3161,11.7664,0
3162,14.4002,0
3163,12.8508,0
3164,15.1479,0
3165,14.6821,0
3166,13.3963,0
3167,18.5494,0
3168,17.3669,0
3169,12.3913,0
3170,23.2918,0
3171,15.1067,0
3172,15.4464,0
3173,10.6633,0
3174,13.9394,0
3175,16.1781,0
3176,19.4132,0
3177,12.7871,0
3178,15.6267,0
3179,12.8946,0
3180,22.5143,0
3181,11.0199,0
3182,18.7802,0
3183,15.2733,0
3184,12.7144,0
3185,19.3350,0
3186,17.9896,0
3187,14.6534,0
3188,14.5419,0
3189,13.4478,0
3190,15.6658,0
3191,15.3840,0
3192,11.4012,0
3193,16.3877,0
3194,20.7169,0
3195,10.8733,0
3196,20.4918,0
3197,13.0596,0
3198,12.4500,0
3199,13.7153,0
3200,14.7555,0
3201,14.3840,0
3202,19.6860,0
3203,14.1230,0
3204,16.7544,0
3205,12.9824,0
3206,10.7019,0
3207,12.0354,0
3208,10.7193,0
3209,12.9223,0
3210,14.8342,0
3211,15.1818,0
3212,21.1799,0
3213,14.4556,0
3214,10.2279,0
3215,10.6630,0
3216,11.1306,0
3217,12.5942,0
3218,12.4786,0
3219,15.9760,0
3220,19.7215,0
3221,18.9283,0
3222,16.8941,0
3223,22.2001,0
3224,16.3445,0
3225,17.2164,0
3226,15.4419,0
3227,13.9809,0
3228,13.5872,0
3229,15.5752,0
3230,21.7166,0
3231,12.4223,0
3232,13.5357,0
3233,13.0448,0
3234,17.1204,0
3235,14.6072,0
3236,13.7465,0
3237,13.1063,0
3238,13.6268,0
3239,14.5528,0
3240,16.1598,0
3241,16.3016,0
3242,14.8802,0
3243,13.5758,0
3244,15.1830,0
3245,13.3841,0
3246,17.0636,0
3247,11.8597,0
3248,13.0069,0
3249,12.0516,0
3250,10.6561,0
3251,12.8484,0
3252,9.3715,0
3253,12.8841,0
3254,9.8977,0
3255,10.8569,0
3256,10.6838,0
3257,10.3731,0
3258,14.0252,0
3259,16.1390,0
3260,12.5008,0
3261,10.9603,0
3262,13.9875,0
3263,9.3825,0
3264,17.1576,0
3265,13.7863,0
3266,22.9747,0
3267,14.8902,0
3268,14.7464,0
3269,14.1597,0
3270,12.6979,0
3271,16.2604,0
3272,12.6677,0
3273,13.3555,0
3274,12.1958,0
3275,12.5289,0
3276,15.2328,0
3277,14.1242,0
3278,24.3824,0
3279,13.9880,0
3280,15.0816,0
3281,14.9763,0
3282,17.4954,0
3283,16.5529,0
3284,14.1642,0
3285,12.6882,0
3286,14.4093,0
3287,16.1071,0
3288,16.7508,0
3289,13.8619,0
3290,12.3532,0
3291,14.1830,0
3292,17.8223,0
3293,20.6809,0
3294,19.2087,0
3295,19.2537,0
3296,17.5550,0
3297,15.8248,0
3298,16.0100,0
3299,15.4839,0
3300,15.6281,0
3301,17.4546,0
3302,18.9462,0
3303,15.8005,0
3304,13.7663,0
3305,15.5876,0
3306,18.3694,0
3307,15.1246,0
3308,13.4611,0
3309,17.3125,0
3310,13.9794,0
3311,12.5439,0
3312,15.9526,0
3313,13.9732,0
3314,13.4513,0
3315,15.1196,0
3316,18.5926,0
3317,14.5433,0
3318,20.1352,0
3319,15.5058,0
3320,16.8355,0
3321,16.0229,0
3322,9.3889,0
3323,14.2400,0
3324,20.5281,0
3325,21.0066,0
3326,16.0842,0
3327,17.1680,0
3328,10.6380,0
3329,11.8601,0
3330,15.5776,0
3331,15.9791,0
3332,15.4426,0
3333,16.8993,0
3334,14.5693,0
3335,14.1160,0
3336,17.9636,0
3337,9.9356,0
3338,14.3046,0
3339,12.7082,0
3340,13.8371,0
3341,16.3159,0
3342,12.0692,0
3343,11.2541,0
3344,16.1686,0
3345,15.8439,0
3346,20.4334,0
3347,17.0684,0
3348,21.2028,0
3349,16.3057,0
3350,15.2843,0
3351,15.6665,0
3352,16.2432,0
3353,20.1275,0
3354,18.9309,0
3355,21.2674,0
3356,23.9003,0
3357,9.9161,0
3358,9.1243,0
3359,15.5692,0
3360,13.3111,0
3361,15.9342,0
3362,11.2400,0
3363,13.0553,0
3364,11.6329,0
3365,15.0485,0
3366,13.6523,0
3367,15.7583,0
3368,15.6703,0
3369,14.4043,0
3370,14.1089,0
3371,14.6050,0
3372,18.2600,0
3373,14.0550,0
3374,21.2679,0
3375,18.6357,0
3376,14.7917,0
3377,16.8557,0
3378,14.5595,0
3379,13.1626,0
3380,13.1106,0
3381,12.9216,0
3382,25.1398,0
3383,10.7300,0
3384,16.5391,0
3385,12.8415,0
3386,13.5901,0
3387,15.1355,0
3388,9.9218,0
3389,9.8720,0
3390,16.3858,0
3391,12.4311,0
3392,14.8339,0
3393,15.3105,0
3394,14.2565,0
3395,14.1284,0
3396,14.5442,0
3397,12.7106,0
3398,13.4299,0
3399,12.9063,0
3400,15.7242,0
3401,14.0781,0
3402,11.1270,0
3403,12.4211,0
3404,19.5665,0
3405,17.5898,0
3406,12.5821,0
3407,17.6187,0
3408,13.8316,0
3409,11.6570,0
3410,15.4359,0
3411,14.9469,0
3412,12.1520,0
3413,12.2917,0
3414,12.2573,0
3415,14.0119,0
3416,12.7060,0
3417,10.2630,0
3418,11.6053,0
3419,12.4435,0
3420,10.5698,0
3421,9.6040,0
3422,12.4664,0
3423,10.8087,0
3424,14.5721,0
3425,13.5200,0
3426,16.7360,0
3427,18.1961,0
3428,13.4783,0
3429,13.9868,0
3430,12.1691,0
3431,14.0893,0
3432,14.5059,0
3433,11.3976,0
3434,16.0973,0
3435,14.4708,0
3436,19.2235,0
3437,15.3890,0
3438,19.4283,0
3439,17.3178,0
3440,18.1558,0
3441,11.3091,0
3442,22.6393,0
3443,11.3077,0
3444,16.1772,0
3445,11.8985,0
3446,13.0985,0
3447,18.4085,0
3448,20.6041,0
3449,12.4176,0
3450,12.4028,0
3451,14.6837,0
3452,12.7189,0
3453,12.6917,0
3454,16.1626,0
3455,14.3168,0
3456,16.7260,0
3457,15.3115,0
3458,15.6581,0
3459,12.4371,0
3460,14.3428,0
3461,11.8506,0
3462,17.3566,0
3463,21.5693,0
3464,13.4339,0
3465,14.5185,0
3466,13.1567,0
3467,22.8717,0
3468,23.4263,0
3469,15.5454,0
3470,13.2532,0
3471,13.7286,0
3472,12.9924,0
3473,11.3840,0
3474,11.3168,0
3475,12.5027,0
3476,11.7686,0
3477,12.4929,0
3478,11.2109,0
3479,11.2081,0
3480,11.5802,0
3481,18.5509,0
3482,12.3031,0
3483,13.5579,0
3484,13.1912,0
3485,11.6115,0
3486,14.6122,0
3487,10.6719,0
3488,11.5504,0
3489,11.9746,0
3490,13.1857,0
3491,11.9898,0
3492,20.5235,0
3493,24.7903,0
3494,16.2113,0
3495,29.7534,0
3496,11.9593,0
3497,16.4795,0
3498,18.6660,0
3499,16.0344,0
3500,11.0345,0
3501,20.0083,0
3502,18.1992,0
3503,15.5933,0
3504,14.4651,0
3505,13.1726,0
3506,12.2488,0
3507,22.0821,0
3508,14.9043,0
3509,14.0719,0
3510,14.6623,0
3511,13.3865,0
3512,10.2923,0
3513,13.3488,0
3514,14.1549,0
3515,13.3481,0
3516,13.1178,0
3517,10.3662,0
3518,12.1655,0
3519,11.5843,0
3520,14.4286,0
3521,16.6430,0
3522,18.8911,0
3523,17.0457,0
3524,13.4273,0
3525,13.4244,0
3526,25.3441,0
3527,13.8490,0
3528,14.2653,0
3529,13.7584,0
3530,15.3465,0
3531,16.5801,0
3532,9.9459,0
3533,9.7170,0
3534,11.6329,0
3535,17.3063,0
3536,11.8520,0
3537,11.0550,0
3538,11.0805,0
3539,14.1780,0
3540,14.6775,0
3541,16.0329,0
3542,12.5735,0
3543,14.8621,0
3544,13.7570,0
3545,11.6806,0
3546,10.0987,0
3547,13.0370,0
3548,18.0392,0
3549,18.6779,0
3550,17.5185,0
3551,13.2849,0
3552,27.1063,0
3553,13.8483,0
3554,19.7864,0
3555,15.0566,0
3556,16.7160,0
3557,12.5473,0
3558,14.0522,0
3559,14.1523,0
3560,11.5185,0
3561,17.2172,0
3562,12.1787,0
3563,14.0224,0
3564,11.7414,0
3565,12.4581,0
3566,13.1614,0
3567,12.6414,0
3568,13.7053,0
3569,14.6456,0
3570,13.1838,0
3571,22.7437,0
3572,14.2450,0
3573,13.1488,0
3574,17.5600,0
3575,16.0728,0
3576,15.1131,0
3577,13.2058,0
3578,17.3290,0
3579,18.3368,0
3580,23.2704,0
3581,13.1595,0
3582,12.0571,0
3583,12.4531,0
3584,20.4148,0
3585,15.8188,0
3586,10.4871,0
3587,11.1320,0
3588,12.2631,0
3589,20.4303,0
3590,11.3764,0
3591,15.6293,0
3592,12.6936,0
3593,20.4620,0
3594,23.1240,0
3595,12.2566,0
3596,18.7120,0
3597,14.8137,0
3598,17.1442,0
3599,16.1431,0
3600,17.1001,0
3601,13.4993,0
3602,13.2360,0
3603,13.6614,0
3604,20.3466,0
3605,22.1369,0
3606,20.0322,0
3607,15.9924,0
3608,23.0651,0
3609,16.3536,0
3610,12.7454,0
3611,15.3360,0
3612,12.9158,0
3613,13.1142,0
3614,18.0471,0
3615,18.1658,0
3616,10.4849,0
3617,12.9609,0
3618,14.6074,0
3619,13.2902,0
3620,13.0603,0
3621,16.8672,0
3622,16.8080,0
3623,13.8793,0
3624,15.0065,0
3625,15.7921,0
3626,14.9927,0
3627,16.0029,0
3628,12.9662,0
3629,12.9197,0
3630,19.2177,0
3631,21.1160,0
3632,17.9703,0
3633,21.5633,0
3634,22.3620,0
3635,14.2486,0
3636,21.3246,0
3637,12.1565,0
3638,17.2751,0
3639,13.3238,0
3640,21.9538,0
3641,12.0909,0
3642,10.2766,0
3643,10.8974,0
3644,9.3300,0
3645,13.1426,0
3646,13.2041,0
3647,16.1610,0
3648,13.5567,0
3649,10.4549,0
3650,14.2102,0
3651,13.4473,0
3652,16.7220,0
3653,16.1240,0
3654,12.7981,0
3655,11.7896,0
3656,12.6290,0
3657,17.3759,0
3658,21.1110,0
3659,26.7959,0
3660,13.2501,0
3661,18.8138,0
3662,17.5064,0
3663,15.1536,0
3664,17.6063,0
3665,17.0906,0
3666,30.5250,0
3667,20.0429,0
3668,14.8149,0
3669,12.5191,0
3670,11.8368,0
3671,17.1986,0
3672,14.4629,0
3673,15.1358,0
3674,13.4170,0
3675,14.6952,0
3676,15.6627,0
3677,14.0200,0
3678,16.0532,0
3679,9.9537,0
3680,13.6085,0
3681,14.2519,0
3682,15.3615,0
3683,25.8689,0
3684,9.0594,0
3685,13.0286,0
3686,20.9751,0
3687,14.8923,0
3688,16.1786,0
3689,15.8179,0
3690,11.8167,0
3691,13.2182,0
3692,12.7969,0
3693,14.3108,0
3694,12.2192,0
3695,12.8222,0
3696,22.6800,0
3697,17.1175,0
3698,10.5634,0
3699,15.5458,0
3700,16.4635,0
3701,15.1904,0
3702,13.5465,0
3703,15.4073,0
3704,16.8362,0
3705,17.8518,0
3706,29.5465,0
3707,22.3536,0
3708,15.3737,0
3709,13.0091,0
3710,18.7199,0
3711,17.8089,0
3712,17.8835,0
3713,12.0537,0
3714,16.6471,0
3715,19.7310,0
3716,11.3776,0
3717,17.2298,0
3718,13.7374,0
3719,11.8682,0
3720,11.5817,0
3721,11.5862,0
3722,12.7165,0
3723,13.5493,0
3724,11.5511,0
3725,14.8351,0
3726,15.0752,0
3727,16.1669,0
3728,14.0359,0
3729,13.1559,0
3730,12.4562,0
3731,13.0563,0
3732,18.0290,0
3733,14.8058,0
3734,15.8384,0
3735,14.2627,0
3736,12.5804,0
3737,11.0254,0
3738,13.5667,0
3739,23.2854,0
3740,14.6587,0
3741,18.5378,0
3742,17.3697,0
3743,18.9068,0
3744,12.4502,0
3745,10.5321,0
3746,13.3004,0
3747,12.1055,0
3748,16.8273,0
3749,18.4388,0
3750,20.2584,0
3751,18.7271,0
3752,14.4281,0
3753,15.2707,0
3754,18.3470,0
3755,21.4348,0
3756,17.1287,0
3757,14.7107,0
3758,14.2605,0
3759,14.6670,0
3760,14.8292,0
3761,15.1939,0
3762,17.6516,0
3763,14.4687,0
3764,21.7261,0
3765,15.9714,0
3766,16.9365,0
3767,20.4651,0
3768,16.5601,0
3769,19.9108,0
3770,21.1530,0
3771,18.7366,0
3772,15.2099,0
3773,12.9013,0
3774,21.7624,0
3775,17.2348,0
3776,12.6367,0
3777,18.7039,0
3778,13.9611,0
3779,17.2284,0
3780,11.5001,0
3781,16.8681,0
3782,16.0413,0
3783,10.1185,0
3784,29.8214,0
3785,21.5776,0
3786,13.7451,0
3787,13.3109,0
3788,16.0322,0
3789,15.8780,0
3790,17.0557,0
3791,17.1936,0
3792,18.2428,0
3793,17.7908,0
3794,19.1660,0
3795,14.3480,0
3796,14.5619,0
3797,21.2636,0
3798,15.9705,0
3799,14.9331,0
3800,20.3328,0
3801,17.9648,0
3802,14.8528,0
3803,10.5505,0
3804,18.1868,0
3805,15.2719,0
3806,10.8433,0
3807,14.2343,0
3808,11.8854,0
3809,13.3059,0
3810,15.5275,0
3811,17.4999,0
3812,13.0312,0
3813,13.3410,0
3814,13.9778,0
3815,12.8152,0
3816,13.3529,0
3817,13.8674,0
3818,16.1500,0
3819,17.0116,0
3820,13.9570,0
3821,14.7243,0
3822,18.5776,0
3823,23.2909,0
3824,17.8175,0
3825,15.8565,0
3826,13.3240,0
3827,15.8799,0
3828,20.8073,0
3829,17.9029,0
3830,14.2937,0
3831,14.0996,0
3832,10.5846,0
3833,10.3903,0
3834,15.2998,0
3835,13.7424,0
3836,15.8741,0
3837,15.8172,0
3838,22.0294,0
3839,15.7080,0
3840,16.9137,0
3841,21.7814,0
3842,20.4403,0
3843,16.2992,0
3844,11.5619,0
3845,10.4778,0
3846,12.2871,0
3847,17.4572,0
3848,17.4837,0
3849,14.2825,0
3850,13.3827,0
3851,14.5426,0
3852,15.3060,0
3853,13.8924,0
3854,14.5180,0
3855,22.6085,0
3856,14.4041,0
3857,17.6065,0
3858,13.9017,0
3859,13.9885,0
3860,12.1243,0
3861,17.6685,0
3862,10.5400,0
3863,10.1078,0
3864,10.9890,0
3865,9.6970,0
3866,11.2903,0
3867,14.8323,0
3868,18.2295,0
3869,14.7765,0
3870,16.6039,0
3871,18.9121,0
3872,16.1216,0
3873,15.2249,0
3874,24.8604,0
3875,16.8417,0
3876,14.9567,0
3877,16.0513,0
3878,10.0250,0
3879,13.3233,0
3880,15.6031,0
3881,10.9553,0
3882,18.7776,0
3883,15.0104,0
3884,18.0595,0
3885,18.3756,0
3886,17.6630,0
3887,15.4021,0
3888,16.4757,0
3889,13.7706,0
3890,11.2467,0
3891,11.8084,0
3892,9.9533,0
3893,13.2976,0
3894,12.7292,0
3895,11.8773,0
3896,13.3023,0
3897,14.5950,0
3898,22.8412,0
3899,20.8666,0
3900,25.3091,0
3901,16.8514,0
3902,15.1172,0
3903,17.6482,0
3904,16.8450,0
3905,11.0228,0
3906,15.5587,0
3907,14.6489,0
3908,17.6737,0
3909,13.3767,0
3910,16.0935,0
3911,13.7229,0
3912,15.3868,0
3913,25.8734,0
3914,12.8188,0
3915,15.5401,0
3916,13.2847,0
3917,14.5960,0
3918,10.7806,0
3919,11.1024,0
3920,12.9235,0
3921,15.8234,0
3922,16.8633,0
3923,18.7991,0
3924,22.0199,0
3925,15.0065,0
3926,19.4812,0
3927,17.5798,0
3928,19.1972,0
3929,15.4729,0
3930,18.4960,0
3931,13.6321,0
3932,15.7094,0
3933,13.5911,0
3934,17.7875,0
3935,19.4461,0
3936,12.9106,0
3937,14.0662,0
3938,11.8074,0
3939,16.8052,0
3940,17.2980,0
3941,10.8595,0
3942,10.6387,0
3943,9.8903,0
3944,17.1003,0
3945,13.3553,0
3946,11.4450,0
3947,16.4168,0
3948,8.1644,0
3949,10.0763,0
3950,23.2780,0
3951,14.2660,0
3952,19.2099,0
3953,13.8140,0
3954,11.8282,0
3955,28.4812,0
3956,14.7705,0
3957,13.5467,0
3958,13.9875,0
3959,10.6149,0
3960,18.2824,0
3961,20.9775,0
3962,17.7469,0
3963,10.1025,0
3964,13.4041,0
3965,12.2588,0
3966,11.5926,0
3967,10.0570,0
3968,12.1903,0
3969,11.4870,0
3970,16.0394,0
3971,12.2631,0
3972,12.1980,0
3973,8.2614,0
3974,13.4509,0
3975,10.7920,0
3976,14.7054,0
3977,19.5246,0
3978,18.8811,0
3979,18.8997,0
3980,15.8470,0
3981,13.6769,0
3982,22.1908,0
3983,20.2751,0
3984,15.6784,0
3985,12.5787,0
3986,14.8144,0
3987,14.2810,0
3988,15.8086,0
3989,14.5431,0
3990,13.9861,0
3991,16.5524,0
3992,13.6960,0
3993,12.2812,0
3994,14.7188,0
3995,12.1689,0
3996,12.8837,0
3997,13.1583,0
3998,14.9453,0
3999,14.9133,0
4000,20.3948,0
4001,10.0324,0
4002,12.6984,0
4003,12.7020,0
4004,13.4337,0
4005,28.1985,0
4006,12.5625,0
4007,13.7796,0
4008,14.7552,0
4009,28.4784,0
4010,19.1641,0
4011,23.0563,0
4012,10.3712,0
4013,15.9864,0
4014,13.7737,0
4015,16.9976,0
4016,12.1071,0
4017,12.2287,0
4018,18.9040,0
4019,10.6008,0
4020,13.6411,0
4021,14.3631,0
4022,13.8750,0
4023,10.9675,0
4024,15.0251,0
4025,14.5609,0
4026,12.7554,0
4027,17.1177,0
4028,14.1487,0
4029,15.8920,0
4030,13.6974,0
4031,22.9549,0
4032,27.7390,0
4033,11.0745,0
4034,24.2729,0
4035,11.5478,0
4036,11.3373,0
4037,13.5534,0
4038,18.9161,0
4039,20.9033,0
4040,22.6810,0
4041,18.1663,0
4042,16.1772,0
4043,12.3112,0
4044,12.0442,0
4045,14.9696,0
4046,15.0907,0
4047,14.4670,0
4048,12.6493,0
4049,14.2932,0
4050,11.9972,0
4051,14.0216,0
4052,19.2957,0
4053,13.3231,0
4054,12.4071,0
4055,15.7993,0
4056,15.4326,0
4057,23.6473,0
4058,20.2854,0
4059,17.5996,0
4060,16.4933,0
4061,15.4676,0
4062,19.1259,0
4063,19.2347,0
4064,10.9358,0
4065,16.2976,0
4066,19.4860,0
4067,18.2683,0
4068,18.9576,0
4069,10.6645,0
4070,13.4990,0
4071,19.1298,0
4072,14.0069,0
4073,13.4757,0
4074,16.3040,0
4075,14.0882,0
4076,13.5090,0
4077,12.6197,0
4078,17.3111,0
4079,12.7747,0
4080,14.9753,0
4081,19.3603,0
4082,21.9407,0
4083,14.2758,0
4084,18.3284,0
4085,28.8723,0
4086,9.8536,0
4087,14.8215,0
4088,22.3236,0
4089,21.1666,0
4090,13.8094,0
4091,15.4278,0
4092,27.3199,0
4093,20.6106,0
4094,16.5887,0
4095,13.7105,0
4096,15.6682,0
4097,13.0043,0
4098,12.2561,0
4099,15.1579,0
4100,13.9706,0
4101,12.4006,0
4102,14.0927,0
4103,13.8960,0
4104,15.0144,0
4105,13.5248,0
4106,14.2088,0
4107,16.7079,0
4108,14.1859,0
4109,16.3748,0
4110,30.5898,0
4111,12.6715,0
4112,16.5184,0
4113,12.3048,0
4114,12.3498,0
4115,13.8767,0
4116,10.2847,0
4117,9.9852,0
4118,14.9007,0
4119,14.2441,0
4120,30.6766,0
4121,14.1659,0
4122,18.1201,0
4123,17.7872,0
4124,14.6120,0
4125,13.7496,0
4126,11.9102,0
4127,12.6965,0
4128,13.2558,0
4129,14.9214,0
4130,19.0177,0
4131,24.4401,0
4132,18.0438,0
4133,17.7746,0
4134,12.8233,0
4135,12.8708,0
4136,12.4581,0
4137,30.0913,0
4138,18.6436,0
4139,14.9109,0
4140,11.2741,0
4141,17.2365,0
4142,11.4961,0
4143,15.1625,0
4144,14.0872,0
4145,15.7437,0
4146,16.4037,0
4147,14.5519,0
4148,12.6109,0
4149,18.8220,0
4150,13.9444,0
4151,15.1138,0
4152,11.5244,0
4153,11.3366,0
4154,14.8327,0
4155,11.3571,0
4156,14.5168,0
4157,18.4815,0
4158,19.0735,0
4159,10.5500,0
4160,13.5627,0
4161,13.7072,0
4162,28.8720,0
4163,15.3182,0
4164,15.7304,0
4165,17.2412,0
4166,12.9571,0
4167,10.9956,0
4168,13.3169,0
4169,15.1103,0
4170,17.9677,0
4171,12.2888,0
4172,12.5482,0
4173,12.4955,0
4174,21.4374,0
4175,18.6400,0
4176,13.8052,0
4177,19.9299,0
4178,11.6916,0
4179,14.0853,0
4180,15.1451,0
4181,19.3067,0
4182,9.4967,0
4183,13.8786,0
4184,15.7278,0
4185,13.0723,0
4186,13.9387,0
4187,14.9720,0
4188,14.1075,0
4189,25.6002,0
4190,20.0455,0
4191,14.6525,0
4192,15.7659,0
4193,19.2032,0
4194,16.7611,0
4195,15.0888,0
4196,16.6171,0
4197,16.1078,0
4198,12.3456,0
4199,15.3413,0
4200,13.7076,0
4201,18.3563,0
4202,14.9481,0
4203,15.4150,0
4204,15.4407,0
4205,13.4180,0
4206,16.1424,0
4207,15.9831,0
4208,15.0747,0
4209,14.2803,0
4210,13.6998,0
4211,13.7126,0
4212,12.5949,0
4213,18.6946,0
4214,15.5063,0
4215,15.3699,0
4216,19.7465,0
4217,13.6178,0
4218,23.4766,0
4219,17.1382,0
4220,12.5914,0
4221,16.6810,0
4222,19.6729,0
4223,14.4091,0
4224,14.5602,0
4225,18.3115,0
4226,17.1905,0
4227,16.1397,0
4228,13.1159,0
4229,17.9455,0
4230,14.2169,0
4231,24.3323,0
4232,17.0219,0
4233,13.7260,0
4234,12.2347,0
4235,13.8175,0
4236,11.0965,0
4237,11.7631,0
4238,12.4493,0
4239,13.5002,0
4240,13.4683,0
4241,14.2334,0
4242,14.4086,0
4243,19.3887,0
4244,17.0536,0
4245,18.3187,0
4246,13.3801,0
4247,20.9258,0
4248,13.8094,0
4249,11.9386,0
4250,17.1409,0
4251,11.2839,0
4252,17.7801,0
4253,15.2254,0
4254,13.1803,0
4255,14.5857,0
4256,13.1567,0
4257,17.0698,0
4258,13.7525,0
4259,18.2481,0
4260,17.2710,0
4261,13.0126,0
4262,13.2186,0
4263,13.2837,0
4264,12.7311,0
4265,16.8052,0
4266,12.6376,0
4267,12.3916,0
4268,14.1280,0
4269,26.8953,0
4270,15.1358,0
4271,17.0028,0
4272,19.8953,0
4273,14.2214,0
4274,11.2817,0
4275,22.6932,0
4276,14.7548,0
4277,13.3703,0
4278,15.6281,0
4279,12.2480,0
4280,15.7104,0
4281,17.5338,0
4282,13.4492,0
4283,11.4989,0
4284,27.2825,0
4285,11.5764,0
4286,20.5996,0
4287,20.7624,0
4288,21.2872,0
4289,18.0383,0
4290,12.4514,0
4291,9.8159,0
4292,15.5232,0
4293,13.5970,0
4294,19.8536,0
4295,17.8816,0
4296,30.9634,0
4297,15.4033,0
4298,14.1733,0
4299,11.8127,0
4300,11.1022,0
4301,12.8927,0
4302,16.9866,0
4303,10.6590,0
4304,16.5739,0
4305,14.3237,0
4306,12.8345,0
4307,9.4075,0
4308,9.5551,0
4309,9.6779,0
4310,13.7498,0
4311,14.8306,0
4312,14.5581,0
4313,22.5804,0
4314,19.4662,0
4315,13.8524,0
4316,18.8937,0
4317,12.4347,0
4318,16.3054,0
4319,18.5840,0
4320,16.0859,0
4321,12.1102,0
4322,10.7522,0
4323,15.0073,0
4324,25.6443,0
4325,13.3934,0
4326,13.8357,0
4327,16.5586,0
4328,13.9928,0
4329,13.5868,0
4330,12.8121,0
4331,19.3346,0
4332,20.9665,0
4333,9.0783,0
4334,9.6364,0
4335,21.3196,0
4336,11.6398,0
4337,11.2035,0
4338,17.1976,0
4339,24.2593,0
4340,13.0627,0
4341,11.4133,0
4342,14.7555,0
4343,12.6729,0
4344,13.9809,0
4345,13.9532,0
4346,14.2481,0
4347,13.1426,0
4348,13.0641,0
4349,12.0544,0
4350,12.6441,0
4351,29.0284,0
4352,16.1088,0
4353,12.3601,0
4354,13.3026,0
4355,20.3192,0
4356,13.1471,0
4357,15.0337,0
4358,15.6996,0
4359,13.9639,0
4360,14.8580,0
4361,13.6752,0
4362,19.7582,0
4363,17.2658,0
4364,14.2570,0
4365,19.0771,0
4366,24.7705,0
4367,14.1394,0
4368,14.1988,0
4369,13.1664,0
4370,12.9023,0
4371,13.0501,0
4372,13.5963,0
4373,11.5089,0
4374,17.6489,0
4375,16.0143,0
4376,15.7790,0
4377,16.4368,0
4378,11.7648,0
4379,25.4834,0
4380,12.1574,0
4381,16.6833,0
4382,13.4218,0
4383,16.5880,0
4384,11.1091,0
4385,9.9521,0
4386,18.3544,0
4387,23.3634,0
4388,17.9594,0
4389,15.5444,0
4390,11.6022,0
4391,24.8363,0
4392,17.1592,0
4393,16.3984,0
4394,19.9063,0
4395,15.4467,0
4396,17.7054,0
4397,19.5031,0
4398,18.0960,0
4399,11.2956,0
4400,15.1141,0
4401,12.9316,0
4402,10.9286,0
4403,14.3549,0
4404,13.5348,0
4405,26.1698,0
4406,16.4471,0
4407,14.7827,0
4408,19.8696,0
4409,14.9150,0
4410,21.0860,0
4411,18.2264,0
4412,10.8647,0
4413,17.2617,0
4414,11.8272,0
4415,13.2918,0
4416,14.0896,0
4417,14.0078,0
4418,18.5170,0
4419,21.1136,0
4420,17.5607,0
4421,15.8889,0
4422,17.1735,0
4423,16.4707,0
4424,15.1720,0
4425,13.1681,0
4426,18.7428,0
4427,13.7591,0
4428,14.7388,0
4429,13.2229,0
4430,11.5738,0
4431,13.1836,0
4432,13.2227,0
4433,13.4735,0
4434,24.7509,0
4435,17.1025,0
4436,20.3645,0
4437,12.8098,0
4438,16.8862,0
4439,14.7190,0
4440,11.2102,0
4441,21.9352,0
4442,13.9933,0
4443,12.1789,0
4444,12.8713,0
4445,12.5108,0
4446,17.3867,0
4447,14.4811,0
4448,15.8472,0
4449,18.3294,0
4450,13.1176,0
4451,11.4946,0
4452,23.2480,0
4453,18.5289,0
4454,19.4333,0
4455,9.8417,0
4456,15.1041,0
4457,29.4194,0
4458,16.3269,0
4459,24.7467,0
4460,20.5069,0
4461,9.1822,0
4462,13.2685,0
4463,11.8597,0
4464,18.1649,0
4465,13.1438,0
4466,13.6383,0
4467,12.6817,0
4468,12.3515,0
