relative_time,s1_cpu,s1_mem,s1_rx_bytes,s1_rx_pkts,s1_tx_bytes,s1_tx_pkts,gw_cpu,gw_mem,gw_rx_bytes,gw_rx_pkts,gw_tx_bytes,gw_tx_pkts,bk_cpu,bk_mem,bk_rx_bytes,bk_rx_pkts,bk_tx_bytes,bk_tx_pkts
2.53,0.15,0.13,4247,45,641,11,0.29,0.06,3731,39,126,3,0.42,2.50,4453,52,126,3
4.54,0.12,0.13,4247,45,641,11,0.38,0.06,3731,39,126,3,0.30,2.50,4453,52,126,3
6.56,97.41,1.22,4247,45,641,11,0.18,0.06,3731,39,126,3,0.72,2.50,4453,52,126,3
8.57,103.31,1.38,4317,46,641,11,0.14,0.06,3731,39,126,3,0.77,2.50,4453,52,126,3
10.59,85.18,1.38,4317,46,641,11,0.16,0.06,3731,39,126,3,0.96,2.50,4453,52,126,3
12.62,84.63,1.39,4317,46,641,11,0.17,0.06,3731,39,126,3,0.98,2.50,4453,52,126,3
14.63,75.16,1.39,4317,46,641,11,0.15,0.06,3731,39,126,3,1.04,2.50,4453,52,126,3
16.65,62.86,1.39,4317,46,641,11,6.77,0.08,3731,39,126,3,10.05,2.50,4453,52,126,3
18.67,64.40,1.39,4317,46,641,11,7.25,0.09,3731,39,126,3,6.61,2.50,4453,52,126,3
20.69,58.31,1.39,4317,46,641,11,6.48,0.10,3856,40,126,3,6.83,2.50,4578,53,126,3
22.71,59.06,1.39,4442,47,641,11,6.94,0.09,3856,40,126,3,6.14,2.50,4578,53,126,3
24.72,65.30,1.39,4442,47,641,11,7.10,0.10,3856,40,126,3,6.51,2.50,4578,53,126,3
26.73,64.97,1.39,4442,47,641,11,7.07,0.10,3926,41,126,3,6.52,2.50,4578,53,126,3
28.75,65.64,1.39,4442,47,641,11,6.48,0.10,3926,41,126,3,6.47,2.50,4578,53,126,3
30.76,65.50,1.39,4442,47,641,11,7.08,0.09,3926,41,126,3,6.26,2.50,4648,54,126,3
32.78,67.04,1.39,4442,47,641,11,7.10,0.10,3926,41,126,3,7.14,2.50,4648,54,126,3
34.8,63.70,1.39,4442,47,641,11,9.17,0.10,3926,41,126,3,6.30,2.50,4648,54,126,3
36.81,62.78,1.39,4442,47,641,11,6.54,0.10,3926,41,126,3,5.96,2.50,4648,54,126,3
38.82,67.89,1.39,4442,47,641,11,7.21,0.10,3926,41,126,3,6.94,2.50,4648,54,126,3
40.84,64.95,1.39,4442,47,641,11,7.26,0.10,3926,41,126,3,6.47,2.50,4648,54,126,3
42.84,62.29,1.39,4442,47,641,11,7.44,0.10,3926,41,126,3,5.91,2.50,4648,54,126,3
44.86,67.50,1.39,4442,47,641,11,7.28,0.10,3926,41,126,3,6.86,2.50,4648,54,126,3
46.87,67.48,1.39,4442,47,641,11,7.70,0.10,3926,41,126,3,6.91,2.50,4648,54,126,3
48.89,64.70,1.39,4442,47,641,11,6.71,0.10,3926,41,126,3,6.41,2.50,4648,54,126,3
50.92,65.25,1.39,4442,47,641,11,7.19,0.10,3926,41,126,3,6.54,2.50,4648,54,126,3
52.93,62.27,1.39,4442,47,641,11,6.66,0.10,3926,41,126,3,6.42,2.50,4648,54,126,3
54.94,65.54,1.39,4442,47,641,11,7.35,0.10,3926,41,126,3,6.79,2.50,4648,54,126,3
56.95,68.33,1.39,4442,47,641,11,7.37,0.10,3926,41,126,3,6.85,2.50,4648,54,126,3
58.97,68.19,1.39,4442,47,641,11,7.57,0.10,3926,41,126,3,6.99,2.50,4648,54,126,3
60.99,65.21,1.39,4442,47,641,11,7.34,0.10,3926,41,126,3,6.49,2.50,4648,54,126,3
63.01,61.64,1.39,4442,47,641,11,6.61,0.10,3926,41,126,3,6.52,2.50,4648,54,126,3
65.02,65.26,1.39,4442,47,641,11,7.18,0.10,3926,41,126,3,6.64,2.50,4648,54,126,3
67.04,69.00,1.39,4442,47,641,11,7.38,0.10,3926,41,126,3,6.80,2.50,4648,54,126,3
69.05,64.94,1.39,4442,47,641,11,7.11,0.10,3926,41,126,3,6.23,2.50,4648,54,126,3
71.07,65.75,1.39,4442,47,641,11,6.78,0.10,3926,41,126,3,6.76,2.50,4648,54,126,3
73.08,64.55,1.39,4442,47,641,11,7.29,0.10,3926,41,126,3,6.90,2.50,4648,54,126,3
75.1,67.58,1.39,4442,47,641,11,6.76,0.10,3926,41,126,3,6.59,2.50,4648,54,126,3
77.11,63.47,1.39,4442,47,641,11,6.90,0.10,3926,41,126,3,8.79,2.50,4648,54,126,3
79.12,63.40,1.39,4442,47,641,11,10.25,0.10,3926,41,126,3,8.14,2.50,4648,54,126,3
81.14,62.92,1.39,4442,47,641,11,7.90,0.10,3926,41,126,3,9.09,2.50,4648,54,126,3
83.15,59.67,1.39,4442,47,641,11,7.24,0.10,3926,41,126,3,9.97,2.50,4648,54,126,3
85.16,67.10,1.39,4442,47,641,11,7.98,0.10,3926,41,126,3,7.16,2.50,4648,54,126,3
87.17,66.28,1.39,4442,47,641,11,7.70,0.10,3926,41,126,3,6.72,2.50,4648,54,126,3
89.18,66.34,1.39,4442,47,641,11,7.92,0.09,3926,41,126,3,6.58,2.50,4648,54,126,3
91.2,67.39,1.39,4442,47,641,11,7.71,0.10,3926,41,126,3,6.79,2.50,4648,54,126,3
93.21,60.59,1.39,4442,47,641,11,7.03,0.10,3926,41,126,3,6.02,2.50,4648,54,126,3
95.23,65.15,1.39,4442,47,641,11,11.91,0.10,3926,41,126,3,7.85,2.50,4648,54,126,3
97.25,63.32,1.39,4442,47,641,11,7.55,0.10,3926,41,126,3,6.70,2.50,4648,54,126,3
99.26,63.93,1.39,4442,47,641,11,7.82,0.10,3926,41,126,3,6.08,2.50,4648,54,126,3
101.27,63.69,1.39,4442,47,641,11,7.53,0.09,3926,41,126,3,6.62,2.50,4648,54,126,3
103.28,66.30,1.39,4442,47,641,11,7.81,0.10,3926,41,126,3,6.55,2.50,4648,54,126,3
105.29,66.64,1.39,4442,47,641,11,7.70,0.10,3926,41,126,3,6.71,2.50,4648,54,126,3
107.31,62.53,1.39,4442,47,641,11,7.10,0.10,3926,41,126,3,6.68,2.50,4648,54,126,3
109.33,63.85,1.39,4442,47,641,11,7.10,0.10,3926,41,126,3,6.33,2.50,4648,54,126,3
111.35,65.13,1.39,4442,47,641,11,7.28,0.10,3926,41,126,3,6.76,2.50,4648,54,126,3
113.36,0.11,1.39,4442,47,641,11,0.34,0.10,3926,41,126,3,0.49,2.50,4648,54,126,3
115.4,0.15,1.39,4512,48,641,11,0.30,0.10,3926,41,126,3,0.35,2.50,4648,54,126,3
