id,t_pub_ms
1,14.9791
2,64.8568
3,206.7344
4,237.0536
5,263.0720
6,283.7856
7,326.4771
8,351.5468
9,390.6057
10,411.4263
11,447.9468
12,486.8188
13,529.2687
14,606.9767
15,812.7582
16,813.2539
17,813.7720
18,813.0448
19,813.8454
20,814.1713
21,817.3962
22,816.1936
23,818.2321
24,815.9101
25,816.4413
26,817.1449
27,896.2767
28,896.3943
29,897.1426
30,906.5068
31,946.5270
32,968.4093
33,1003.6418
34,1004.7596
35,1025.4068
36,1062.9802
37,1063.2882
38,1063.5800
39,1064.2703
40,1063.9729
41,1064.5308
42,1065.0299
43,1065.7115
44,1065.3327
45,1065.0671
46,1065.2428
47,1065.8205
48,1067.5063
49,1072.3505
50,1143.3938
51,1144.0852
52,1143.6894
53,1145.4208
54,1145.2141
55,1145.8821
56,1146.3494
57,1147.0432
58,1148.0591
59,1147.9816
60,1148.0024
61,1152.2088
62,1192.4434
63,1196.1260
64,1223.5508
65,1223.7442
66,1225.3485
67,1244.2620
68,1275.1279
69,1279.0575
70,1281.6737
71,1328.3443
72,1345.0124
73,1344.5532
74,1344.1854
75,1343.7843
76,1344.8081
77,1418.9377
78,1431.6273
79,1431.2356
80,1430.0539
81,1429.0581
82,1428.6511
83,1428.4165
84,1426.6431
85,1426.5280
86,1426.2447
87,1426.3730
88,1426.4874
89,1428.4167
90,1467.2253
91,1596.2148
92,1597.7128
93,1597.9097
94,1748.6718
95,1907.1250
96,1907.7466
97,1907.5403
98,1907.2218
99,1907.0177
100,1906.9562
101,1906.5185
102,1905.9467
103,1905.7426
104,1905.1759
105,1904.7878
106,1904.3374
107,1904.0468
108,1903.8706
109,1903.6231
110,1903.6117
111,1903.4746
112,1903.6610
113,1903.4529
114,1903.4591
115,1903.4030
116,1904.3028
117,1903.8892
118,1903.6624
119,1905.5092
120,1968.2591
121,2015.6548
122,2026.0649
123,2026.5987
124,2026.1827
125,2025.6560
126,2024.9970
127,2024.8082
128,2024.3855
129,2023.9038
130,2024.5693
131,2023.9422
132,2023.4587
133,2023.5939
134,2023.0405
135,2023.8380
136,2024.5061
137,2024.3211
138,2024.1935
139,2025.3038
140,2025.1250
141,2024.9681
142,2025.5601
143,2025.7049
144,2026.7317
145,2036.0520
146,2034.0488
147,2033.0870
148,2032.1116
149,2099.1132
150,2101.3446
151,2102.3102
152,2102.7887
153,2103.2386
154,2104.0072
155,2104.8222
156,2106.5505
157,2106.4346
158,2106.8914
159,2107.7890
160,2107.8742
161,2181.2634
162,2180.7058
163,2180.0940
164,2179.1797
165,2179.0590
166,2178.6613
167,2177.7248
168,2179.6839
169,2178.8301
170,2178.8368
171,2179.1036
172,2178.3996
173,2180.8336
174,2179.8458
175,2181.0076
176,2306.9477
177,2307.8744
178,2334.4085
179,2334.9390
180,2335.7217
181,2336.4894
182,2336.0877
183,2336.6714
184,2337.2724
185,2337.3156
186,2339.2909
187,2350.1081
188,2407.4352
189,2388.6824
190,3880.7282
191,3883.8236
192,3918.2436
193,3927.6950
194,3928.3328
195,3927.7985
196,3928.4871
197,3927.4857
198,5136.7831
199,5156.5206
200,5880.1439
201,5878.3965
202,5878.0589
203,5876.8470
204,5874.2528
205,5872.5584
206,5871.3152
207,5870.3623
208,5869.8041
209,5869.5087
210,5869.0734
211,5868.5040
212,5867.9414
213,5867.6229
214,5866.7495
215,5865.9241
216,5805.2197
217,5804.3373
218,5804.7638
219,5806.1805
220,5790.4737
221,5792.5773
222,5792.1607
223,5791.6460
224,5792.3863
225,5791.8165
226,5790.9753
227,5790.0097
228,5790.0116
229,5794.3799
230,5794.7943
231,5794.9932
232,5796.0448
233,5795.7957
234,5795.3422
235,5794.8487
236,5794.3668
237,5793.6482
238,5867.2521
239,5859.0209
240,5845.8726
241,5604.2156
242,5513.9978
243,5291.8527
244,5294.9262
245,5268.2760
246,5263.7193
247,5249.5060
248,5437.0558
249,5436.7576
250,5436.4607
251,5436.2016
252,5435.7333
253,5435.6518
254,5435.4148
255,5435.2260
256,5434.9868
257,5434.8803
258,5434.7119
259,5434.3941
260,5434.0091
261,5433.8832
262,5433.5713
263,5433.2604
264,5433.4650
265,5433.0153
266,5432.7855
267,5433.2094
268,5433.6944
269,5433.1083
270,5432.6687
271,5432.5008
272,5432.2350
273,5432.9751
274,5432.7312
275,5432.5373
276,5432.3556
277,5428.7505
278,6092.5832
279,6092.4482
280,6092.5608
281,6092.0365
282,6091.1565
283,6090.4830
284,6089.8981
285,6090.0366
286,6089.5526
287,6088.7210
288,6088.1248
289,6087.7011
290,6087.4329
291,6087.0831
292,6086.7927
293,6086.6363
294,6086.1611
295,6087.7194
296,6086.6845
297,6085.8138
298,6087.1861
299,6086.0217
300,6084.9438
301,6083.8223
302,6082.7436
303,6081.7935
304,6082.8149
305,6081.9228
306,6080.9529
307,6079.8516
308,6078.8922
309,5844.6019
310,5810.4639
311,5809.2625
312,5808.4707
313,6158.0684
314,6142.2956
315,6113.1139
316,6066.7100
317,6050.3442
318,6030.8435
319,6010.2572
320,5993.2647
321,5993.1448
322,5993.1371
323,5992.7924
324,6696.9433
325,6696.4233
326,6695.9047
327,6695.6284
328,6695.4830
329,6694.9291
330,6694.3393
331,6693.5513
332,6693.4216
333,6693.0630
334,6692.7483
335,6692.3664
336,6692.0314
337,6691.5312
338,6690.8286
339,6690.4092
340,6690.0244
341,6689.5745
342,6689.4753
343,6788.2864
344,6787.7324
345,6787.1215
346,6786.5083
347,6785.8229
348,6785.2695
349,6784.5125
350,6784.1392
351,6783.3369
352,6782.7337
353,6782.2371
354,6781.5320
355,6781.1463
356,6780.5631
357,6780.0996
358,6779.5365
359,6779.0194
360,6778.7857
361,6778.1093
362,6777.3528
363,6776.7382
364,6776.0506
365,6775.6274
366,6774.9257
367,6774.3099
368,6773.7348
369,6772.9526
370,6772.4640
371,6771.8782
372,6771.3187
373,6770.9491
374,6770.5925
375,6769.8116
376,6851.6703
377,6841.6739
378,6822.0584
379,6803.9925
380,6785.9342
381,6766.9816
382,6741.9848
383,6732.4905
384,6731.8194
385,6594.6629
386,6572.8042
387,6557.9612
388,6522.3808
389,6494.0462
390,6480.0272
391,6455.2064
392,6436.6794
393,6680.8941
394,6680.7110
395,6680.6352
396,6680.4297
397,6681.4644
398,6681.3335
399,6681.0577
400,6680.9688
401,6680.7091
402,6680.6335
403,6680.7001
404,6680.5384
405,6680.3105
406,6680.1195
407,6680.0516
408,6680.2337
409,6680.0048
410,6680.1505
411,6680.0280
412,6680.2967
413,6679.7774
414,6680.1507
415,6679.9297
416,6679.6842
417,6679.3211
418,6679.0721
419,6678.8313
420,6678.7179
421,6676.9969
422,6662.5969
423,6657.4099
424,6657.0861
425,6656.8234
426,6656.5781
427,6656.2576
428,6656.0822
429,6655.9682
430,6655.2145
431,6654.6874
432,6654.4647
433,6654.2962
434,6653.9340
435,6653.7218
436,6653.4040
437,6653.2912
438,6653.1501
439,6652.9152
440,6652.2899
441,6651.7959
442,6651.6852
443,6651.4277
444,6651.4921
445,6651.1660
446,6651.3441
447,6651.8090
448,6651.5565
449,6650.7294
450,6650.6500
451,6650.7697
452,6650.4924
453,6650.4633
454,6642.9193
455,6645.1631
456,6651.2299
457,6655.3299
458,6661.8111
459,7074.2381
460,7074.9681
461,7074.9817
462,7075.9537
463,7076.0105
464,7075.9377
465,7075.8617
466,7076.2150
467,7076.1065
468,7076.1065
469,7076.0727
470,7075.9418
471,7076.6149
472,7076.0767
473,7075.7225
474,7075.2337
475,7074.7395
476,7074.1556
477,7073.7166
478,7073.7786
479,7073.4689
480,7073.0081
481,7072.5098
482,7072.0999
483,7071.7211
484,7071.6279
485,7071.1648
486,7070.6372
487,7070.0598
488,7069.4263
489,7068.6228
490,7068.0234
491,7067.5051
492,7066.9873
493,7066.4763
494,7065.9099
495,7065.3200
496,7064.7204
497,7064.2200
498,7063.6673
499,7062.8974
500,7062.3989
501,7061.8999
502,7061.4107
503,7060.7927
504,7060.2129
505,7059.6290
506,7059.0618
507,7058.8522
508,7058.1861
509,7057.6046
510,7057.0242
511,7056.8614
512,7052.3381
513,7052.5796
514,7053.2293
515,7052.9201
516,7052.9091
517,7052.5975
518,7052.4406
519,7012.3262
520,7011.8954
521,7011.6045
522,7011.4529
523,7011.4546
524,7011.4675
525,7011.2770
526,7010.6323
527,7009.9747
528,7009.3236
529,7008.3392
530,7007.6046
531,7006.8376
532,7006.0406
533,7005.4097
534,7004.8308
535,7004.1313
536,7003.3331
537,7002.7909
538,7002.2142
539,7001.6639
540,7000.8900
541,7000.3769
542,6999.3415
543,6998.8008
544,6998.7941
545,6998.5251
546,6998.2421
547,6997.4992
548,6997.2999
549,6997.1590
550,6997.0131
551,18.9633
552,29.2153
553,24.3044
554,27.3204
555,35.2499
556,41.4307
557,33.0634
558,27.9543
559,39.3138
560,43.2978
561,39.7544
562,32.6233
563,36.0916
564,42.8817
565,37.2019
566,42.4025
567,29.1972
568,35.8913
569,32.4318
570,47.6270
571,32.9478
572,46.4745
573,29.5422
574,32.0885
575,34.5664
576,34.0865
577,36.1257
578,36.6786
579,29.6321
580,34.2262
581,50.3075
582,61.7630
583,40.5836
584,41.2645
585,42.9912
586,35.4533
587,32.1450
588,44.2379
589,44.3439
590,61.7516
591,53.0999
592,52.2978
593,49.4843
594,52.8603
595,46.2713
596,25.7154
597,34.4138
598,33.4086
599,24.3640
600,27.7803
601,31.0559
602,33.8609
603,31.6753
604,29.9518
605,26.9473
606,32.1729
607,34.2414
608,32.0566
609,34.9236
610,34.7052
611,34.2693
612,30.1120
613,31.2262
614,33.3710
615,31.2812
616,32.6984
617,35.5024
618,37.9992
619,33.6742
620,30.8983
621,40.0789
622,32.9177
623,38.9848
624,40.5393
625,38.8575
626,32.5472
627,33.0842
628,36.0427
629,37.0431
630,33.9763
631,36.9451
632,38.5766
633,34.2379
634,31.6806
635,29.8514
636,41.7430
637,36.4494
638,35.0974
639,37.7698
640,46.0629
641,45.9206
642,46.1669
643,37.9815
644,44.8294
645,47.0126
646,32.2719
647,33.0772
648,37.7898
649,44.2927
650,35.3978
651,36.3762
652,38.1927
653,32.1813
654,35.1019
655,34.6620
656,28.9569
657,29.8622
658,39.0911
659,42.2711
660,42.2821
661,48.9955
662,40.6930
663,36.2325
664,37.9150
665,35.2924
666,38.9829
667,35.1088
668,30.4854
669,30.3788
670,33.5767
671,38.9557
672,36.4938
673,36.0239
674,36.7777
675,32.2859
676,38.2154
677,29.9788
678,34.0941
679,40.2439
680,38.9292
681,36.3827
682,55.4376
683,44.1325
684,41.7893
685,37.8788
686,32.7647
687,35.0134
688,33.8390
689,35.0099
690,21.2538
691,35.6205
692,30.3009
693,37.7233
694,38.9285
695,38.3277
696,38.1825
697,42.9187
698,46.2241
699,37.2939
700,31.8451
701,34.0877
702,32.1758
703,38.5251
704,45.3017
705,44.1432
706,39.9809
707,39.1240
708,44.1926
709,29.6035
710,40.9431
711,46.8988
712,38.9466
713,41.6248
714,36.2682
715,42.1391
716,42.9015
717,45.1677
718,33.3176
719,29.4752
720,38.0421
721,40.3171
722,46.5662
723,32.9983
724,36.2985
725,37.0984
726,60.7803
727,45.2578
728,48.1853
729,48.2743
730,45.1276
731,30.5347
732,31.0364
733,34.9672
734,37.4317
735,35.4652
736,43.3321
737,40.7717
738,45.3503
739,49.9961
740,39.4745
741,48.4107
742,44.1372
743,37.1649
744,28.5506
745,29.6652
746,36.2737
747,40.8738
748,38.9299
749,34.0960
750,34.8780
751,34.1349
752,32.1288
753,28.7447
754,26.5639
755,33.7284
756,30.6327
757,26.9928
758,24.9174
759,20.6177
760,28.5101
761,36.4513
762,33.6204
763,33.8304
764,38.1837
765,30.5097
766,23.4103
767,25.3921
768,26.0441
769,34.9383
770,42.9358
771,35.1107
772,36.0043
773,32.0508
774,28.1119
775,39.2675
776,32.5849
777,33.3099
778,35.4300
779,32.9394
780,28.7790
781,31.7485
782,33.0174
783,28.8877
784,34.1020
785,33.4489
786,27.2000
787,26.5088
788,33.6857
789,28.8961
790,36.0715
791,42.5487
792,37.5462
793,41.4939
794,47.0369
795,31.2197
796,36.3863
797,36.5257
798,41.0480
799,38.2307
800,32.6569
801,38.4090
802,38.0321
803,42.5568
804,31.8053
805,26.9570
806,24.4510
807,33.8607
808,36.1314
809,29.8195
810,29.8007
811,37.7288
812,33.8600
813,24.4672
814,25.5170
815,24.0583
816,21.9300
817,26.6459
818,23.7129
819,22.3284
820,19.4910
821,20.6983
822,18.4166
823,19.0816
824,21.0445
825,21.4055
826,31.3644
827,34.6942
828,34.4343
829,34.8542
830,38.2915
831,36.2561
832,34.4839
833,36.1185
834,39.0329
835,43.2339
836,40.0023
837,45.0430
838,27.8645
839,30.4565
840,39.2170
841,33.5565
842,32.7003
843,34.4071
844,36.9961
845,34.3428
846,34.9276
847,39.7420
848,36.5844
849,27.9188
850,34.0347
851,35.1982
852,29.2654
853,41.4414
854,35.9888
855,31.0371
856,34.8082
857,30.1690
858,37.9505
859,25.5277
860,30.5483
861,30.1204
862,29.8316
863,43.6082
864,32.6850
865,36.6225
866,23.8981
867,37.0173
868,40.6907
869,30.6776
870,40.3256
871,45.4359
872,37.2400
873,37.9727
874,29.0499
875,24.3535
876,34.6651
877,39.1901
878,35.0487
879,36.7906
880,35.0006
881,35.8241
882,33.5422
883,34.8186
884,40.5104
885,36.4127
886,22.7849
887,33.7026
888,29.7854
889,28.2176
890,23.6475
891,36.4676
892,39.5122
893,30.4856
894,37.7672
895,38.4419
896,25.2042
897,24.1241
898,24.5500
899,20.7913
900,20.1964
901,27.3719
902,32.2731
903,37.5385
904,36.3889
905,39.1214
906,33.0691
907,33.0417
908,38.6727
909,41.0542
910,43.0026
911,41.3358
912,44.6160
913,41.2273
914,35.3501
915,27.9644
916,35.6948
917,34.2553
918,27.4487
919,30.2267
920,36.7270
921,30.0612
922,25.7111
923,32.8708
924,35.2244
925,24.3173
926,27.6446
927,31.0123
928,36.1586
929,42.2800
930,28.8591
931,36.6962
932,22.0101
933,29.5331
934,36.5584
935,24.4288
936,32.0356
937,28.8482
938,25.9309
939,34.2143
940,30.5212
941,37.3163
942,35.5685
943,37.3192
944,33.9272
945,48.5117
946,53.0062
947,29.1326
948,54.3921
949,39.7379
950,33.5104
951,37.3271
952,43.6125
953,42.6006
954,35.8522
955,50.0240
956,37.2400
957,27.2875
958,27.3755
959,26.2334
960,29.0892
961,21.9131
962,27.7832
963,26.8795
964,24.4944
965,31.9991
966,26.5584
967,33.9274
968,38.1777
969,30.6506
970,31.6381
971,32.4848
972,33.4723
973,26.4983
974,36.6192
975,47.6522
976,43.0284
977,49.4149
978,26.7913
979,30.7577
980,35.6948
981,29.7649
982,28.7533
983,17.0841
984,23.2530
985,37.8408
986,33.2210
987,23.2224
988,26.0620
989,28.9195
990,33.2165
991,29.8405
992,29.9506
993,35.0096
994,27.3368
995,23.3135
996,21.0063
997,24.1754
998,25.9564
999,21.7671
1000,31.9247
1001,30.1034
1002,26.4368
1003,30.4997
1004,29.9356
1005,27.2501
1006,26.5772
1007,31.5540
1008,36.6857
1009,27.7610
1010,26.2768
1011,33.7794
1012,28.7592
1013,21.6253
1014,21.8420
1015,28.0983
1016,22.0053
1017,25.5489
1018,30.4148
1019,36.3469
1020,30.3402
1021,37.8711
1022,37.5032
1023,30.8218
1024,34.1015
1025,57.1280
1026,36.6533
1027,33.8759
1028,42.7012
1029,28.0545
1030,29.0861
1031,29.9942
1032,31.5831
1033,32.9437
1034,31.1239
1035,28.6994
1036,33.4728
1037,37.6613
1038,27.2064
1039,33.9086
1040,25.1205
1041,24.3008
1042,34.4889
1043,24.4579
1044,35.6936
1045,33.1318
1046,34.0874
1047,25.9223
1048,30.9956
1049,24.6675
1050,26.8373
1051,38.5056
1052,28.2502
1053,33.5765
1054,23.4332
1055,35.5461
1056,24.5924
1057,29.9799
1058,27.7050
1059,29.2580
1060,28.8491
1061,35.1253
1062,45.5842
1063,39.0429
1064,30.8938
1065,29.7954
1066,32.3339
1067,31.1220
1068,35.5263
1069,28.8188
1070,29.3250
1071,36.1509
1072,35.6727
1073,33.4444
1074,31.6036
1075,49.1436
1076,48.3155
1077,40.0636
1078,33.7567
1079,34.9498
1080,38.0154
1081,28.8970
1082,27.7917
1083,27.7753
1084,24.4901
1085,28.5280
1086,30.0231
1087,27.0360
1088,28.4441
1089,26.8931
1090,42.0647
1091,41.0268
1092,30.5548
1093,32.0208
1094,24.1022
1095,18.5182
1096,22.7783
1097,22.4156
1098,42.8784
1099,54.9107
1100,45.3494
1101,33.6668
1102,32.6989
1103,47.8249
1104,40.8738
1105,50.3671
1106,29.2318
1107,35.4240
1108,29.4318
1109,38.2690
1110,35.2056
1111,27.5378
1112,32.6755
1113,34.1442
1114,43.8135
1115,80.5783
1116,147.7685
1117,43.8509
1118,34.9216
1119,33.0639
1120,27.9007
1121,21.6415
1122,34.5984
1123,35.7971
1124,30.9401
1125,39.5751
1126,35.3427
1127,21.3895
1128,23.5631
1129,31.3087
1130,40.9527
1131,35.4211
1132,32.3207
1133,34.6341
1134,44.7292
1135,32.8331
1136,26.0973
1137,32.6126
1138,30.6656
1139,34.4093
1140,36.6542
1141,28.1076
1142,28.7709
1143,25.4121
1144,21.3399
1145,34.4648
1146,37.0779
1147,35.9697
1148,39.5734
1149,36.1156
1150,39.7832
1151,31.0285
1152,31.6000
1153,34.0159
1154,139.0424
1155,35.6119
1156,33.4356
1157,29.8636
1158,27.2074
1159,31.5795
1160,33.6473
1161,34.8806
1162,50.8120
1163,46.3033
1164,44.1010
1165,38.1119
1166,49.9561
1167,39.8650
1168,27.6155
1169,28.6407
1170,32.6083
1171,33.4132
1172,27.0681
1173,29.4921
1174,34.2512
1175,35.0933
1176,33.2034
1177,31.2371
1178,29.7849
1179,32.6102
1180,33.0443
1181,40.2360
1182,34.9281
1183,31.3892
1184,31.3642
1185,26.8526
1186,32.0597
1187,25.7978
1188,39.6016
1189,42.8140
1190,37.5438
1191,41.4944
1192,25.1179
1193,29.8774
1194,28.3232
1195,31.8089
1196,27.4003
1197,36.2000
1198,28.4748
1199,35.3065
1200,32.0926
1201,26.5989
1202,31.2405
1203,36.8688
1204,31.2755
1205,34.9543
1206,25.4230
1207,33.7641
1208,34.9619
1209,42.0287
1210,40.2646
1211,26.8259
1212,35.3222
1213,32.3644
1214,35.8562
1215,33.9630
1216,34.1098
1217,39.3329
1218,32.8064
1219,35.2433
1220,37.4024
1221,37.5094
1222,37.5123
1223,37.3235
1224,33.0551
1225,36.6044
1226,27.8997
1227,34.5075
1228,39.0704
1229,34.7273
1230,26.7601
1231,35.5668
1232,48.1393
1233,66.8776
1234,59.1834
1235,41.3435
1236,36.7818
1237,33.7551
1238,39.3157
1239,39.7136
1240,41.3888
1241,30.0825
1242,31.0283
1243,33.9162
1244,30.1797
1245,31.5180
1246,31.0767
1247,37.9884
1248,31.9977
1249,24.0078
1250,37.1280
1251,35.0258
1252,36.7949
1253,32.0191
1254,32.0630
1255,30.8719
1256,32.3915
1257,35.6581
1258,38.7740
1259,30.7167
1260,31.7075
1261,35.9402
1262,34.0550
1263,30.7696
1264,33.7355
1265,36.0496
1266,34.7209
1267,29.1653
1268,25.3170
1269,38.4862
1270,35.2900
1271,31.5268
1272,24.1032
1273,29.8257
1274,45.3663
1275,40.7634
1276,32.8345
1277,35.1133
1278,42.0916
1279,36.2120
1280,35.4295
1281,26.1061
1282,36.8090
1283,37.1623
1284,25.2829
1285,31.9686
1286,35.0235
1287,30.3078
1288,27.6248
1289,24.1792
1290,38.1856
1291,34.9529
1292,31.3511
1293,25.9507
1294,29.9909
1295,37.3921
1296,45.9759
1297,35.1365
1298,23.0479
1299,25.5954
1300,44.5311
1301,42.8092
1302,33.9925
1303,31.2572
1304,33.4890
1305,35.9693
1306,32.5460
1307,45.9919
1308,44.5268
1309,52.3908
1310,30.2336
1311,27.8444
1312,29.0856
1313,27.4241
1314,26.2792
1315,31.9104
1316,33.4241
1317,31.6041
1318,24.3020
1319,22.3973
1320,27.6523
1321,35.9826
1322,41.0414
1323,36.7324
1324,36.9964
1325,30.3924
1326,33.3669
1327,38.3580
1328,26.3338
1329,29.0971
1330,35.1925
1331,33.2820
1332,30.8411
1333,29.6009
1334,22.2645
1335,29.3179
1336,39.7661
1337,37.1344
1338,32.6927
1339,29.3682
1340,24.0870
1341,34.4195
1342,37.3194
1343,37.3080
1344,51.3165
1345,36.8161
1346,27.9005
1347,32.7983
1348,40.6213
1349,29.1007
1350,19.9447
1351,19.1846
1352,18.0483
1353,34.3561
1354,36.2890
1355,31.4615
1356,32.0313
1357,37.1249
1358,38.4340
1359,35.1341
1360,38.1699
1361,39.7286
1362,37.0440
1363,30.3624
1364,37.2396
1365,32.2742
1366,32.2726
1367,23.8373
1368,21.2157
1369,24.6205
1370,20.9663
1371,34.0073
1372,43.3488
1373,38.4214
1374,44.3065
1375,39.1374
1376,47.2775
1377,40.0496
1378,53.5905
1379,46.8771
1380,47.0393
1381,49.3712
1382,46.7832
1383,33.6041
1384,42.6879
1385,36.8915
1386,35.5909
1387,31.6148
1388,32.3448
1389,27.9799
1390,31.2750
1391,30.0758
1392,31.2195
1393,35.7354
1394,35.8517
1395,32.0716
1396,37.3323
1397,29.5248
1398,29.2683
1399,37.7522
1400,27.5064
1401,25.1818
1402,28.1823
1403,32.9294
1404,25.7642
1405,33.2966
1406,27.3986
1407,26.7742
1408,32.4006
1409,38.0807
1410,40.1690
1411,36.9916
1412,33.3276
1413,42.7332
1414,47.8935
1415,31.4782
1416,26.6101
1417,23.3207
1418,26.9535
1419,24.6308
1420,21.5807
1421,25.8777
1422,41.1112
1423,39.3865
1424,44.1315
1425,36.2196
1426,34.0652
1427,36.4912
1428,35.0494
1429,26.6869
1430,26.9489
1431,25.7161
1432,29.9678
1433,35.7840
1434,26.3519
1435,24.9226
1436,25.0597
1437,33.1275
1438,39.9914
1439,31.8854
1440,29.6743
1441,31.2803
1442,24.5798
1443,33.1988
1444,32.8505
1445,35.6474
1446,38.4831
1447,28.0819
1448,46.4778
1449,43.5550
1450,46.4563
1451,30.8454
1452,34.5819
1453,47.7858
1454,38.0137
1455,37.6279
1456,32.2907
1457,36.7496
1458,28.4791
1459,24.8964
1460,32.6295
1461,28.8262
1462,32.1980
1463,38.4865
1464,32.6154
1465,24.2352
1466,28.1785
1467,23.5693
1468,32.5263
1469,30.5424
1470,28.0247
1471,31.1761
1472,34.6971
1473,33.1664
1474,30.1726
1475,26.9530
1476,29.7616
1477,33.4191
1478,25.3558
1479,28.1215
1480,25.4552
1481,30.0388
1482,34.7090
1483,27.9052
1484,32.2087
1485,28.6458
1486,36.2554
1487,40.5016
1488,37.5822
1489,34.6599
1490,39.7930
1491,32.6338
1492,29.6726
1493,32.5036
1494,29.8574
1495,28.3327
1496,32.7811
1497,23.6273
1498,21.6157
1499,25.3637
1500,22.3274
1501,27.8151
1502,33.0904
1503,31.4503
1504,26.7413
1505,24.0910
1506,23.9861
1507,23.6897
1508,26.5191
1509,22.1493
1510,23.8349
1511,23.7901
1512,25.0375
1513,30.7250
1514,32.0411
1515,29.2220
1516,28.4281
1517,24.6952
1518,41.3399
1519,41.9712
1520,28.5776
1521,31.7492
1522,35.6593
1523,30.5786
1524,34.9338
1525,27.0326
1526,40.6094
1527,43.4055
1528,46.2480
1529,35.2275
1530,39.3498
1531,43.2606
1532,44.4257
1533,43.2487
1534,43.6306
1535,39.2210
1536,36.8404
1537,36.5360
1538,38.9175
1539,48.2233
1540,42.3219
1541,29.7115
1542,32.8562
1543,32.3222
1544,32.7377
1545,36.0386
1546,32.6784
1547,27.3685
1548,28.2402
1549,27.0982
1550,30.1280
1551,34.5314
1552,30.6153
1553,27.4513
1554,29.2263
1555,40.7071
1556,41.6493
1557,46.0672
1558,32.1944
1559,34.4512
1560,35.9697
1561,35.5778
1562,32.7632
1563,39.4490
1564,42.0160
1565,29.7551
1566,41.2781
1567,41.9645
1568,42.3760
1569,44.0176
1570,28.4986
1571,31.9743
1572,31.8291
1573,30.7536
1574,35.7435
1575,37.2965
1576,32.6219
1577,25.2326
1578,34.7037
1579,28.9996
1580,22.6386
1581,34.2557
1582,30.7996
1583,35.7051
1584,38.4035
1585,39.5944
1586,23.4196
1587,34.0586
1588,30.9389
1589,30.5772
1590,35.2015
1591,38.1279
1592,39.4211
1593,30.1545
1594,25.7564
1595,39.7215
1596,34.3001
1597,37.0033
1598,51.0559
1599,48.3234
1600,55.7370
1601,55.6531
1602,45.5332
1603,42.4373
1604,21.4736
1605,24.1768
1606,24.0781
1607,25.2302
1608,22.5596
1609,33.4313
1610,32.5348
1611,37.9608
1612,40.6978
1613,33.5672
1614,32.4628
1615,30.2165
1616,28.2331
1617,34.4772
1618,27.6546
1619,24.4451
1620,25.5196
1621,27.5435
1622,32.1667
1623,31.9595
1624,26.3186
1625,29.6028
1626,24.2743
1627,26.6297
1628,30.0925
1629,33.0958
1630,33.7858
1631,29.3365
1632,30.5555
1633,28.6524
1634,32.3172
1635,32.8257
1636,29.6924
1637,34.7934
1638,26.3648
1639,31.5349
1640,27.9336
1641,28.8801
1642,39.7105
1643,33.6702
1644,42.8896
1645,28.0805
1646,33.0145
1647,37.6058
1648,35.0592
1649,31.1158
1650,23.7377
1651,31.3754
1652,38.9423
1653,36.9802
1654,36.4499
1655,35.7947
1656,34.6317
1657,29.9509
1658,31.7283
1659,39.4740
1660,42.2215
1661,37.8983
1662,34.1747
1663,33.6552
1664,29.0532
1665,39.3810
1666,34.5836
1667,35.8088
1668,34.8427
1669,36.2489
1670,36.9608
1671,51.4801
1672,35.8162
1673,39.8040
1674,49.4783
1675,40.1888
1676,39.1057
1677,30.2703
1678,28.2509
1679,26.0410
1680,40.2918
1681,39.0317
1682,40.3359
1683,38.8780
1684,39.9251
1685,36.2239
1686,28.7569
1687,28.6562
1688,28.1999
1689,29.6190
1690,27.3018
1691,45.1961
1692,39.1617
1693,37.4973
1694,23.5102
1695,31.5208
1696,35.7406
1697,21.6467
1698,30.4015
1699,38.2276
1700,39.9301
1701,34.2469
1702,32.1882
1703,31.4794
1704,24.2305
1705,33.9222
1706,40.1914
1707,31.7488
1708,41.1990
1709,28.3267
1710,16.3333
1711,23.5140
1712,23.2956
1713,33.5526
1714,30.8006
1715,30.2668
1716,40.2460
1717,28.6126
1718,40.6799
1719,42.3036
1720,28.5609
1721,24.6198
1722,33.2663
1723,36.7396
1724,34.0943
1725,31.9862
1726,38.5725
1727,34.0853
1728,31.3203
1729,32.9423
1730,31.4801
1731,37.2736
1732,24.7705
1733,37.3888
1734,37.7643
1735,30.2773
1736,26.3753
1737,27.9691
1738,35.9159
1739,38.6162
1740,40.8843
1741,42.9022
1742,49.7086
1743,59.7596
1744,46.6609
1745,48.8195
1746,49.6972
1747,36.3774
1748,34.0970
1749,33.1888
1750,36.2413
1751,29.9594
1752,28.7788
1753,24.7610
1754,34.4677
1755,37.6976
1756,28.2273
1757,30.1850
1758,31.9047
1759,34.0099
1760,38.4715
1761,29.2006
1762,37.1082
1763,24.5202
1764,31.2090
1765,33.3443
1766,31.7078
1767,27.9081
1768,33.6487
1769,33.3014
1770,34.2247
1771,29.8054
1772,39.9399
1773,27.0493
1774,27.7939
1775,36.4599
1776,31.7914
1777,32.1932
1778,35.4378
1779,35.2080
1780,44.5578
1781,27.9205
1782,31.9371
1783,33.2613
1784,32.1910
1785,37.1752
1786,35.0513
1787,28.2531
1788,30.8414
1789,26.7456
1790,24.2796
1791,33.2906
1792,27.7700
1793,31.4467
1794,30.0219
1795,27.8294
1796,29.3612
1797,31.3623
1798,23.8891
1799,29.3767
1800,28.2640
1801,25.4483
1802,30.4167
1803,33.4225
1804,34.4477
1805,30.8580
1806,26.4089
1807,30.8065
1808,33.6635
1809,31.2591
1810,38.0018
1811,23.9410
1812,39.0496
1813,42.6641
1814,49.5827
1815,61.1939
1816,40.7882
1817,38.2473
1818,25.8043
1819,24.5295
1820,26.9246
1821,31.6687
1822,48.1949
1823,42.1388
1824,32.6188
1825,35.7456
1826,30.4790
1827,39.1078
1828,34.4121
1829,29.8300
1830,24.9045
1831,27.2324
1832,25.8863
1833,40.2741
1834,34.4360
1835,30.7951
1836,31.9219
1837,33.6559
1838,31.4834
1839,31.1837
1840,32.7206
1841,32.9990
1842,24.9951
1843,29.3968
1844,39.9518
1845,43.6726
1846,31.0783
1847,29.9733
1848,31.2202
1849,31.5695
1850,38.0549
1851,40.0224
1852,38.6868
1853,37.8811
1854,32.2855
1855,32.4554
1856,35.3591
1857,31.6699
1858,34.9844
1859,43.5131
1860,27.9641
1861,32.9483
1862,29.2549
1863,35.6469
1864,25.1012
1865,27.5574
1866,39.4504
1867,29.5839
1868,32.2785
1869,42.0508
1870,31.3513
1871,23.4709
1872,32.0799
1873,23.4079
1874,31.5335
1875,31.3964
1876,33.8080
1877,29.7949
1878,29.9590
1879,36.8555
1880,33.4172
1881,30.4859
1882,38.5959
1883,42.1529
1884,41.5082
1885,34.8089
1886,42.4442
1887,44.0853
1888,39.3426
1889,45.4731
1890,30.1900
1891,29.2096
1892,40.9610
1893,46.8836
1894,37.3521
1895,34.0168
1896,30.1113
1897,30.3075
1898,31.7461
1899,35.9559
1900,23.9246
1901,24.1544
1902,25.3260
1903,27.1680
1904,33.7110
1905,34.2112
1906,41.5931
1907,34.1582
1908,30.8707
1909,43.3710
1910,41.5759
1911,35.1791
1912,36.2668
1913,33.8037
1914,35.2871
1915,35.4290
1916,36.2682
1917,35.6205
1918,40.0443
1919,39.0577
1920,40.3051
1921,40.5066
1922,33.5078
1923,39.4626
1924,41.7218
1925,29.8977
1926,34.6537
1927,43.6807
1928,41.5323
1929,39.0959
1930,29.3155
1931,33.5023
1932,35.9859
1933,30.8559
1934,37.8134
1935,30.2637
1936,26.6850
1937,23.1113
1938,31.9812
1939,24.0886
1940,29.7210
1941,41.6734
1942,35.9399
1943,34.2541
1944,30.8239
1945,27.3781
1946,32.5665
1947,31.2715
1948,37.5526
1949,39.1171
1950,32.7539
1951,44.8472
1952,44.2216
1953,43.6256
1954,44.6002
1955,36.4661
1956,42.9919
1957,36.2141
1958,37.4756
1959,46.4692
1960,50.6158
1961,42.2604
1962,52.1865
1963,45.7048
1964,50.0636
1965,44.3501
1966,33.3226
1967,28.4464
1968,28.3184
1969,27.1270
1970,36.7799
1971,37.9689
1972,26.1958
1973,28.3666
1974,34.1101
1975,41.8642
1976,40.9293
1977,31.2214
1978,35.1214
1979,43.0436
1980,34.9135
1981,35.3370
1982,33.2167
1983,32.7599
1984,33.6380
1985,31.8739
1986,30.9782
1987,32.4371
1988,29.8507
1989,23.5302
1990,29.7406
1991,35.6596
1992,34.9178
1993,34.6117
1994,40.0929
1995,32.8498
1996,28.7023
1997,30.9632
1998,29.9816
1999,32.3217
2000,29.3119
2001,41.8744
2002,34.9250
2003,29.3028
2004,30.0446
2005,24.0622
2006,28.9075
2007,26.7570
2008,39.9203
2009,29.8305
2010,30.8440
2011,37.2667
2012,35.5890
2013,24.2584
2014,25.9321
2015,34.7073
2016,38.9898
2017,34.9607
2018,33.3338
2019,34.6017
2020,30.8166
2021,33.1514
2022,54.3547
2023,48.4278
2024,35.3591
2025,40.7012
2026,36.3739
2027,35.9528
2028,52.3217
2029,35.9108
2030,30.8640
2031,21.4751
2032,33.4437
2033,46.0608
2034,35.3038
2035,42.6536
2036,37.5481
2037,28.2092
2038,42.9409
2039,43.4990
2040,43.3323
2041,29.2733
2042,31.3568
2043,31.4937
2044,32.4099
2045,38.5423
2046,40.7064
2047,40.3562
2048,38.7874
2049,33.1483
2050,26.0623
2051,41.0643
2052,41.3702
2053,36.8624
2054,44.2154
2055,30.1850
2056,31.9505
2057,33.8144
2058,33.6185
2059,31.4875
2060,29.7894
2061,28.1277
2062,25.5272
2063,25.1727
2064,27.1096
2065,27.6771
2066,26.5064
2067,22.6290
2068,21.5781
2069,17.4696
2070,29.5618
2071,36.0849
2072,38.5058
2073,31.6532
2074,34.9271
2075,37.4994
2076,30.0474
2077,36.1557
2078,34.9066
2079,30.3612
2080,36.9132
2081,32.0528
2082,29.6144
2083,23.2670
2084,25.4836
2085,32.9976
2086,36.0889
2087,31.2254
2088,29.6204
2089,27.9741
2090,28.4436
2091,32.3551
2092,34.6055
2093,23.4787
2094,27.3476
2095,29.8069
2096,27.3392
2097,29.7201
2098,30.1015
2099,41.1105
2100,34.4119
2101,31.9996
2102,35.3730
2103,26.9501
2104,26.7305
2105,46.1259
2106,48.2855
2107,40.4897
2108,29.0062
2109,47.4446
2110,35.4776
2111,35.5413
2112,36.8438
2113,35.5580
2114,26.0005
2115,20.5953
2116,22.5155
2117,31.4159
2118,31.0133
2119,36.2322
2120,34.0121
2121,39.3376
2122,39.7589
2123,31.6198
2124,32.2998
2125,41.4572
2126,36.5732
2127,38.2931
2128,36.3503
2129,34.6460
2130,31.4779
2131,33.5324
2132,31.3954
2133,27.6167
2134,20.1857
2135,21.0357
2136,22.5072
2137,24.8995
2138,27.7302
2139,31.4708
2140,32.7516
2141,27.5185
2142,21.9982
2143,36.5703
2144,26.3176
2145,32.4547
2146,29.7933
2147,31.7752
2148,31.4605
2149,32.3961
2150,24.0026
2151,33.5081
2152,27.8614
2153,30.5724
2154,34.1399
2155,26.0041
2156,38.2075
2157,18.6276
2158,28.6844
2159,26.4781
2160,31.7814
2161,30.1120
2162,29.3972
2163,26.9291
2164,31.1701
2165,33.9472
2166,28.8603
2167,30.1948
2168,30.0658
2169,32.8703
2170,31.2343
2171,30.0009
2172,38.9478
2173,34.9121
2174,33.5159
2175,29.8972
2176,27.6535
2177,30.9918
2178,26.6061
2179,32.6998
2180,28.8904
2181,36.2318
2182,38.5551
2183,42.2485
2184,34.6198
2185,30.7951
2186,41.9016
2187,39.4754
2188,49.3333
2189,41.6582
2190,35.6176
2191,32.7146
2192,36.4170
2193,35.9039
2194,32.1889
2195,28.1379
2196,30.0424
2197,32.4605
2198,33.3767
2199,31.3249
2200,41.5637
2201,27.0841
2202,27.3468
2203,37.1768
2204,36.3407
2205,41.0635
2206,24.7104
2207,22.0537
2208,29.5582
2209,28.1193
2210,28.8446
2211,34.1241
2212,27.4591
2213,34.2486
2214,44.8165
2215,31.4715
2216,29.1815
2217,32.0518
2218,32.6803
2219,33.8936
2220,36.7491
2221,32.8696
2222,34.3678
2223,36.0961
2224,35.6143
2225,31.2145
2226,39.8748
2227,45.8891
2228,39.2103
2229,26.1774
2230,28.9519
2231,26.0308
2232,24.8544
2233,22.3954
2234,26.6683
2235,26.6926
2236,18.7757
2237,25.6505
2238,29.8386
2239,31.3435
2240,30.7150
2241,34.8268
2242,31.4682
2243,40.0348
2244,38.1272
2245,30.5762
2246,36.1037
2247,27.8251
2248,40.0767
2249,41.1832
2250,43.9534
2251,34.5123
2252,33.3993
2253,38.7928
2254,24.9770
2255,51.7919
2256,58.0952
2257,56.4632
2258,52.5637
2259,39.4239
2260,34.0917
2261,33.2749
2262,28.4588
2263,23.8013
2264,20.7956
2265,21.4057
2266,22.6381
2267,36.5775
2268,33.8154
2269,30.5386
2270,34.7879
2271,37.9984
2272,36.8149
2273,25.4860
2274,25.9283
2275,34.3864
2276,31.9078
2277,29.5763
2278,23.1600
2279,29.2392
2280,44.6227
2281,36.4807
2282,34.6694
2283,34.2288
2284,28.7170
2285,28.4510
2286,31.1143
2287,35.7196
2288,23.3152
2289,32.9926
2290,36.8714
2291,35.1291
2292,38.1427
2293,35.7709
2294,37.3309
2295,29.1293
2296,29.9485
2297,26.4781
2298,33.1089
2299,39.7401
2300,35.5270
2301,39.2568
2302,42.0823
2303,31.6114
2304,33.2215
2305,36.2980
2306,28.5213
2307,28.3735
2308,27.8177
2309,25.6839
2310,30.3743
2311,34.3673
2312,38.7192
2313,37.4253
2314,38.9311
2315,34.9429
2316,22.7952
2317,28.5642
2318,32.9463
2319,39.1545
2320,48.7034
2321,26.3550
2322,25.8825
2323,36.8829
2324,32.1321
2325,32.8465
2326,23.0947
2327,35.4447
2328,32.6397
2329,33.8917
2330,41.4248
2331,38.1083
2332,39.9735
2333,38.1272
2334,31.9815
2335,34.1656
2336,30.1712
2337,29.7647
2338,31.0969
2339,38.3451
2340,29.2778
2341,24.8611
2342,26.7012
2343,20.5491
2344,25.8968
2345,25.1009
2346,29.3233
2347,23.4146
2348,43.4418
2349,33.8764
2350,30.2410
2351,25.5818
2352,38.3430
2353,31.3954
2354,31.9972
2355,34.9555
2356,32.9211
2357,31.4090
2358,28.7390
2359,27.3883
2360,32.4068
2361,34.5595
2362,36.2420
2363,24.1940
2364,31.7092
2365,24.5852
2366,36.6571
2367,36.5658
2368,37.0100
2369,40.1025
2370,31.5664
2371,37.7679
2372,33.8013
2373,26.3100
2374,26.4752
2375,25.2244
2376,24.0252
2377,24.9166
2378,41.3110
2379,32.9688
2380,25.0540
2381,29.3975
2382,29.7995
2383,30.8280
2384,24.8451
2385,19.9478
2386,28.1384
2387,31.4064
2388,33.9782
2389,36.0506
2390,24.8594
2391,28.6372
2392,36.2921
2393,36.1667
2394,32.9127
2395,38.9466
2396,35.1577
2397,34.0934
2398,51.1379
2399,40.3347
2400,34.3077
2401,36.7200
2402,32.4881
2403,47.2627
2404,28.7118
2405,28.2891
2406,24.3790
2407,21.1902
2408,24.8225
2409,33.0384
2410,25.3735
2411,22.6254
2412,30.2994
2413,31.8928
2414,34.5621
2415,42.5944
2416,35.2800
2417,38.0938
2418,33.9041
2419,36.0410
2420,39.7787
2421,20.2098
2422,21.3797
2423,21.7319
2424,25.1043
2425,22.7599
2426,23.4866
2427,27.3578
2428,26.7830
2429,31.3919
2430,32.7942
2431,43.0005
2432,41.6665
2433,38.3322
2434,32.1360
2435,23.1259
2436,37.1337
2437,41.7511
2438,38.2872
2439,34.5170
2440,33.0019
2441,34.2910
2442,36.3896
2443,36.0851
2444,45.8972
2445,46.7846
2446,22.0568
2447,33.2439
2448,26.6948
2449,28.6105
2450,39.7851
2451,28.4357
2452,27.4081
2453,30.2112
2454,30.8099
2455,28.1069
2456,28.7125
2457,25.1260
2458,34.3783
2459,36.6557
2460,44.9259
2461,39.3887
2462,34.5767
2463,35.7440
2464,35.6681
2465,32.6893
2466,36.6642
2467,42.1565
2468,29.6464
2469,41.6520
2470,36.5341
2471,27.7610
2472,38.5406
2473,32.4805
2474,27.4687
2475,40.3159
2476,35.6638
2477,41.4886
2478,37.4217
2479,40.4885
2480,25.8906
2481,32.7024
2482,28.2099
2483,25.9292
2484,32.0520
2485,28.5623
2486,27.2274
2487,24.1890
2488,29.6190
2489,29.1798
2490,25.9366
2491,26.4673
2492,24.5395
2493,25.6200
2494,32.6226
2495,32.4731
2496,21.1582
2497,28.2316
2498,26.4211
2499,29.2377
2500,28.2671
2501,27.0588
2502,24.4031
2503,23.7720
2504,20.6285
2505,24.3886
2506,25.7392
2507,22.8412
2508,22.6059
2509,29.4976
2510,30.7236
2511,33.9582
2512,32.6836
2513,42.9380
2514,36.6995
2515,32.3615
2516,33.6120
2517,42.4721
2518,39.2604
2519,32.7756
2520,39.3114
2521,41.1286
2522,36.8354
2523,35.9261
2524,29.3775
2525,24.3700
2526,24.1578
2527,28.7101
2528,31.4982
2529,30.7028
2530,30.7984
2531,29.4666
2532,22.2871
2533,33.6089
2534,24.8575
2535,23.5364
2536,28.1994
2537,27.4844
2538,22.7840
2539,30.9079
2540,28.2164
2541,27.5455
2542,20.9942
2543,22.7396
2544,21.2605
2545,22.8243
2546,34.3270
2547,40.6301
2548,30.8063
2549,32.4221
2550,31.0602
2551,30.9701
2552,26.8147
2553,34.9207
2554,29.8257
2555,49.0422
2556,49.4759
2557,33.4957
2558,37.1521
2559,39.6359
2560,33.6578
2561,35.4025
2562,45.5129
2563,147.7363
2564,177.2680
2565,54.5521
2566,35.8872
2567,23.9327
2568,29.7022
2569,19.2757
2570,22.6250
2571,21.8978
2572,23.4895
2573,19.6168
2574,39.2170
2575,34.4977
2576,30.2951
2577,29.3884
2578,32.5220
2579,32.4142
2580,31.5807
2581,29.6552
2582,35.3253
2583,31.0850
2584,29.3717
2585,99.8013
2586,22.8415
2587,25.6519
2588,31.8141
2589,33.7315
2590,27.5836
2591,24.1024
2592,24.2667
2593,32.7396
2594,25.5997
2595,28.9395
2596,32.9843
2597,22.5580
2598,30.4618
2599,29.5398
2600,30.2148
2601,30.0233
2602,23.8459
2603,36.2146
2604,22.3076
2605,30.6630
2606,19.4054
2607,26.4575
2608,35.3730
2609,31.0166
2610,41.8556
2611,35.3560
2612,26.6738
2613,34.6050
2614,37.0197
2615,30.0562
2616,28.6188
2617,32.0902
2618,33.1852
2619,31.7440
2620,29.5630
2621,30.5543
2622,31.9722
2623,24.5469
2624,29.7296
2625,39.1860
2626,47.9488
2627,39.4657
2628,42.4116
2629,38.4126
2630,37.3807
2631,40.6890
2632,31.4353
2633,24.9612
2634,25.7304
2635,33.3898
2636,35.1672
2637,39.8009
2638,39.3364
2639,41.8134
2640,37.6999
2641,29.1846
2642,22.7907
2643,28.4646
2644,35.5399
2645,41.9040
2646,27.2744
2647,30.9844
2648,25.8291
2649,32.6390
2650,27.9055
2651,28.6067
2652,29.7329
2653,26.1655
2654,46.9835
2655,33.4709
2656,24.5633
2657,29.9234
2658,34.8027
2659,42.3753
2660,35.4977
2661,41.4810
2662,36.2573
2663,32.0196
2664,20.9944
2665,29.5246
2666,29.5603
2667,43.4134
2668,40.3211
2669,42.4955
2670,25.3398
2671,29.8226
2672,45.8102
2673,37.7307
2674,28.7809
2675,36.8600
2676,33.6280
2677,34.5151
2678,32.8283
2679,41.8196
2680,35.5926
2681,29.2790
2682,38.5013
2683,43.0274
2684,19.7546
2685,22.2731
2686,25.7556
2687,21.1172
2688,20.3302
2689,20.5936
2690,23.3204
2691,32.2618
2692,36.3722
2693,53.1950
2694,32.7055
2695,31.0559
2696,31.5962
2697,27.7808
2698,37.5729
2699,54.7285
2700,43.3750
2701,41.8124
2702,38.9681
2703,45.1379
2704,34.3344
2705,36.8791
2706,26.2380
2707,22.3744
2708,23.7718
2709,30.9057
2710,38.0147
2711,38.3623
2712,32.7737
2713,35.7044
2714,33.5815
2715,32.4724
2716,29.8507
2717,28.1842
2718,25.5311
2719,25.9991
2720,36.2539
2721,32.1281
2722,34.4815
2723,33.7231
2724,31.4355
2725,39.7255
2726,26.4866
2727,27.2632
2728,30.5874
2729,30.7343
2730,27.0689
2731,33.2737
2732,32.0725
2733,33.8571
2734,38.4007
2735,26.6047
2736,25.9578
2737,46.3393
2738,28.1510
2739,24.4596
2740,26.2115
2741,30.8647
2742,38.0971
2743,40.5600
2744,41.5280
2745,30.3607
2746,37.0462
2747,39.4711
2748,43.2870
2749,39.5443
2750,47.1182
2751,30.4997
2752,36.1304
2753,30.9160
2754,34.3421
2755,34.4541
2756,23.5882
2757,21.6386
2758,32.2969
2759,45.7282
2760,40.0782
2761,33.9165
2762,34.7254
2763,32.6145
2764,34.2040
2765,33.9932
2766,37.6837
2767,25.3351
2768,32.6443
2769,35.0337
2770,35.3930
2771,37.0090
2772,41.7078
2773,45.9852
2774,49.1028
2775,62.7522
2776,55.8624
2777,45.9714
2778,36.0248
2779,25.8615
2780,25.1069
2781,24.8976
2782,36.4356
2783,36.8111
2784,37.3681
2785,28.6021
2786,28.2509
2787,34.5902
2788,30.4561
2789,25.2373
2790,25.4076
2791,27.4489
2792,33.3648
2793,33.3848
2794,22.4011
2795,27.7078
2796,25.2120
2797,24.1716
2798,24.3165
2799,25.4648
2800,29.0210
2801,27.4184
2802,29.6791
2803,35.8562
2804,27.4332
2805,23.1006
2806,34.8573
2807,36.1910
2808,35.5437
2809,36.0773
2810,36.9844
2811,32.5263
2812,33.3853
2813,29.2332
2814,31.0614
2815,36.9995
2816,28.2805
2817,26.1292
2818,27.3011
2819,29.3727
2820,27.8049
2821,26.2096
2822,27.8363
2823,24.6165
2824,36.6883
2825,30.0930
2826,27.1578
2827,34.6515
2828,34.5700
2829,36.1500
2830,27.9045
2831,29.3579
2832,37.9870
2833,28.2185
2834,36.6993
2835,30.8754
2836,29.7592
2837,31.2121
2838,29.5553
2839,33.6809
2840,33.2778
2841,28.2984
2842,33.0698
2843,32.8658
2844,33.2623
2845,34.1144
2846,33.8759
2847,45.5062
2848,49.7825
2849,44.0121
2850,33.9882
2851,27.1642
2852,29.9635
2853,34.2526
2854,27.1657
2855,25.0356
2856,28.6348
2857,24.0130
2858,24.9059
2859,25.0506
2860,35.1040
2861,31.0822
2862,37.9910
2863,33.7794
2864,28.9390
2865,32.6600
2866,27.1242
2867,35.4524
2868,33.9968
2869,27.0514
2870,24.6551
2871,23.5605
2872,26.4556
2873,31.2939
2874,29.9103
2875,26.5398
2876,30.9820
2877,33.5615
2878,31.0888
2879,30.4849
2880,29.3524
2881,31.8398
2882,31.3044
2883,23.6373
2884,27.6563
2885,29.6946
2886,25.2924
2887,32.2344
2888,36.0453
2889,45.3179
2890,41.0116
2891,32.2306
2892,31.8353
2893,38.1918
2894,41.6224
2895,33.4513
2896,27.9284
2897,31.0919
2898,21.8430
2899,29.7594
2900,25.4164
2901,33.9279
2902,23.2835
2903,26.4373
2904,35.2459
2905,27.0102
2906,24.6246
2907,18.4994
2908,29.1853
2909,24.2913
2910,25.5954
2911,24.1163
2912,27.4279
2913,36.8447
2914,31.2874
2915,29.9199
2916,28.9726
2917,30.9365
2918,38.8894
2919,41.3563
2920,33.7522
2921,38.2819
2922,34.6067
2923,48.1029
2924,38.6698
2925,40.9043
2926,47.3828
2927,34.8203
2928,17.5307
2929,34.6684
2930,36.7582
2931,45.4178
2932,40.6318
2933,25.1844
2934,29.3117
2935,26.3500
2936,20.4122
2937,20.9801
2938,27.1583
2939,32.4693
2940,22.1169
2941,22.6808
2942,36.9020
2943,35.5070
2944,32.2292
2945,27.1590
2946,29.6762
2947,33.9863
2948,33.4828
2949,31.2805
2950,24.8904
2951,25.2264
2952,31.1139
2953,30.8774
2954,33.5453
2955,37.9918
2956,36.5622
2957,46.7176
2958,40.1421
2959,32.7892
2960,29.1018
2961,28.7364
2962,32.7947
2963,29.3963
2964,36.3836
2965,27.4694
2966,22.1877
2967,34.6057
2968,38.2237
2969,30.6344
2970,33.8261
2971,33.7889
2972,31.0481
2973,29.6805
2974,22.9168
2975,20.1635
2976,24.3237
2977,34.9677
2978,29.9790
2979,24.7159
2980,26.7818
2981,28.8889
2982,31.9476
2983,22.3446
2984,26.3340
2985,24.5194
2986,28.8370
2987,27.7557
2988,34.4965
2989,38.5673
2990,38.9142
2991,43.2200
2992,39.5908
2993,47.2257
2994,30.9155
2995,32.1004
2996,29.1872
2997,35.8570
2998,45.9845
2999,48.4345
3000,39.1884
3001,28.5387
3002,44.8642
3003,38.8179
3004,42.0079
3005,39.2125
3006,32.0599
3007,43.9372
3008,44.2317
3009,41.0500
3010,35.2206
3011,32.7497
3012,30.2773
3013,33.9377
3014,33.6215
3015,30.7734
3016,33.5479
3017,38.7697
3018,33.6370
3019,32.3925
3020,34.0171
3021,37.0739
3022,36.0191
3023,30.4327
3024,35.8846
3025,38.0147
3026,35.3189
3027,36.5014
3028,25.5728
3029,53.5805
3030,32.6297
3031,33.5557
3032,32.7702
3033,28.2807
3034,25.8875
3035,29.7070
3036,48.5620
3037,29.5475
3038,31.2183
3039,25.5153
3040,32.4144
3041,24.1663
3042,35.2206
3043,38.4414
3044,27.8304
3045,22.5008
3046,56.0522
3047,41.8890
3048,56.5078
3049,36.8493
3050,36.5486
3051,26.5920
3052,29.1266
3053,24.4606
3054,28.8551
3055,30.5438
3056,37.9291
3057,32.2978
3058,33.0403
3059,29.1054
3060,33.7157
3061,24.7445
3062,19.9704
3063,22.9475
3064,30.6947
3065,30.1652
3066,35.6092
3067,38.9457
3068,43.3989
3069,34.2174
3070,30.9749
3071,40.5192
3072,48.4974
3073,37.7541
3074,33.3738
3075,42.0952
3076,44.1642
3077,35.7585
3078,33.0296
3079,37.3373
3080,36.6251
3081,30.9544
3082,29.7816
3083,29.4619
3084,24.0114
3085,19.0713
3086,26.5670
3087,27.3981
3088,30.1375
3089,34.0180
3090,40.6153
3091,34.6892
3092,27.6840
3093,27.6883
3094,28.8732
3095,22.3734
3096,26.4075
3097,27.3216
3098,31.2912
3099,32.9847
3100,35.7056
3101,33.8681
3102,32.5694
3103,25.3298
3104,26.1557
3105,25.3127
3106,31.2414
3107,27.0281
3108,27.1285
3109,26.7229
3110,25.1906
3111,30.7379
3112,30.5865
3113,40.3633
3114,40.9691
3115,55.6114
3116,41.1422
3117,33.2639
3118,34.2116
3119,42.5844
3120,37.8053
3121,35.5899
3122,33.8902
3123,31.7607
3124,25.9087
3125,22.7211
3126,31.1775
3127,34.2078
3128,36.7486
3129,29.7019
3130,33.4244
3131,40.1003
3132,35.0468
3133,27.4982
3134,31.8432
3135,37.0452
3136,35.3961
3137,34.8375
3138,35.8663
3139,32.0590
3140,37.1001
3141,24.8284
3142,19.3398
3143,32.6817
3144,33.9787
3145,32.8538
3146,44.5578
3147,24.8005
3148,40.5381
3149,39.1612
3150,45.9206
3151,37.7443
3152,36.1955
3153,40.2582
3154,40.4792
3155,28.2199
3156,45.7983
3157,29.9196
3158,31.7807
3159,33.0517
3160,26.0036
3161,35.9941
3162,36.9844
3163,27.1759
3164,27.8866
3165,22.9249
3166,26.5419
3167,23.1011
3168,21.3189
3169,29.9058
3170,29.3460
3171,32.6717
3172,33.7255
3173,28.1887
3174,29.5331
3175,25.9023
3176,35.0270
3177,35.3119
3178,29.1524
3179,29.7453
3180,28.2781
3181,39.6240
3182,36.6158
3183,36.7980
3184,35.0976
3185,32.1407
3186,29.8245
3187,30.4203
3188,36.0260
3189,32.3079
3190,45.1212
3191,39.8982
3192,35.7594
3193,33.5350
3194,30.5908
3195,32.9974
3196,34.8339
3197,37.5993
3198,27.7963
3199,34.1372
3200,40.5087
3201,33.8528
3202,27.3991
3203,38.6078
3204,36.5148
3205,36.1080
3206,42.2950
3207,43.1838
3208,36.7169
3209,34.4405
3210,28.3928
3211,30.9968
3212,35.5184
3213,35.1896
3214,29.2249
3215,37.0774
3216,54.8122
3217,52.0139
3218,23.6709
3219,23.3419
3220,32.4740
3221,27.3428
3222,24.4780
3223,34.3704
3224,36.1593
3225,23.8631
3226,38.4817
3227,33.3529
3228,33.6158
3229,29.9158
3230,23.9480
3231,25.6462
3232,27.1411
3233,29.1429
3234,32.0485
3235,30.2596
3236,29.5630
3237,26.2494
3238,28.8935
3239,27.3376
3240,30.4782
3241,29.8593
3242,32.8646
3243,28.6021
3244,41.0345
3245,34.5104
3246,42.7160
3247,42.1972
3248,39.4766
3249,28.9712
3250,24.8530
3251,39.4206
3252,42.3846
3253,34.9214
3254,41.7955
3255,25.5458
3256,28.6007
3257,32.2146
3258,37.4665
3259,34.6577
3260,25.8224
3261,34.0879
3262,23.5038
3263,37.1985
3264,35.9557
3265,49.5627
3266,36.8774
3267,35.5289
3268,36.1516
3269,32.8834
3270,34.0414
3271,28.6198
3272,25.0716
3273,30.8206
3274,33.2518
3275,28.4498
3276,23.2389
3277,26.7761
3278,27.7798
3279,20.7491
3280,22.3718
3281,38.6002
3282,27.2508
3283,31.5688
3284,32.6309
3285,31.1921
3286,26.5148
3287,38.4760
3288,38.5811
3289,31.2469
3290,31.7681
3291,37.3554
3292,48.2273
3293,40.0972
3294,38.1165
3295,43.4179
3296,48.4567
3297,136.2629
3298,81.8002
3299,37.9202
3300,42.7008
3301,37.4839
3302,30.2992
3303,31.5812
3304,35.0373
3305,34.5964
3306,32.7864
3307,34.8332
3308,37.3352
3309,32.0406
3310,35.5361
3311,37.0305
3312,38.2149
3313,38.6746
3314,30.5409
3315,37.4525
3316,39.0358
3317,36.9754
3318,38.9931
3319,42.5005
3320,43.4351
3321,45.8643
3322,37.0867
3323,28.9962
3324,36.9151
3325,35.0995
3326,28.9869
3327,25.9576
3328,29.8266
3329,26.6237
3330,23.3684
3331,24.2820
3332,27.9076
3333,37.4346
3334,28.4424
3335,30.1487
3336,48.0428
3337,36.2244
3338,26.4411
3339,37.8344
3340,25.2094
3341,30.8950
3342,33.8712
3343,39.1686
3344,36.3934
3345,33.3254
3346,30.5672
3347,33.6642
3348,31.8749
3349,35.4762
3350,39.2950
3351,36.0041
3352,31.8305
3353,36.5465
3354,35.3470
3355,36.2456
3356,37.4537
3357,34.8923
3358,25.7950
3359,51.3470
3360,34.1082
3361,33.1323
3362,46.2055
3363,45.1229
3364,37.0069
3365,43.8573
3366,47.9720
3367,38.9526
3368,29.3598
3369,35.3394
3370,37.1163
3371,33.1233
3372,37.2221
3373,28.1990
3374,36.0482
3375,47.1895
3376,41.8451
3377,40.7941
3378,31.9579
3379,33.3352
3380,22.3110
3381,16.0768
3382,19.3219
3383,22.2068
3384,27.9112
3385,38.9459
3386,42.7325
3387,33.0088
3388,28.7323
3389,42.6598
3390,39.8579
3391,34.0912
3392,32.0313
3393,35.4190
3394,33.0055
3395,32.8758
3396,32.3622
3397,35.2128
3398,41.1358
3399,41.0714
3400,39.5503
3401,30.5686
3402,34.2605
3403,37.1246
3404,37.7014
3405,34.9917
3406,32.9502
3407,37.3704
3408,35.8083
3409,26.8850
3410,28.4932
3411,33.4678
3412,32.2759
3413,36.1602
3414,34.9829
3415,36.4392
3416,26.8979
3417,41.2295
3418,38.5346
3419,31.6007
3420,32.3105
3421,38.3108
3422,38.2597
3423,38.2094
3424,38.0797
3425,31.2116
3426,35.8558
3427,38.7564
3428,43.4659
3429,40.7550
3430,35.2199
3431,55.9988
3432,43.6053
3433,49.7959
3434,30.6129
3435,35.7275
3436,32.1441
3437,28.5232
3438,25.6166
3439,30.0393
3440,33.5481
3441,24.7765
3442,24.1809
3443,21.6708
3444,19.6857
3445,21.2002
3446,27.9262
3447,23.1609
3448,25.5399
3449,37.7362
3450,39.7666
3451,32.1686
3452,28.8422
3453,38.6114
3454,39.0778
3455,36.0270
3456,33.3951
3457,38.3358
3458,34.2360
3459,31.4748
3460,32.4395
3461,32.5530
3462,30.8602
3463,27.7793
3464,33.6518
3465,34.2357
3466,31.9779
3467,36.8638
3468,36.2887
3469,29.4797
3470,31.3694
3471,32.5954
3472,44.0607
3473,38.7967
3474,33.4909
3475,26.3867
3476,32.4676
3477,25.3685
3478,31.9991
3479,35.1884
3480,32.1600
3481,31.4069
3482,38.8050
3483,35.2571
3484,29.1393
3485,37.6770
3486,34.2677
3487,37.5135
3488,33.6134
3489,43.0646
3490,37.4243
3491,37.3011
3492,39.6938
3493,33.2088
3494,31.3118
3495,29.9103
3496,36.6790
3497,33.7954
3498,32.0952
3499,34.6572
3500,28.5888
3501,44.5852
3502,45.4750
3503,28.8775
3504,49.4206
3505,51.4171
3506,43.4258
3507,28.8239
3508,33.9935
3509,34.6448
3510,31.4918
3511,28.9786
3512,38.1734
3513,28.1806
3514,21.5595
3515,25.4922
3516,29.6435
3517,34.0273
3518,34.5807
3519,33.5703
3520,29.9520
3521,31.6379
3522,32.4419
3523,35.5663
3524,32.4864
3525,37.2648
3526,39.4502
3527,45.8455
3528,36.0692
3529,32.9237
3530,23.9859
3531,25.6519
3532,24.0302
3533,24.2481
3534,24.4904
3535,23.2131
3536,35.3713
3537,32.2361
3538,23.0060
3539,29.8276
3540,42.1722
3541,38.8820
3542,37.4098
3543,136.3194
3544,22.6588
3545,23.3493
3546,24.5490
3547,28.4791
3548,31.7030
3549,37.0626
3550,33.6514
3551,26.7317
3552,33.9272
3553,22.8531
3554,34.2119
3555,40.8649
3556,33.7219
3557,31.4591
3558,29.0675
3559,32.1567
3560,40.4294
3561,37.8337
3562,31.2257
3563,25.6481
3564,29.2110
3565,28.0159
3566,37.2064
3567,32.8829
3568,37.3147
3569,31.6634
3570,26.5720
3571,43.0038
3572,40.5209
3573,23.8769
3574,17.6198
3575,19.8727
3576,21.7426
3577,24.3409
3578,43.6840
3579,47.7214
3580,41.4095
3581,24.9689
3582,37.6453
3583,36.5095
3584,31.3327
3585,23.3533
3586,28.5885
3587,25.6648
3588,32.9969
3589,22.1393
3590,25.4316
3591,29.3837
3592,29.7914
3593,32.7730
3594,34.1847
3595,17.6139
3596,26.4657
3597,32.4085
3598,29.9139
3599,32.8655
3600,32.2003
3601,41.3597
3602,38.5292
3603,36.0081
3604,42.7127
3605,35.7044
3606,28.6343
3607,18.8997
3608,21.5330
3609,31.5773
3610,32.7842
3611,35.2504
3612,37.4367
3613,41.8861
3614,36.7324
3615,31.9965
3616,30.8623
3617,28.5132
3618,21.1883
3619,34.9729
3620,30.0202
3621,25.1174
3622,20.4623
3623,26.2311
3624,25.9836
3625,26.5708
3626,24.6379
3627,28.0962
3628,33.7849
3629,34.7686
3630,27.4200
3631,34.3640
3632,32.5239
3633,36.7517
3634,30.3741
3635,29.9268
3636,36.3424
3637,32.2909
3638,32.7828
3639,23.9747
3640,29.6533
3641,24.2145
3642,25.6724
3643,32.6977
3644,28.4626
3645,24.5869
3646,31.9390
3647,33.2839
3648,31.7004
3649,34.3442
3650,40.7035
3651,36.4540
3652,42.4047
3653,26.9763
3654,43.1976
3655,32.0845
3656,37.6048
3657,28.2705
3658,27.2357
3659,30.0066
3660,39.1414
3661,29.9742
3662,27.8761
3663,26.0596
3664,32.4841
3665,30.3125
3666,31.0826
3667,29.7601
3668,33.8326
3669,31.8503
3670,40.1704
3671,30.0646
3672,38.2206
3673,39.4096
3674,38.6627
3675,35.3360
3676,35.7099
3677,29.8667
3678,38.5623
3679,48.4061
3680,35.2442
3681,28.5470
3682,33.6113
3683,26.1605
3684,23.4568
3685,29.1462
3686,38.9841
3687,48.7206
3688,40.1673
3689,35.2952
3690,40.9369
3691,46.0515
3692,40.5011
3693,36.6318
3694,28.8339
3695,37.6189
3696,33.7963
3697,45.0845
3698,27.4034
3699,36.6743
3700,34.8437
3701,38.3322
3702,25.2080
3703,27.0238
3704,21.7495
3705,21.3780
3706,20.8876
3707,31.2917
3708,34.3676
3709,31.8179
3710,38.0368
3711,41.3744
3712,29.4316
3713,23.5729
3714,24.0207
3715,19.8791
3716,32.3830
3717,23.4618
3718,36.9856
3719,28.5039
3720,30.9002
3721,32.6297
3722,17.6930
3723,43.0958
3724,52.0577
3725,44.2798
3726,33.4625
3727,49.5582
3728,39.9420
3729,48.3315
3730,47.4806
3731,39.6588
3732,30.8597
3733,34.3063
3734,36.3338
3735,26.6113
3736,36.2484
3737,41.3888
3738,33.7908
3739,35.9533
3740,31.7216
3741,21.2631
3742,33.9661
3743,37.5350
3744,32.3992
3745,31.0512
3746,29.3105
3747,36.0134
3748,29.6328
3749,37.9655
3750,26.9840
3751,38.2109
3752,38.6827
3753,39.6647
3754,34.7526
3755,36.4819
3756,30.8070
3757,26.2401
3758,31.7581
3759,21.8077
3760,27.4379
3761,33.0904
3762,32.6467
3763,26.1188
3764,31.4693
3765,35.1992
3766,34.4622
3767,30.0097
3768,32.7747
3769,38.5211
3770,36.1938
3771,43.5169
3772,41.5211
3773,24.0567
3774,22.5229
3775,38.8930
3776,42.2342
3777,36.6354
3778,36.5231
3779,35.6574
3780,29.1004
3781,43.9770
3782,37.9953
3783,34.7571
3784,36.4695
3785,35.6448
3786,39.1896
3787,42.4922
3788,38.1372
3789,39.9914
3790,33.3018
3791,34.5030
3792,33.6986
3793,35.5289
3794,38.6541
3795,32.1188
3796,27.1785
3797,26.6087
3798,34.8523
3799,32.0852
3800,32.9573
3801,39.7866
3802,34.4503
3803,44.8666
3804,43.0365
3805,37.4334
3806,33.3142
3807,33.2820
3808,35.5215
3809,40.3986
3810,41.6100
3811,32.0656
3812,27.9415
3813,31.8928
3814,30.3888
3815,34.0016
3816,35.0020
3817,46.5093
3818,44.4443
3819,34.2944
3820,35.4850
3821,28.3566
3822,36.4571
3823,35.9192
3824,35.2042
3825,22.1596
3826,28.9128
3827,26.1424
3828,36.7641
3829,39.1083
3830,29.3665
3831,31.5192
3832,32.7218
3833,35.4559
3834,22.5210
3835,20.5960
3836,21.0421
3837,21.9541
3838,28.4579
3839,22.6905
3840,31.8515
3841,24.2989
3842,33.0260
3843,34.9007
3844,25.3131
3845,27.2450
3846,26.4978
3847,32.1195
3848,32.3927
3849,39.2051
3850,35.2139
3851,35.6836
3852,35.7668
3853,30.2918
3854,27.9994
3855,31.0330
3856,28.8606
3857,34.2071
3858,30.1096
3859,39.5503
3860,34.3199
3861,28.9857
3862,29.7208
3863,40.0527
3864,34.1213
3865,35.4202
3866,30.1573
3867,31.9655
3868,40.5736
3869,47.9162
3870,46.1900
3871,33.7882
3872,45.7866
3873,39.0141
3874,38.7418
3875,15.6782
3876,29.0782
3877,29.5475
3878,32.8581
3879,33.2949
3880,36.1807
3881,32.1455
3882,33.0496
3883,35.4574
3884,26.3317
3885,31.8639
3886,34.1179
3887,32.4173
3888,26.4699
3889,32.4938
3890,32.1791
3891,32.5437
3892,26.5589
3893,31.6780
3894,33.5209
3895,32.7654
3896,34.9274
3897,32.6076
3898,37.6318
3899,34.1842
3900,41.7051
3901,24.2660
3902,31.5864
3903,36.2282
3904,35.2054
3905,35.3804
3906,31.9927
3907,27.4184
3908,31.7914
3909,37.4365
3910,29.5756
3911,37.8749
3912,32.7013
3913,36.9148
3914,40.3848
3915,30.6411
3916,33.2201
3917,25.4643
3918,34.5945
3919,34.8399
3920,30.8869
3921,24.4970
3922,37.2066
3923,36.3758
3924,37.5767
3925,40.7059
3926,32.6803
3927,32.3870
3928,41.7862
3929,38.7866
3930,28.7814
3931,31.0473
3932,31.0805
3933,30.6959
3934,34.8310
3935,33.9384
3936,43.3922
3937,24.0576
3938,32.0895
3939,32.1956
3940,26.1729
3941,39.0432
3942,40.1349
3943,32.5785
3944,27.8616
3945,32.5131
3946,43.0048
3947,41.4565
3948,34.8220
3949,40.5703
3950,40.6139
3951,37.8792
3952,40.1444
3953,32.6104
3954,25.7664
3955,33.8833
3956,38.8119
3957,35.7332
3958,27.2195
3959,25.7490
3960,28.4851
3961,28.3189
3962,21.0152
3963,29.1774
3964,34.1189
3965,42.3193
3966,46.0923
3967,36.0579
3968,27.4305
3969,25.7096
3970,31.0664
3971,40.0293
3972,36.6890
3973,33.6177
3974,39.6099
3975,34.3440
3976,34.8570
3977,35.8036
3978,42.5632
3979,35.7106
3980,32.1572
3981,27.5931
3982,29.2044
3983,26.6938
3984,30.5984
3985,28.9891
3986,30.5741
3987,28.2981
3988,25.7068
3989,32.5265
3990,25.8524
3991,35.3270
3992,24.6725
3993,27.7402
3994,27.2985
3995,21.0724
3996,21.6033
3997,19.3508
3998,26.0172
3999,25.7425
4000,25.1963
4001,36.0248
4002,31.9045
4003,35.2201
4004,32.8672
4005,39.2969
4006,38.7495
4007,30.1511
4008,45.4757
4009,33.9055
4010,29.3877
4011,33.4940
4012,35.0196
4013,43.2351
4014,52.9890
4015,52.7077
4016,36.6797
4017,35.5811
4018,31.5967
4019,50.0474
4020,46.4563
4021,25.7118
4022,26.0873
4023,37.7340
4024,36.3204
4025,30.6849
4026,33.6220
4027,33.1666
4028,35.2888
4029,25.3108
4030,30.5805
4031,38.9211
4032,36.8164
4033,36.5970
4034,40.5335
4035,33.7894
4036,32.7952
4037,22.7327
4038,31.2636
4039,35.6014
4040,42.0067
4041,40.7264
4042,32.4166
4043,24.0524
4044,31.2834
4045,34.8930
4046,42.7835
4047,40.2610
4048,31.4062
4049,30.9315
4050,34.2562
4051,32.2123
4052,38.0800
4053,37.0586
4054,32.4042
4055,34.1215
4056,28.4269
4057,34.6937
4058,38.4026
4059,27.4336
4060,35.7585
4061,42.3846
4062,35.0609
4063,31.0910
4064,26.9170
4065,32.2423
4066,33.3593
4067,35.5260
4068,34.8685
4069,38.6698
4070,29.3484
4071,34.2906
4072,24.4048
4073,35.8219
4074,36.8180
4075,35.2688
4076,35.3143
4077,28.9571
4078,25.5482
4079,30.0786
4080,42.8133
4081,29.9785
4082,41.1227
4083,43.9160
4084,37.4520
4085,43.4995
4086,44.8997
4087,54.9026
4088,35.5227
4089,52.3853
4090,47.1537
4091,43.2799
4092,39.9804
4093,23.7548
4094,26.9058
4095,21.8909
4096,27.0710
4097,26.5901
4098,29.4273
4099,35.2466
4100,40.9312
4101,41.4639
4102,36.7446
4103,37.6029
4104,42.7718
4105,32.3856
4106,38.0147
4107,31.9507
4108,31.3735
4109,38.2671
4110,34.3251
4111,36.8478
4112,35.7506
4113,27.5416
4114,26.0963
4115,29.6986
4116,28.8632
4117,28.5597
4118,26.8393
4119,31.5583
4120,37.8850
4121,36.6678
4122,40.9117
4123,31.2452
4124,27.9891
4125,38.7568
4126,40.5364
4127,36.2089
4128,40.4992
4129,28.9185
4130,34.3082
4131,33.5505
4132,30.4739
4133,37.5907
4134,41.8766
4135,39.3929
4136,30.9124
4137,25.7177
4138,36.6511
4139,42.1529
4140,30.4060
4141,24.7166
4142,25.7206
4143,24.9648
4144,29.4955
4145,33.2990
4146,30.2701
4147,39.8173
4148,37.5972
4149,34.6718
4150,42.9490
4151,44.0373
4152,40.4041
4153,39.4065
4154,42.5613
4155,32.7821
4156,25.7633
4157,23.0451
4158,24.9648
4159,21.5466
4160,21.5418
4161,18.6138
4162,30.8316
4163,17.8168
4164,19.4719
4165,24.7891
4166,42.7167
4167,24.3297
4168,49.7079
4169,42.1185
4170,44.7147
4171,36.7525
4172,28.2748
4173,23.1309
4174,22.8584
4175,28.5857
4176,33.3593
4177,32.9382
4178,34.9350
4179,32.5356
4180,36.2349
4181,31.9777
4182,34.6198
4183,33.6897
4184,26.7107
4185,28.5811
4186,26.5274
4187,26.3057
4188,19.3233
4189,28.9598
4190,30.7901
4191,37.1888
4192,33.3638
4193,28.4824
4194,38.8522
4195,43.9498
4196,39.9814
4197,26.9587
4198,35.0308
4199,28.2214
4200,30.1096
4201,39.4452
4202,40.0388
4203,27.3290
4204,28.5759
4205,27.5214
4206,45.8152
4207,40.1926
4208,26.3150
4209,28.7755
4210,32.3908
4211,25.3887
4212,30.3404
4213,31.7535
4214,29.2737
4215,28.4860
4216,28.1692
4217,29.6338
4218,31.2490
4219,35.5356
4220,35.0018
4221,34.4718
4222,36.5546
4223,33.6473
4224,30.1595
4225,33.4122
4226,37.1275
4227,39.7718
4228,38.6715
4229,38.0685
4230,33.9487
4231,31.7640
4232,42.3300
4233,37.2298
4234,37.5230
4235,29.2544
4236,20.6847
4237,23.8273
4238,21.4596
4239,32.8658
4240,24.9879
4241,28.9893
4242,45.8724
4243,37.5416
4244,35.6584
4245,33.7579
4246,42.1059
4247,154.2017
4248,156.0941
4249,42.4976
4250,30.2997
4251,43.2093
4252,46.4876
4253,49.0131
4254,36.2806
4255,26.1478
4256,44.1916
4257,45.6481
4258,28.9304
4259,34.8866
4260,23.0827
4261,27.8838
4262,21.8549
4263,25.8050
4264,25.7251
4265,38.3162
4266,42.9728
4267,38.8241
4268,32.0683
4269,32.4967
4270,37.7762
4271,30.9668
4272,36.5305
4273,36.6006
4274,35.7504
4275,30.6571
4276,29.8605
4277,32.8052
4278,25.2674
4279,35.2936
4280,39.5932
4281,30.8981
4282,34.7054
4283,30.9856
4284,27.9331
4285,29.2492
4286,27.8094
4287,30.8266
4288,32.7516
4289,43.2537
4290,40.4134
4291,30.4525
4292,25.3630
4293,24.0483
4294,30.5560
4295,27.5488
4296,40.3500
4297,33.4053
4298,31.2526
4299,43.9930
4300,37.5028
4301,31.1837
4302,31.2183
4303,24.9333
4304,27.1161
4305,41.5483
4306,42.7172
4307,33.6359
4308,28.6179
4309,48.6639
4310,40.3371
4311,33.1199
4312,25.9027
4313,38.3358
4314,29.0091
4315,28.3594
4316,30.4418
4317,38.1031
4318,37.7517
4319,42.3150
4320,37.5960
4321,38.7530
4322,28.5068
4323,27.5993
4324,26.9532
4325,23.3283
4326,30.9560
4327,35.6581
4328,35.3847
4329,37.1995
4330,42.6390
4331,37.9305
4332,29.3152
4333,29.5918
4334,29.1011
4335,32.4230
4336,27.9284
4337,36.9439
4338,39.1071
4339,37.5242
4340,31.7092
4341,37.8339
4342,33.9468
4343,35.2280
4344,43.1981
4345,40.9379
4346,39.5081
4347,32.1410
4348,34.1647
4349,37.8473
4350,32.4657
4351,32.1686
4352,30.7548
4353,37.3797
4354,33.1588
4355,34.0412
4356,27.8025
4357,40.0097
4358,33.7121
4359,34.2770
4360,33.0534
4361,33.0629
4362,31.6582
4363,32.5546
4364,29.3045
4365,24.9250
4366,25.0444
4367,32.5265
4368,35.4578
4369,30.5483
4370,28.6107
4371,32.1679
4372,35.2614
4373,27.2617
4374,26.0046
4375,27.4131
4376,30.1139
4377,37.1041
4378,31.0893
4379,41.5931
4380,31.6753
4381,37.0877
4382,40.5715
4383,35.6376
4384,40.4239
4385,34.1978
4386,32.9189
4387,34.3182
4388,37.8416
4389,30.1468
4390,34.5318
4391,22.7342
4392,29.9194
4393,33.0033
4394,34.2824
4395,22.2738
4396,32.3594
4397,39.8602
4398,34.3428
4399,28.1327
4400,35.1532
4401,33.2711
4402,34.2698
4403,33.1066
4404,40.2133
4405,28.1689
4406,38.1892
4407,44.6794
4408,31.4353
4409,30.6373
4410,46.6290
4411,37.7653
4412,35.6264
4413,32.7466
4414,35.1493
4415,45.6693
4416,34.7128
4417,28.3980
4418,52.4220
4419,49.6380
4420,41.6508
4421,40.2019
4422,30.4456
4423,33.8120
4424,27.5176
4425,29.1877
4426,41.1415
4427,36.8195
4428,38.8575
4429,31.7338
4430,27.8490
4431,27.5340
4432,23.9801
4433,28.3101
4434,33.5157
4435,39.6092
4436,26.7286
4437,33.8724
4438,39.8011
4439,54.7435
4440,47.7514
4441,36.0229
4442,32.7837
4443,36.7591
4444,30.7217
4445,35.7642
4446,38.1272
4447,55.4469
4448,43.2260
4449,39.9737
4450,35.4142
4451,43.7150
4452,47.3721
4453,33.0732
4454,19.4736
4455,27.2367
4456,26.5737
4457,25.6240
4458,25.4416
4459,27.5800
4460,31.4879
4461,24.1091
4462,27.3821
4463,29.3856
4464,31.6217
4465,39.3023
4466,37.8997
4467,37.0328
4468,26.5350
4469,34.8122
4470,35.1615
4471,40.7772
4472,38.5284
4473,32.9089
4474,31.8861
4475,40.6773
4476,40.7596
4477,43.0419
4478,40.9088
4479,37.2894
4480,36.4168
4481,25.2278
4482,27.9987
4483,27.8130
4484,35.3754
4485,42.2077
4486,50.2422
4487,49.6025
4488,37.0431
4489,36.0124
4490,30.3845
4491,26.1874
4492,23.0975
4493,27.6461
4494,30.8266
4495,26.7220
4496,28.2934
4497,31.4088
4498,28.6281
4499,35.1319
4500,34.4098
4501,31.2076
4502,33.1056
4503,34.1280
4504,35.1067
4505,43.5581
4506,32.3298
4507,34.7919
4508,36.3836
4509,33.9620
4510,34.6375
4511,36.0236
4512,39.4351
4513,35.0695
4514,28.6024
4515,38.3236
4516,33.6387
4517,33.1872
4518,40.5622
4519,42.7208
4520,33.7179
4521,46.3026
4522,48.5086
4523,38.9178
4524,44.7705
4525,27.8063
4526,25.1105
4527,27.4997
4528,33.0048
4529,31.7936
4530,34.7042
4531,23.1040
4532,29.3570
4533,27.2789
4534,28.4128
4535,30.7019
4536,27.8802
4537,28.8060
4538,28.9948
4539,37.9052
4540,43.3590
4541,40.7350
4542,28.9097
4543,31.0714
4544,40.6799
4545,40.8292
4546,38.8031
4547,26.0515
4548,37.9753
4549,37.2765
4550,31.2097
4551,27.1311
4552,36.1068
4553,33.9844
4554,32.8424
4555,31.7779
4556,35.3844
4557,35.2478
4558,28.7638
4559,22.9635
4560,22.8877
4561,31.5785
4562,35.7904
4563,52.0844
4564,28.2779
4565,29.8510
4566,32.2218
4567,29.8417
4568,32.8958
4569,30.7248
4570,27.3910
4571,27.3595
4572,37.0460
4573,42.0048
4574,45.8708
4575,28.6608
4576,27.9410
4577,31.3394
4578,45.0389
4579,36.7277
4580,39.0198
4581,31.3690
4582,33.5045
4583,26.5298
4584,23.2394
4585,19.9249
4586,19.9971
4587,25.3758
4588,28.0092
4589,35.2616
4590,39.6714
4591,31.6372
4592,35.4862
4593,35.0339
4594,41.9416
4595,53.9994
4596,39.7253
4597,45.1694
4598,39.0534
4599,32.2742
4600,33.3626
4601,28.8999
4602,26.3197
4603,31.7039
4604,26.9356
4605,32.7296
4606,37.1113
4607,33.7980
4608,30.7662
4609,30.0076
4610,27.7293
4611,32.2487
4612,42.3608
4613,34.4229
4614,26.9771
4615,29.0778
4616,32.0253
4617,37.4496
4618,39.6256
4619,36.2117
4620,31.6417
4621,31.4941
4622,27.7724
4623,29.4735
4624,39.6929
4625,26.0894
4626,23.5901
4627,32.5692
4628,22.8550
4629,30.7858
4630,34.1299
4631,35.4674
4632,29.6113
4633,33.0160
4634,32.8622
4635,25.9995
4636,33.4101
4637,35.6319
4638,26.7875
4639,32.3300
4640,31.9662
4641,27.2646
4642,27.0188
4643,29.2232
4644,30.3504
4645,27.2162
4646,31.4233
4647,23.2863
4648,32.7339
4649,32.1038
4650,32.1352
4651,36.1190
4652,26.7074
4653,21.8258
4654,28.9912
4655,28.9698
4656,23.8397
4657,33.1047
4658,27.9326
4659,33.9601
4660,41.6131
4661,32.4039
4662,33.8719
4663,46.2523
4664,27.7715
4665,29.3581
4666,29.9461
4667,26.2597
4668,37.6189
4669,35.4609
4670,26.2747
4671,54.3618
4672,54.3787
4673,32.2785
4674,42.4194
4675,38.4862
4676,49.0186
4677,41.8961
4678,32.0225
4679,23.6535
4680,23.8025
4681,28.8475
4682,40.3581
4683,40.8039
4684,39.3417
4685,38.7692
4686,32.4326
4687,34.4288
4688,29.5784
4689,44.3156
4690,30.1969
4691,40.8294
4692,44.1737
4693,38.9597
4694,33.6459
4695,35.4741
4696,31.2202
4697,33.9739
4698,33.7253
4699,33.3791
4700,25.8517
4701,23.9439
4702,25.0401
4703,25.4335
4704,29.2373
4705,35.7373
4706,38.9466
4707,38.8565
4708,40.9191
4709,40.8385
4710,32.6879
4711,32.8486
4712,27.6544
4713,35.6574
4714,37.3995
4715,34.0478
4716,31.2915
4717,30.8976
4718,35.3048
4719,28.2135
4720,34.9789
4721,27.8082
4722,28.6374
4723,29.2814
4724,26.1374
4725,33.9620
4726,33.3660
4727,33.2859
4728,32.2542
4729,33.4797
4730,38.0170
4731,42.4571
4732,38.6982
4733,141.3798
4734,47.4792
4735,46.4857
4736,46.6549
4737,46.5646
4738,35.6383
4739,39.9814
4740,39.2566
4741,36.6421
4742,39.5453
4743,32.9640
4744,31.6381
4745,35.9287
4746,33.6452
4747,29.5594
4748,37.7316
4749,36.8807
4750,37.1349
4751,32.3496
4752,48.4734
4753,36.3255
4754,23.4623
4755,31.7597
4756,32.8660
4757,26.4907
4758,29.3694
4759,39.5243
4760,28.4052
4761,37.4420
4762,30.9820
4763,45.6345
4764,49.6755
4765,36.2089
4766,45.6281
4767,29.1080
4768,31.0752
4769,33.6363
4770,44.7614
4771,33.8597
4772,30.9656
4773,32.5155
4774,33.2420
4775,138.1202
4776,144.6369
4777,33.1912
4778,33.7064
4779,28.0201
4780,29.0084
4781,29.6996
4782,31.3327
4783,33.0656
4784,44.4465
4785,40.1454
4786,35.0077
4787,40.3104
4788,37.1566
4789,31.0855
4790,39.3138
4791,45.6226
4792,43.2217
4793,37.2298
4794,27.9434
4795,36.2504
4796,34.9717
4797,33.0424
4798,30.5734
4799,35.4354
4800,30.2343
4801,33.6983
4802,37.2992
4803,44.4996
4804,50.7863
4805,46.8323
4806,37.6225
4807,26.5386
4808,26.3348
4809,27.4177
4810,33.9961
4811,22.4845
4812,21.0555
4813,21.5662
4814,19.9194
4815,19.0673
4816,24.5287
4817,27.7977
4818,36.0539
4819,35.3951
4820,29.3458
4821,34.0066
4822,33.6585
4823,38.9895
4824,36.8912
4825,34.2634
4826,31.2853
4827,29.3348
4828,30.8042
4829,24.3497
4830,33.6452
4831,20.6697
4832,33.7846
4833,28.1827
4834,20.5371
4835,33.1013
4836,38.8470
4837,38.1234
4838,36.6755
4839,29.7246
4840,35.1315
4841,38.0883
4842,26.8064
4843,41.3079
4844,45.7568
4845,31.6765
4846,31.9786
4847,32.3894
4848,44.2953
4849,27.3321
4850,26.9299
4851,22.2943
4852,25.6531
4853,27.2264
4854,36.3786
4855,34.7388
4856,23.9873
4857,29.4361
4858,42.1958
4859,36.8390
4860,25.5523
4861,29.7728
4862,37.3807
4863,38.6171
4864,38.0275
4865,39.0246
4866,41.5502
4867,141.2084
4868,33.5040
4869,41.6160
4870,52.9706
4871,42.3596
4872,46.8397
4873,59.2980
4874,45.3653
4875,22.6369
4876,29.7687
4877,37.0703
4878,42.2249
4879,34.4422
4880,29.6719
4881,35.2404
4882,30.8926
4883,28.4674
4884,34.0593
4885,37.9689
4886,31.7459
4887,34.6637
4888,33.7553
4889,28.4793
4890,42.1929
4891,31.8134
4892,33.7448
4893,39.1350
4894,34.4501
4895,28.4936
4896,36.7703
4897,40.7801
4898,30.2799
4899,39.4273
4900,29.7103
4901,22.1596
4902,27.8325
4903,136.7164
4904,49.3927
4905,43.4206
4906,38.1701
4907,35.6402
4908,25.0392
4909,25.6052
4910,37.6678
4911,26.4313
4912,30.3066
4913,28.8451
4914,33.2766
4915,31.6586
4916,32.0346
4917,28.6918
4918,27.3767
4919,44.5957
4920,38.9757
4921,35.4762
4922,32.7373
4923,31.6484
4924,33.2639
4925,35.7754
4926,27.7405
4927,37.9965
4928,42.5785
4929,41.9538
4930,36.7057
4931,37.5717
4932,43.3888
4933,36.3858
4934,21.0159
4935,31.2643
4936,41.6057
4937,28.8286
4938,34.5271
4939,31.9741
4940,35.5759
4941,42.6040
4942,33.5546
4943,33.3524
4944,32.6815
4945,33.8507
4946,35.1067
4947,30.4539
4948,30.1795
4949,28.7998
4950,22.8262
4951,29.8836
4952,23.7858
4953,26.1109
4954,26.0916
4955,26.8900
4956,29.0775
4957,26.4332
4958,31.3716
4959,168.5679
4960,26.7937
4961,27.5574
4962,24.3604
4963,30.1285
4964,32.4833
4965,36.4101
4966,41.0247
4967,35.7425
4968,37.2565
4969,28.6062
4970,36.4540
4971,31.1651
4972,31.8668
4973,26.5989
4974,27.3652
4975,41.2548
4976,37.0879
4977,36.1106
4978,27.5311
4979,27.0431
4980,37.6234
4981,30.3898
4982,34.7860
4983,31.2102
4984,33.3195
4985,32.4173
4986,28.5432
4987,34.0083
4988,21.8964
4989,31.9581
4990,36.4487
4991,33.8538
4992,34.7815
4993,29.1352
4994,28.9814
4995,31.5073
4996,37.1971
4997,37.7162
4998,31.7764
4999,29.4654
5000,35.8407
5001,39.2551
5002,25.4030
5003,26.8645
5004,31.7619
5005,32.7363
5006,31.6427
5007,32.0313
5008,31.4205
5009,31.7087
5010,38.2938
5011,42.1441
5012,40.4048
5013,43.9939
5014,38.9376
5015,51.8162
5016,37.9992
5017,21.9650
5018,19.5215
5019,25.0375
5020,25.3358
5021,22.4135
5022,27.3702
5023,24.7278
5024,26.7384
5025,28.4712
5026,28.7538
5027,27.3938
5028,28.4038
5029,30.4615
5030,33.5565
5031,28.5935
5032,35.8512
5033,39.5229
5034,44.4381
5035,36.6530
5036,37.0774
5037,42.6207
5038,38.3329
5039,28.0788
5040,30.8390
5041,30.3032
5042,32.6021
5043,26.9423
5044,34.3974
5045,28.1925
5046,31.6880
5047,35.3260
5048,37.6172
5049,28.2466
5050,24.5028
5051,24.1117
5052,22.2962
5053,28.0476
5054,32.1841
5055,35.2390
5056,37.0982
5057,32.3277
5058,26.2632
5059,31.0245
5060,33.1671
5061,33.8705
5062,24.9023
5063,36.3050
5064,24.7650
5065,36.9930
5066,36.2744
5067,23.1864
5068,21.1921
5069,25.4393
5070,21.0114
5071,24.3492
5072,23.4854
5073,20.9963
5074,19.6168
5075,21.0521
5076,23.2115
5077,31.4026
5078,32.1817
5079,37.6048
5080,34.5950
5081,36.9194
5082,35.3272
5083,39.6979
5084,42.2554
5085,34.2629
5086,31.9319
5087,26.3824
5088,52.4240
5089,35.7528
5090,43.2336
5091,48.1610
5092,41.0435
5093,33.1070
5094,42.4051
5095,31.1041
5096,36.4034
5097,36.4914
5098,43.7753
5099,28.9230
5100,28.3523
5101,33.1297
5102,34.0900
5103,38.5289
5104,32.9013
5105,48.6524
5106,33.6585
5107,38.4226
5108,31.3170
5109,28.4512
5110,34.0261
5111,32.1331
5112,32.5973
5113,41.1460
5114,27.7362
5115,29.1266
5116,23.5729
5117,31.3911
5118,33.0338
5119,37.3669
5120,32.2483
5121,46.0484
5122,39.1273
5123,25.8882
5124,23.6166
5125,27.9422
5126,27.3945
5127,29.8743
5128,37.6711
5129,30.8506
5130,33.4482
5131,35.1338
5132,38.2218
5133,40.6086
5134,40.8976
5135,41.4722
5136,39.8421
5137,37.5137
5138,30.8418
5139,33.6804
5140,32.2726
5141,37.4990
5142,38.3148
5143,31.3265
5144,24.0080
5145,29.2625
5146,30.1776
5147,29.7389
5148,27.6103
5149,28.6283
5150,24.7488
5151,27.5509
5152,26.5124
5153,33.3838
5154,28.6212
5155,27.5342
5156,37.0307
5157,40.0321
5158,48.1677
5159,55.7325
5160,33.3457
5161,43.4411
5162,44.8568
5163,43.5150
5164,41.5647
5165,37.2012
5166,27.7653
5167,41.7831
5168,30.7684
5169,30.7317
5170,36.6216
5171,30.5550
5172,39.0711
5173,28.8169
5174,40.5061
5175,25.4896
5176,26.1831
5177,33.9084
5178,29.7916
5179,32.1953
5180,31.5146
5181,28.3670
5182,29.7556
5183,38.1920
5184,46.5457
5185,44.2371
5186,27.1575
5187,34.9731
5188,35.2931
5189,39.7921
5190,34.7300
5191,26.9585
5192,31.3478
5193,38.5194
5194,35.4903
5195,39.2823
5196,18.0366
5197,33.6220
5198,25.5709
5199,38.2824
5200,27.7338
5201,30.8478
5202,37.3960
5203,27.4439
5204,28.0955
5205,25.3356
5206,24.7180
5207,26.0386
5208,24.7316
5209,23.5975
5210,29.2611
5211,32.0570
5212,29.8595
5213,31.7135
5214,31.1401
5215,35.2209
5216,36.7970
5217,31.5294
5218,29.9015
5219,38.2533
5220,32.4042
5221,21.3263
5222,30.2811
5223,38.4903
5224,29.9423
5225,25.9507
5226,41.6505
5227,34.7507
5228,36.0894
5229,27.4177
5230,36.2706
5231,29.7637
5232,17.6950
5233,23.2618
5234,35.3444
5235,31.2154
5236,31.6906
5237,22.4884
5238,27.4215
5239,38.4119
5240,31.9872
5241,21.7328
5242,26.5470
5243,38.2216
5244,39.3436
5245,38.7170
5246,36.3533
5247,43.6144
5248,33.1776
5249,37.8220
5250,41.0037
5251,32.5291
5252,27.7774
5253,27.2789
5254,31.3580
5255,26.8373
5256,26.6631
5257,33.9527
5258,26.5136
5259,30.1018
5260,28.8792
5261,31.7545
5262,40.9021
5263,36.3758
5264,32.8171
5265,35.4235
5266,30.1192
5267,32.0187
5268,23.3932
5269,26.6593
5270,27.1654
5271,33.5772
5272,35.7089
5273,40.1947
5274,35.4180
5275,19.6173
5276,40.1778
5277,37.8628
5278,31.2698
5279,28.7409
5280,26.4132
5281,20.3640
5282,34.3320
5283,27.7905
5284,36.2122
5285,30.6761
5286,24.7734
5287,27.4785
5288,28.8937
5289,39.3586
5290,37.8067
5291,36.3557
5292,32.8639
5293,35.5587
5294,34.4176
5295,38.6465
5296,40.7550
5297,38.2304
5298,36.1829
5299,28.7073
5300,31.6677
5301,35.6560
5302,33.3455
5303,32.7792
5304,34.4405
5305,50.3721
5306,65.2778
5307,47.7426
5308,42.1326
5309,37.6155
5310,35.0897
5311,44.1792
5312,49.1955
5313,37.1604
5314,36.7248
5315,33.5503
5316,32.7055
5317,29.0775
5318,28.4047
5319,33.6199
5320,37.3621
5321,36.0186
5322,27.1249
5323,30.0291
5324,38.0077
5325,38.4216
5326,31.3706
5327,28.6567
5328,41.5933
5329,35.2688
5330,44.6053
5331,26.3829
5332,30.5619
5333,32.9838
5334,32.5859
5335,34.9765
5336,30.5429
5337,26.4125
5338,37.7665
5339,33.5896
5340,29.7630
5341,34.0247
5342,33.9823
5343,30.9916
5344,36.6201
5345,26.7332
5346,31.5430
5347,32.0616
5348,32.4528
5349,30.2811
5350,22.6684
5351,22.4342
5352,26.8376
5353,37.1599
5354,46.1879
5355,39.0015
5356,35.6460
5357,36.6111
5358,27.1559
5359,31.8003
5360,36.2401
5361,34.9565
5362,31.0674
5363,28.1219
5364,30.0708
5365,32.9943
5366,38.7518
5367,35.8825
5368,43.9093
5369,36.0637
5370,23.6623
5371,37.1716
5372,38.9633
5373,25.9826
5374,33.1016
5375,30.4394
5376,33.4299
5377,27.3921
5378,34.5294
5379,32.0518
5380,54.1496
5381,35.6984
5382,25.9850
5383,36.4730
5384,38.2142
5385,41.7821
5386,38.8606
5387,35.3038
5388,35.6166
5389,38.5926
5390,33.3602
5391,35.7289
5392,35.2390
5393,34.9841
5394,33.0973
5395,30.4556
5396,35.2509
5397,33.5021
5398,30.0002
5399,27.4687
5400,26.4940
5401,43.7479
5402,37.4329
5403,40.6072
5404,39.5842
5405,32.5880
5406,27.3991
5407,32.5270
5408,30.5941
5409,31.6014
5410,36.1207
5411,43.7696
5412,32.4290
5413,30.9653
5414,34.0829
5415,31.5075
5416,36.4034
5417,37.3921
5418,43.3266
5419,41.2321
5420,39.8550
5421,42.5463
5422,33.1960
5423,35.3794
5424,39.8915
5425,38.9884
5426,33.1290
5427,33.3433
5428,25.8124
5429,28.9936
5430,33.1933
5431,32.8348
5432,29.8491
5433,32.0642
5434,32.5069
5435,32.5458
5436,34.5774
5437,26.7334
5438,27.4067
5439,26.8538
5440,33.9882
5441,26.6972
5442,26.5431
5443,30.4351
5444,35.9361
5445,34.9636
5446,42.3553
5447,36.5193
5448,44.8213
5449,39.5045
5450,40.7164
5451,39.6819
5452,42.1419
5453,39.4795
5454,36.0591
5455,29.6898
5456,33.5610
5457,39.9058
5458,31.1589
5459,36.8705
5460,40.8049
5461,38.7526
5462,35.2776
5463,23.5651
5464,24.1728
5465,25.1267
5466,28.1749
5467,32.6629
5468,37.9038
5469,40.7486
5470,44.7454
5471,34.0943
5472,24.2572
5473,23.6185
5474,29.0461
5475,27.7135
5476,32.9950
5477,29.7039
5478,32.1319
5479,32.5184
5480,34.5056
5481,24.5419
5482,32.4168
5483,42.9144
5484,40.2427
5485,46.7496
5486,35.9581
5487,33.8228
5488,38.0144
5489,20.9374
5490,42.6018
5491,34.7090
5492,27.7350
5493,32.6912
5494,36.9036
5495,34.2267
5496,35.1975
5497,30.5920
5498,41.1222
5499,45.3720
5500,40.8957
5501,35.9261
5502,36.7057
5503,36.5989
5504,26.2480
5505,28.1501
5506,25.0394
5507,30.3533
5508,35.1703
5509,34.2824
5510,29.2485
5511,41.8117
5512,35.9554
5513,37.0216
5514,36.9635
5515,28.3563
5516,30.0503
5517,39.7975
5518,41.8811
5519,35.5363
5520,46.7477
5521,44.7690
5522,50.8201
5523,38.5177
5524,47.2229
5525,50.0586
5526,38.6341
5527,42.6049
5528,35.8610
5529,35.3947
5530,34.5678
5531,24.9531
5532,38.8098
5533,31.0135
5534,29.8939
5535,31.9068
5536,25.3372
5537,23.9911
5538,50.5738
5539,29.0620
5540,33.6607
5541,53.0350
5542,41.4162
5543,35.9273
5544,37.1091
5545,34.8887
5546,28.5528
5547,36.0186
5548,35.7869
5549,27.9334
5550,37.1470
