cenario,qos,retain,t_flow_ms
p4sn,3,0,0.0565
p4sn,3,0,0.0535
p4sn,3,0,0.0569
p4sn,3,0,0.0811
p4sn,3,0,0.0514
p4sn,3,0,0.0542
p4sn,3,0,0.0533
p4sn,3,0,0.0507
p4sn,3,0,0.0513
p4sn,3,0,0.0578
p4sn,3,0,0.0721
p4sn,3,0,0.0525
p4sn,3,0,0.0531
p4sn,3,0,0.0539
p4sn,3,0,0.0928
p4sn,3,0,0.0731
p4sn,3,0,0.0808
p4sn,3,0,0.0535
p4sn,3,0,0.0529
p4sn,3,0,0.0542
p4sn,3,0,0.1751
p4sn,3,0,0.0579
p4sn,3,0,0.0514
p4sn,3,0,0.0587
p4sn,3,0,0.059
p4sn,3,0,0.0573
p4sn,3,0,0.0588
p4sn,3,0,0.0506
p4sn,3,0,0.0601
p4sn,3,0,0.0488
p4sn,3,0,0.0567
p4sn,3,0,0.0575
p4sn,3,0,0.058
p4sn,3,0,0.0575
p4sn,3,0,0.0759
p4sn,3,0,0.0607
p4sn,3,0,0.0569
p4sn,3,0,0.058
p4sn,3,0,0.0598
p4sn,3,0,0.0607
p4sn,3,0,0.0558
p4sn,3,0,0.061
p4sn,3,0,0.0571
p4sn,3,0,0.0583
p4sn,3,0,0.06
p4sn,3,0,0.0575
p4sn,3,0,0.0575
p4sn,3,0,0.2776
p4sn,3,0,0.0586
p4sn,3,0,0.0573
p4sn,3,0,0.0595
p4sn,3,0,0.0563
p4sn,3,0,0.0734
p4sn,3,0,0.0607
p4sn,3,0,0.0595
p4sn,3,0,0.06
p4sn,3,0,0.0606
p4sn,3,0,0.0588
p4sn,3,0,0.058
p4sn,3,0,0.0564
p4sn,3,0,0.1209
p4sn,3,0,0.06
p4sn,3,0,0.1158
p4sn,3,0,0.0585
p4sn,3,0,0.1284
p4sn,3,0,0.0613
p4sn,3,0,0.0607
p4sn,3,0,0.0826
p4sn,3,0,0.0593
p4sn,3,0,0.0583
p4sn,3,0,0.0597
p4sn,3,0,0.063
p4sn,3,0,0.2414
p4sn,3,0,0.0613
p4sn,3,0,0.0615
p4sn,3,0,0.064
p4sn,3,0,0.0496
p4sn,3,0,0.0604
p4sn,3,0,0.0591
p4sn,3,0,0.0353
p4sn,3,0,0.0617
p4sn,3,0,0.0572
p4sn,3,0,0.0611
p4sn,3,0,0.0598
p4sn,3,0,0.0632
p4sn,3,0,0.0575
p4sn,3,0,0.0641
p4sn,3,0,0.0772
p4sn,3,0,0.06
p4sn,3,0,0.0539
p4sn,3,0,0.0681
p4sn,3,0,0.0605
p4sn,3,0,0.0602
p4sn,3,0,0.0607
p4sn,3,0,0.0602
p4sn,3,0,0.2571
p4sn,3,0,0.0596
p4sn,3,0,0.0609
p4sn,3,0,0.0575
p4sn,3,0,0.0602
p4sn,3,0,0.0584
p4sn,3,0,0.0686
p4sn,3,0,0.0799
p4sn,3,0,0.0509
p4sn,3,0,0.0622
p4sn,3,0,0.0813
p4sn,3,0,0.0592
p4sn,3,0,0.06
p4sn,3,0,0.0699
p4sn,3,0,0.0612
p4sn,3,0,0.0604
p4sn,3,0,0.0617
p4sn,3,0,0.0596
p4sn,3,0,0.062
p4sn,3,0,0.0593
p4sn,3,0,0.0604
p4sn,3,0,0.0596
p4sn,3,0,0.0613
p4sn,3,0,0.0706
p4sn,3,0,0.059
p4sn,3,0,0.0591
p4sn,3,0,0.0624
p4sn,3,0,0.0611
p4sn,3,0,0.0588
p4sn,3,0,0.0593
p4sn,0,0,9.199
p4sn,0,0,8.775
p4sn,0,0,9.6984
p4sn,0,0,9.4849
p4sn,0,0,10.454
p4sn,0,0,9.4849
p4sn,0,0,8.9699
p4sn,0,0,9.6625
p4sn,0,0,9.9969
p4sn,0,0,10.7976
p4sn,0,0,9.0027
p4sn,0,0,10.0635
p4sn,0,0,9.7795
p4sn,0,0,9.1728
p4sn,0,0,10.6788
p4sn,0,0,10.475
p4sn,0,0,10.9896
p4sn,0,0,11.5281
p4sn,0,0,10.4789
p4sn,0,0,9.9665
p4sn,0,0,9.5485
p4sn,0,0,80.6018
p4sn,0,0,9.4587
p4sn,0,0,10.2938
p4sn,0,0,9.4982
p4sn,0,0,9.6748
p4sn,0,0,8.9579
p4sn,0,0,10.5236
p4sn,0,0,10.1704
p4sn,0,0,9.8744
p4sn,0,0,9.2225
p4sn,0,0,9.8858
p4sn,0,0,10.9902
p4sn,0,0,10.628
p4sn,0,0,11.9199
p4sn,0,0,11.625
p4sn,0,0,9.3704
p4sn,0,0,10.2859
p4sn,0,0,9.5439
p4sn,0,0,9.5324
p4sn,0,0,10.2446
p4sn,0,0,9.9008
p4sn,0,0,9.5105
p4sn,0,0,8.838
p4sn,0,0,9.0634
p4sn,0,0,10.4412
p4sn,0,0,10.8051
p4sn,0,0,10.3774
p4sn,0,0,9.5255
p4sn,0,0,10.8409
p4sn,0,0,10.4591
p4sn,0,0,9.709
p4sn,0,0,9.8353
p4sn,0,0,9.4828
p4sn,0,0,10.7818
p4sn,0,0,10.9307
p4sn,0,0,11.5468
p4sn,0,0,9.1455
p4sn,0,0,8.7371
p4sn,0,0,9.819
p4sn,0,0,9.707
p4sn,0,0,10.7543
p4sn,0,0,9.9588
p4sn,0,0,9.1761
p4sn,0,0,9.7738
p4sn,0,0,9.1105
p4sn,0,0,9.7623
p4sn,0,0,11.7633
p4sn,0,0,9.9406
p4sn,0,0,9.6775
p4sn,0,0,10.9794
p4sn,0,0,9.896
p4sn,0,0,11.158
p4sn,0,0,33.9719
p4sn,0,0,10.5583
p4sn,0,0,8.6618
p4sn,0,0,8.9148
p4sn,0,0,15.3342
p4sn,0,0,8.8532
p4sn,0,0,10.4017
p4sn,0,0,9.7187
p4sn,0,0,9.7521
p4sn,0,0,9.8079
p4sn,0,0,9.1763
p4sn,0,0,32.6023
p4sn,0,0,10.9376
p4sn,0,0,8.8169
p4sn,0,0,10.2509
p4sn,0,0,9.9214
p4sn,0,0,15.9892
p4sn,0,0,8.5981
p4sn,0,0,9.1381
p4sn,0,0,15.9113
p4sn,0,0,9.3901
p4sn,0,0,25.4043
p4sn,0,0,12.3862
p4sn,0,0,8.6623
p4sn,0,0,8.5943
p4sn,0,0,8.7265
p4sn,0,0,8.8407
p4sn,0,0,9.9175
p4sn,0,0,10.0071
p4sn,0,0,9.5885
p4sn,0,0,8.8102
p4sn,0,0,10.3106
p4sn,0,0,16.4081
p4sn,0,0,8.9326
p4sn,0,0,9.9118
p4sn,0,0,9.6185
p4sn,0,0,9.2568
p4sn,0,0,9.0852
p4sn,0,0,8.6935
p4sn,0,0,8.8152
p4sn,0,0,8.8017
p4sn,0,0,9.3132
p4sn,0,0,10.0679
p4sn,0,0,9.3767
p4sn,0,0,9.7993
p4sn,0,0,9.4691
p4sn,0,0,9.0583
p4sn,0,0,9.2662
p4sn,0,0,9.3456
p4sn,0,0,9.4998
p4sn,0,0,9.2821
p4sn,0,0,9.2877
p4sn,1,0,17.2496
p4sn,1,0,13.2777
p4sn,1,0,12.4703
p4sn,1,0,12.5792
p4sn,1,0,13.2561
p4sn,1,0,13.191
p4sn,1,0,12.0967
p4sn,1,0,14.29
p4sn,1,0,13.7651
p4sn,1,0,14.5945
p4sn,1,0,14.1337
p4sn,1,0,14.2184
p4sn,1,0,11.849
p4sn,1,0,20.2633
p4sn,1,0,12.2572
p4sn,1,0,14.1645
p4sn,1,0,13.5029
p4sn,1,0,14.0762
p4sn,1,0,13.1706
p4sn,1,0,13.4378
p4sn,1,0,17.8711
p4sn,1,0,11.9618
p4sn,1,0,12.0198
p4sn,1,0,11.8078
p4sn,1,0,13.577
p4sn,1,0,12.494
p4sn,1,0,12.5243
p4sn,1,0,12.4581
p4sn,1,0,17.1615
p4sn,1,0,11.4082
p4sn,1,0,10.9872
p4sn,1,0,12.1565
p4sn,1,0,13.2095
p4sn,1,0,14.0435
p4sn,1,0,13.0179
p4sn,1,0,13.8555
p4sn,1,0,12.959
p4sn,1,0,11.8442
p4sn,1,0,16.4896
p4sn,1,0,13.2652
p4sn,1,0,12.4645
p4sn,1,0,12.2366
p4sn,1,0,13.704
p4sn,1,0,12.492
p4sn,1,0,13.1232
p4sn,1,0,13.1485
p4sn,1,0,14.7666
p4sn,1,0,13.3435
p4sn,1,0,12.7772
p4sn,1,0,13.5419
p4sn,1,0,14.5435
p4sn,1,0,15.8335
p4sn,1,0,13.4016
p4sn,1,0,16.3749
p4sn,1,0,12.595
p4sn,1,0,15.9334
p4sn,1,0,13.1876
p4sn,1,0,12.3494
p4sn,1,0,14.4457
p4sn,1,0,14.8403
p4sn,1,0,29.727
p4sn,1,0,13.7339
p4sn,1,0,14.2828
p4sn,1,0,12.7393
p4sn,1,0,11.9765
p4sn,1,0,16.0831
p4sn,1,0,13.1129
p4sn,1,0,13.9834
p4sn,1,0,13.1545
p4sn,1,0,12.4742
p4sn,1,0,12.3408
p4sn,1,0,13.6643
p4sn,1,0,12.7039
p4sn,1,0,12.5592
p4sn,1,0,12.6326
p4sn,1,0,13.0809
p4sn,1,0,11.9999
p4sn,1,0,12.7513
p4sn,1,0,12.6599
p4sn,1,0,17.9352
p4sn,1,0,12.6572
p4sn,1,0,16.0585
p4sn,1,0,11.1621
p4sn,1,0,14.2102
p4sn,1,0,14.2661
p4sn,1,0,13.1913
p4sn,1,0,13.6017
p4sn,1,0,17.2725
p4sn,1,0,14.1792
p4sn,1,0,35.6734
p4sn,1,0,14.7186
p4sn,1,0,12.8719
p4sn,1,0,13.098
p4sn,1,0,13.3027
p4sn,1,0,12.3577
p4sn,1,0,14.2602
p4sn,1,0,13.6626
p4sn,1,0,14.4035
p4sn,1,0,13.6501
p4sn,1,0,14.8459
p4sn,1,0,12.8277
p4sn,1,0,13.0709
p4sn,1,0,11.9925
p4sn,1,0,14.1316
p4sn,1,0,12.3772
p4sn,1,0,12.5949
p4sn,1,0,12.8568
p4sn,1,0,13.0877
p4sn,1,0,15.2592
p4sn,1,0,12.602
p4sn,1,0,13.5114
p4sn,1,0,13.4206
p4sn,1,0,12.7833
p4sn,1,0,12.4812
p4sn,1,0,12.3274
p4sn,1,0,13.5259
p4sn,1,0,15.7408
p4sn,1,0,12.0941
p4sn,1,0,13.0914
p4sn,1,0,11.2729
p4sn,1,0,12.9
p4sn,1,0,11.9376
p4sn,1,0,13.259
p4sn,1,0,14.2695
p4sn,1,0,20.6489
p4sn,2,0,17.9009
p4sn,2,0,16.9685
p4sn,2,0,18.5497
p4sn,2,0,16.5893
p4sn,2,0,32.8684
p4sn,2,0,18.3677
p4sn,2,0,16.4683
p4sn,2,0,16.8138
p4sn,2,0,17.6986
p4sn,2,0,17.3701
p4sn,2,0,15.722
p4sn,2,0,17.7308
p4sn,2,0,17.8752
p4sn,2,0,17.7456
p4sn,2,0,18.1669
p4sn,2,0,21.508
p4sn,2,0,18.886
p4sn,2,0,17.7236
p4sn,2,0,18.1983
p4sn,2,0,17.9034
p4sn,2,0,16.6665
p4sn,2,0,17.3735
p4sn,2,0,17.246
p4sn,2,0,19.0769
p4sn,2,0,20.7622
p4sn,2,0,19.1662
p4sn,2,0,19.0584
p4sn,2,0,15.645
p4sn,2,0,108.294
p4sn,2,0,16.1071
p4sn,2,0,19.301
p4sn,2,0,18.8734
p4sn,2,0,20.7672
p4sn,2,0,15.7865
p4sn,2,0,18.2098
p4sn,2,0,17.9071
p4sn,2,0,16.9596
p4sn,2,0,19.8005
p4sn,2,0,20.814
p4sn,2,0,18.2092
p4sn,2,0,17.1989
p4sn,2,0,16.766
p4sn,2,0,17.1437
p4sn,2,0,20.1213
p4sn,2,0,18.6413
p4sn,2,0,20.0665
p4sn,2,0,18.3277
p4sn,2,0,18.444
p4sn,2,0,17.3617
p4sn,2,0,17.2549
p4sn,2,0,17.8075
p4sn,2,0,16.6603
p4sn,2,0,22.4315
p4sn,2,0,19.8993
p4sn,2,0,33.3321
p4sn,2,0,16.8102
p4sn,2,0,17.9508
p4sn,2,0,17.1028
p4sn,2,0,17.4811
p4sn,2,0,17.2801
p4sn,2,0,15.5513
p4sn,2,0,16.4659
p4sn,2,0,16.0795
p4sn,2,0,17.0933
p4sn,2,0,26.9289
p4sn,2,0,15.7941
p4sn,2,0,19.2448
p4sn,2,0,15.7415
p4sn,2,0,16.8775
p4sn,2,0,17.7747
p4sn,2,0,19.3749
p4sn,2,0,21.5795
p4sn,2,0,16.5594
p4sn,2,0,17.3842
p4sn,2,0,18.1793
p4sn,2,0,15.9635
p4sn,2,0,18.0701
p4sn,2,0,18.5395
p4sn,2,0,16.1504
p4sn,2,0,14.4848
p4sn,2,0,16.8258
p4sn,2,0,15.9549
p4sn,2,0,18.3269
p4sn,2,0,17.0179
p4sn,2,0,16.1043
p4sn,2,0,18.3305
p4sn,2,0,16.4775
p4sn,2,0,18.9362
p4sn,2,0,15.6122
p4sn,2,0,15.8532
p4sn,2,0,17.8442
p4sn,2,0,17.173
p4sn,2,0,19.2926
p4sn,2,0,16.9548
p4sn,2,0,17.3022
p4sn,2,0,16.8625
p4sn,2,0,20.182
p4sn,2,0,17.0957
p4sn,2,0,19.6141
p4sn,2,0,18.2723
p4sn,2,0,19.1678
p4sn,2,0,18.6436
p4sn,2,0,17.7602
p4sn,2,0,17.512
p4sn,2,0,19.3408
p4sn,2,0,17.4296
p4sn,2,0,17.9042
p4sn,2,0,17.5651
p4sn,2,0,18.6297
p4sn,2,0,18.8397
p4sn,2,0,18.9637
p4sn,2,0,18.6752
p4sn,2,0,45.847
p4sn,2,0,17.8565
p4sn,2,0,16.694
p4sn,2,0,19.0862
p4sn,2,0,17.2886
p4sn,2,0,18.8404
p4sn,2,0,16.4356
p4sn,2,0,20.9932
p4sn,2,0,19.5548
p4sn,2,0,20.204
p4sn,2,0,17.0483
p4sn,2,0,17.3398
p4sn,2,0,17.277
